compilation time,cycles,lut utilization,FF utilization,BRAM utilization,DSP utilization,URAM utilization,__PARA__L0,__PARA__L1,__PARA__L2,__PARA__L3,__PARA__L4,__PARA__L5,__PARA__L6,__PARA__L7,__PARA__L8,__PIPE__L0,__PIPE__L1,__PIPE__L2,__PIPE__L3,__PIPE__L4,__PIPE__L5,__TILE__L0,__TILE__L1,__TILE__L2,__TILE__L3,__TILE__L4,__TILE__L5
04min 17sec,2824203 (11.297ms),17717 (1%),12608 (~0%),126 (2%),22 (~0%),8 (~0%),1.0,1.0,1.0,1.0,1.0,1.0,1.0,1.0,1.0,off,off,off,off,off,off,1.0,1.0,1.0,1.0,1.0,1.0
04min 57sec,2214162 (8.857ms),91205 (7%),76267 (3%),110 (2%),462 (6%),48 (5%),40.0,1.0,1.0,1.0,1.0,1.0,1.0,1.0,1.0,off,off,off,off,off,off,1.0,1.0,1.0,1.0,1.0,1.0
06min 35sec,2202062 (9.411ms),176286 (14%),227662 (9%),902 (20%),902 (13%),8 (~0%),40.0,1.0,1.0,1.0,1.0,1.0,10.0,1.0,1.0,off,off,off,off,off,off,1.0,1.0,1.0,1.0,1.0,1.0
04min 45sec,2793804 (11.175ms),93222 (7%),77871 (3%),122 (2%),474 (6%),48 (5%),40.0,10.0,1.0,1.0,1.0,1.0,1.0,1.0,1.0,off,off,off,off,off,off,1.0,1.0,1.0,1.0,1.0,1.0
05min 20sec,2958587 (11.834ms),92388 (7%),77586 (3%),134 (3%),473 (6%),46 (4%),40.0,1.0,20.0,1.0,1.0,1.0,1.0,1.0,1.0,off,off,off,off,off,off,1.0,1.0,1.0,1.0,1.0,1.0
05min 32sec,1481299 (5.925ms),154837 (13%),138772 (5%),102 (2%),994 (14%),46 (4%),40.0,1.0,1.0,1.0,1.0,1.0,1.0,1.0,50.0,off,off,off,off,off,off,1.0,1.0,1.0,1.0,1.0,1.0
05min 26sec,284299 (1.137ms),158383 (13%),143125 (6%),182 (4%),994 (14%),44 (4%),40.0,1.0,1.0,1.0,1.0,1.0,1.0,16.0,50.0,off,off,off,off,off,off,1.0,1.0,1.0,1.0,1.0,1.0
31min 44sec,271449 (1.16ms),608693 (51%),913882 (38%),2574 (59%),3194 (46%),4 (~0%),40.0,1.0,1.0,1.0,1.0,1.0,30.0,16.0,50.0,off,off,off,off,off,off,1.0,1.0,1.0,1.0,1.0,1.0
16min 48sec,286838 (1.147ms),160895 (13%),146851 (6%),206 (4%),1038 (15%),42 (4%),40.0,1.0,20.0,1.0,1.0,1.0,1.0,16.0,50.0,off,off,off,off,off,off,1.0,1.0,1.0,1.0,1.0,1.0
05min 43sec,286838 (1.147ms),160895 (13%),146851 (6%),206 (4%),1038 (15%),42 (4%),40.0,1.0,20.0,1.0,1.0,1.0,1.0,16.0,50.0,off,off,off,off,off,flatten,1.0,1.0,1.0,1.0,1.0,1.0
06min 10sec,286838 (1.147ms),160895 (13%),146851 (6%),206 (4%),1038 (15%),42 (4%),40.0,1.0,20.0,1.0,1.0,1.0,1.0,16.0,50.0,off,off,off,off,off,flatten,1.0,1.0,1.0,1.0,1.0,1.0
05min 40sec,383108 (1.532ms),156946 (13%),147645 (6%),218 (5%),1041 (15%),42 (4%),40.0,10.0,20.0,1.0,1.0,1.0,1.0,16.0,50.0,off,off,off,off,off,flatten,1.0,1.0,1.0,1.0,1.0,1.0
05min 35sec,383108 (1.532ms),156946 (13%),147645 (6%),218 (5%),1041 (15%),42 (4%),40.0,10.0,20.0,1.0,1.0,1.0,1.0,16.0,50.0,off,off,off,off,off,off,1.0,1.0,1.0,1.0,1.0,1.0
04min 02sec,2824203 (11.297ms),17717 (1%),12608 (~0%),126 (2%),22 (~0%),8 (~0%),1.0,1.0,1.0,1.0,1.0,1.0,1.0,1.0,1.0,off,off,off,off,off,off,1.0,1.0,1.0,1.0,1.0,1.0
04min 08sec,2823953 (11.296ms),17717 (1%),12608 (~0%),126 (2%),22 (~0%),8 (~0%),1.0,1.0,1.0,1.0,1.0,1.0,1.0,1.0,1.0,off,off,off,off,off,off,1.0,1.0,1.0,1.0,1.0,1.0
40min 00sec,,,,,,,1.0,1.0,1.0,1.0,1.0,1.0,60.0,1.0,1.0,off,off,off,off,off,off,1.0,1.0,1.0,1.0,1.0,1.0
04min 33sec,2214162 (8.857ms),91205 (7%),76267 (3%),110 (2%),462 (6%),48 (5%),40.0,1.0,1.0,1.0,1.0,1.0,1.0,1.0,1.0,off,off,off,off,off,off,1.0,1.0,1.0,1.0,1.0,1.0
06min 16sec,2202062 (9.411ms),176286 (14%),227662 (9%),902 (20%),902 (13%),8 (~0%),40.0,1.0,1.0,1.0,1.0,1.0,10.0,1.0,1.0,off,off,off,off,off,off,1.0,1.0,1.0,1.0,1.0,1.0
04min 32sec,3663186 (14.653ms),93198 (7%),77972 (3%),134 (3%),475 (6%),48 (5%),40.0,25.0,1.0,1.0,1.0,1.0,1.0,1.0,1.0,off,off,off,off,off,off,1.0,1.0,1.0,1.0,1.0,1.0
04min 31sec,2218280 (8.873ms),95058 (8%),87005 (3%),146 (3%),540 (7%),48 (5%),40.0,1.0,1.0,25.0,1.0,1.0,1.0,1.0,1.0,off,off,off,off,off,off,1.0,1.0,1.0,1.0,1.0,1.0
04min 56sec,2958587 (11.834ms),92388 (7%),77586 (3%),134 (3%),473 (6%),46 (4%),40.0,1.0,20.0,1.0,1.0,1.0,1.0,1.0,1.0,off,off,off,off,off,off,1.0,1.0,1.0,1.0,1.0,1.0
04min 23sec,2797572 (11.19ms),97075 (8%),88609 (3%),158 (3%),552 (8%),48 (5%),40.0,10.0,1.0,25.0,1.0,1.0,1.0,1.0,1.0,off,off,off,off,off,off,1.0,1.0,1.0,1.0,1.0,1.0
28min 53sec,2201312 (9.407ms),541515 (45%),847024 (35%),2502 (57%),2662 (38%),8 (~0%),40.0,1.0,1.0,1.0,1.0,1.0,30.0,1.0,1.0,off,off,off,off,off,off,1.0,1.0,1.0,1.0,1.0,1.0
28min 56sec,2201312 (9.407ms),541515 (45%),847024 (35%),2502 (57%),2662 (38%),8 (~0%),40.0,1.0,1.0,1.0,1.0,1.0,30.0,1.0,1.0,off,off,off,off,off,off,1.0,1.0,1.0,1.0,1.0,1.0
13min 35sec,2201812 (9.409ms),241670 (20%),693769 (29%),1710 (39%),1782 (26%),8 (~0%),40.0,1.0,1.0,1.0,1.0,1.0,20.0,1.0,1.0,off,off,off,off,off,off,1.0,1.0,1.0,1.0,1.0,1.0
05min 03sec,1481299 (5.925ms),154837 (13%),138772 (5%),102 (2%),994 (14%),46 (4%),40.0,1.0,1.0,1.0,1.0,1.0,1.0,1.0,50.0,off,off,off,off,off,off,1.0,1.0,1.0,1.0,1.0,1.0
14min 17sec,1468949 (6.278ms),305302 (25%),756274 (31%),1702 (39%),2314 (33%),6 (~0%),40.0,1.0,1.0,1.0,1.0,1.0,20.0,1.0,50.0,off,off,off,off,off,off,1.0,1.0,1.0,1.0,1.0,1.0
04min 49sec,2057443 (8.23ms),150763 (12%),140399 (5%),114 (2%),1008 (14%),46 (4%),40.0,10.0,1.0,1.0,1.0,1.0,1.0,1.0,50.0,off,off,off,off,off,off,1.0,1.0,1.0,1.0,1.0,1.0
05min 26sec,2057599 (8.23ms),151170 (12%),140794 (5%),126 (2%),1008 (14%),44 (4%),40.0,10.0,10.0,1.0,1.0,1.0,1.0,1.0,50.0,off,off,off,off,off,off,1.0,1.0,1.0,1.0,1.0,1.0
04min 53sec,1767673 (7.071ms),150765 (12%),140392 (5%),114 (2%),1009 (14%),46 (4%),40.0,5.0,1.0,1.0,1.0,1.0,1.0,1.0,50.0,off,off,off,off,off,off,1.0,1.0,1.0,1.0,1.0,1.0
05min 22sec,1767829 (7.071ms),151172 (12%),140787 (5%),126 (2%),1009 (14%),44 (4%),40.0,5.0,10.0,1.0,1.0,1.0,1.0,1.0,50.0,off,off,off,off,off,off,1.0,1.0,1.0,1.0,1.0,1.0
05min 20sec,2926981 (11.708ms),151146 (12%),140895 (5%),138 (3%),1009 (14%),44 (4%),40.0,25.0,10.0,1.0,1.0,1.0,1.0,1.0,50.0,off,off,off,off,off,off,1.0,1.0,1.0,1.0,1.0,1.0
05min 20sec,1767259 (7.069ms),151156 (12%),140780 (5%),126 (2%),1010 (14%),44 (4%),40.0,5.0,4.0,1.0,1.0,1.0,1.0,1.0,50.0,off,off,off,off,off,off,1.0,1.0,1.0,1.0,1.0,1.0
07min 09sec,1755159 (7.501ms),236237 (19%),292175 (12%),918 (21%),1450 (21%),4 (~0%),40.0,5.0,4.0,1.0,1.0,1.0,10.0,1.0,50.0,off,off,off,off,off,off,1.0,1.0,1.0,1.0,1.0,1.0
14min 55sec,1754909 (7.5ms),301621 (25%),758282 (32%),1726 (39%),2330 (34%),4 (~0%),40.0,5.0,4.0,1.0,1.0,1.0,20.0,1.0,50.0,off,off,off,off,off,off,1.0,1.0,1.0,1.0,1.0,1.0
14min 39sec,1754909 (7.5ms),301621 (25%),758282 (32%),1726 (39%),2330 (34%),4 (~0%),40.0,5.0,4.0,1.0,1.0,1.0,20.0,1.0,50.0,off,off,off,off,off,off,1.0,1.0,1.0,1.0,1.0,1.0
06min 59sec,2914311 (12.454ms),236211 (19%),292283 (12%),930 (21%),1450 (21%),4 (~0%),40.0,25.0,4.0,1.0,1.0,1.0,10.0,1.0,50.0,off,off,off,off,off,off,1.0,1.0,1.0,1.0,1.0,1.0
05min 30sec,2926411 (11.706ms),151130 (12%),140888 (5%),138 (3%),1010 (14%),44 (4%),40.0,25.0,4.0,1.0,1.0,1.0,1.0,1.0,50.0,off,off,off,off,off,off,1.0,1.0,1.0,1.0,1.0,1.0
07min 34sec,1755207 (7.501ms),241045 (20%),292390 (12%),918 (21%),1447 (21%),4 (~0%),40.0,5.0,4.0,10.0,1.0,1.0,10.0,1.0,50.0,off,off,off,off,off,off,1.0,1.0,1.0,1.0,1.0,1.0
40min 00sec,,,,,,,40.0,5.0,4.0,1.0,1.0,1.0,15.0,1.0,50.0,off,off,off,off,off,off,1.0,1.0,1.0,1.0,1.0,1.0
07min 22sec,1755159 (7.501ms),236237 (19%),292175 (12%),918 (21%),1450 (21%),4 (~0%),40.0,5.0,4.0,1.0,1.0,1.0,10.0,1.0,50.0,off,off,off,off,off,off,1.0,1.0,1.0,1.0,1.0,1.0
07min 27sec,45015 (0.18ms),261239 (22%),231605 (9%),1698 (39%),1547 (22%),44 (4%),40.0,50.0,4.0,1.0,1.0,1.0,1.0,1.0,50.0,off,off,off,off,off,off,1.0,1.0,1.0,1.0,1.0,1.0
07min 33sec,45015 (0.18ms),264542 (22%),232203 (9%),1698 (39%),1544 (22%),44 (4%),40.0,50.0,4.0,10.0,1.0,1.0,1.0,1.0,50.0,off,off,off,off,off,off,1.0,1.0,1.0,1.0,1.0,1.0
07min 12sec,45722 (0.183ms),265253 (22%),242397 (10%),1742 (40%),1626 (23%),43 (4%),40.0,50.0,4.0,25.0,1.0,1.0,1.0,1.0,50.0,off,off,off,off,off,off,1.0,1.0,1.0,1.0,1.0,1.0
10min 03sec,45015 (0.192ms),351128 (29%),383215 (16%),2490 (57%),1984 (29%),4 (~0%),40.0,50.0,4.0,10.0,1.0,1.0,10.0,1.0,50.0,off,off,off,off,off,off,1.0,1.0,1.0,1.0,1.0,1.0
08min 51sec,45731 (0.196ms),349295 (29%),390997 (16%),2534 (58%),2067 (30%),3 (~0%),40.0,50.0,4.0,25.0,1.0,1.0,10.0,1.0,50.0,off,off,off,off,off,off,1.0,1.0,1.0,1.0,1.0,1.0
10min 15sec,22842 (0.098ms),418846 (35%),531848 (22%),2534 (58%),2617 (38%),3 (~0%),40.0,50.0,4.0,25.0,1.0,1.0,10.0,8.0,50.0,off,off,off,off,off,off,1.0,1.0,1.0,1.0,1.0,1.0
32min 32sec,22842 (0.098ms),753616 (63%),1117667 (47%),4134 (95%),3937 (57%),3 (~0%),40.0,50.0,4.0,25.0,1.0,1.0,30.0,8.0,50.0,off,off,off,off,off,off,1.0,1.0,1.0,1.0,1.0,1.0
10min 49sec,22910 (0.098ms),424465 (35%),532688 (22%),2534 (58%),2614 (38%),3 (~0%),40.0,50.0,4.0,25.0,10.0,1.0,10.0,8.0,50.0,off,off,off,off,off,off,1.0,1.0,1.0,1.0,1.0,1.0
10min 40sec,22910 (0.098ms),424968 (35%),532238 (22%),2534 (58%),2614 (38%),3 (~0%),40.0,50.0,4.0,25.0,14.0,1.0,10.0,8.0,50.0,off,off,off,off,off,off,1.0,1.0,1.0,1.0,1.0,1.0
09min 01sec,26581 (0.114ms),411120 (34%),528761 (22%),2796 (64%),2614 (38%),1 (~0%),40.0,50.0,4.0,25.0,7.0,1.0,10.0,8.0,50.0,off,off,off,off,off,off,1.0,1.0,1.0,1.0,1.0,1.0
14min 59sec,21722 (0.093ms),570826 (48%),752638 (31%),2534 (58%),3717 (54%),3 (~0%),40.0,50.0,4.0,25.0,1.0,1.0,10.0,16.0,50.0,off,off,off,off,off,off,1.0,1.0,1.0,1.0,1.0,1.0
16min 50sec,206054 (0.884ms),521670 (44%),700011 (29%),2684 (62%),3226 (47%),3 (~0%),40.0,50.0,4.0,25.0,1.0,1.0,10.0,16.0,25.0,off,off,off,off,off,off,1.0,1.0,1.0,1.0,1.0,1.0
15min 19sec,22140 (0.095ms),580094 (49%),763429 (32%),2534 (58%),3714 (54%),3 (~0%),40.0,50.0,4.0,25.0,10.0,1.0,10.0,16.0,50.0,off,off,off,off,off,off,1.0,1.0,1.0,1.0,1.0,1.0
15min 05sec,22057 (0.095ms),570824 (48%),752644 (31%),2534 (58%),3716 (54%),3 (~0%),40.0,50.0,8.0,25.0,1.0,1.0,10.0,16.0,50.0,off,off,off,off,off,off,1.0,1.0,1.0,1.0,1.0,1.0
09min 32sec,207174 (0.889ms),369690 (31%),479221 (20%),2684 (62%),2126 (31%),3 (~0%),40.0,50.0,4.0,25.0,1.0,1.0,10.0,8.0,25.0,off,off,off,off,off,off,1.0,1.0,1.0,1.0,1.0,1.0
10min 24sec,23177 (0.099ms),418844 (35%),531854 (22%),2534 (58%),2616 (38%),3 (~0%),40.0,50.0,8.0,25.0,1.0,1.0,10.0,8.0,50.0,off,off,off,off,off,off,1.0,1.0,1.0,1.0,1.0,1.0
09min 58sec,207174 (0.889ms),369690 (31%),479221 (20%),2684 (62%),2126 (31%),3 (~0%),40.0,50.0,4.0,25.0,1.0,1.0,10.0,8.0,25.0,off,off,off,off,off,off,1.0,1.0,1.0,1.0,1.0,1.0
10min 49sec,23419 (0.101ms),419039 (35%),532194 (22%),2534 (58%),2616 (38%),3 (~0%),40.0,50.0,10.0,25.0,1.0,1.0,10.0,8.0,50.0,off,off,off,off,off,off,1.0,1.0,1.0,1.0,1.0,1.0
18min 40sec,22842 (0.098ms),486310 (41%),989756 (41%),3342 (77%),3497 (51%),3 (~0%),40.0,50.0,4.0,25.0,1.0,1.0,20.0,8.0,50.0,off,off,off,off,off,off,1.0,1.0,1.0,1.0,1.0,1.0
18min 41sec,22842 (0.098ms),486310 (41%),989756 (41%),3342 (77%),3497 (51%),3 (~0%),40.0,50.0,4.0,25.0,1.0,1.0,20.0,8.0,50.0,off,off,off,off,off,off,1.0,1.0,1.0,1.0,1.0,1.0
18min 48sec,22842 (0.098ms),486310 (41%),989756 (41%),3342 (77%),3497 (51%),3 (~0%),40.0,50.0,4.0,25.0,1.0,1.0,20.0,8.0,50.0,off,off,off,off,off,off,1.0,1.0,1.0,1.0,1.0,1.0
05min 44sec,2949625 (11.799ms),19758 (1%),14196 (~0%),138 (3%),35 (~0%),8 (~0%),4.0,1.0,1.0,1.0,1.0,1.0,1.0,1.0,1.0,off,off,off,off,off,off,1.0,1.0,1.0,1.0,1.0,1.0
05min 30sec,3403595 (13.614ms),19786 (1%),14212 (~0%),138 (3%),34 (~0%),8 (~0%),1.0,10.0,1.0,1.0,1.0,1.0,1.0,1.0,1.0,off,off,off,off,off,off,1.0,1.0,1.0,1.0,1.0,1.0
05min 20sec,2970390 (11.882ms),18825 (1%),13817 (~0%),138 (3%),34 (~0%),6 (~0%),1.0,1.0,4.0,1.0,1.0,1.0,1.0,1.0,1.0,off,off,off,off,off,off,1.0,1.0,1.0,1.0,1.0,1.0
05min 31sec,2341953 (10.008ms),20432 (1%),15738 (~0%),162 (3%),33 (~0%),6 (~0%),1.0,1.0,1.0,1.0,1.0,1.0,10.0,1.0,1.0,off,off,off,off,off,off,1.0,1.0,1.0,1.0,1.0,1.0
05min 44sec,1682953 (7.192ms),19949 (1%),15489 (~0%),158 (3%),33 (~0%),6 (~0%),1.0,1.0,1.0,1.0,1.0,1.0,1.0,8.0,1.0,off,off,off,off,off,off,1.0,1.0,1.0,1.0,1.0,1.0
05min 56sec,2275053 (9.722ms),27978 (2%),17741 (~0%),166 (3%),39 (~0%),6 (~0%),1.0,1.0,1.0,1.0,1.0,1.0,1.0,1.0,10.0,off,off,off,off,off,off,1.0,1.0,1.0,1.0,1.0,1.0
43min 26sec,2197258 (8.789ms),2499736 (211%),3258388 (137%),102 (2%),32857 (480%),6 (~0%),1.0,1.0,1.0,1.0,1.0,1.0,1.0,1.0,1.0,flatten,off,off,off,off,off,1.0,1.0,1.0,1.0,1.0,1.0
80min 00sec,,,,,,,1.0,1.0,1.0,1.0,1.0,1.0,1.0,1.0,1.0,off,flatten,off,off,off,off,1.0,1.0,1.0,1.0,1.0,1.0
04min 39sec,1934195 (8.266ms),21991 (1%),17084 (~0%),170 (3%),45 (~0%),6 (~0%),8.0,1.0,1.0,1.0,1.0,1.0,1.0,8.0,1.0,off,off,off,off,off,off,1.0,1.0,1.0,1.0,1.0,1.0
07min 14sec,1388477 (5.934ms),199451 (16%),245887 (10%),1710 (39%),1122 (16%),8 (~0%),1.0,50.0,1.0,1.0,1.0,1.0,1.0,8.0,1.0,off,off,off,off,off,off,1.0,1.0,1.0,1.0,1.0,1.0
04min 31sec,1981120 (8.466ms),21061 (1%),16710 (~0%),170 (3%),44 (~0%),4 (~0%),1.0,1.0,8.0,1.0,1.0,1.0,1.0,8.0,1.0,off,off,off,off,off,off,1.0,1.0,1.0,1.0,1.0,1.0
04min 49sec,1690873 (7.226ms),20385 (1%),15694 (~0%),158 (3%),31 (~0%),6 (~0%),1.0,1.0,1.0,50.0,1.0,1.0,1.0,8.0,1.0,off,off,off,off,off,off,1.0,1.0,1.0,1.0,1.0,1.0
04min 47sec,1773302 (7.578ms),22410 (1%),16883 (~0%),158 (3%),43 (~0%),6 (~0%),1.0,1.0,1.0,1.0,10.0,1.0,1.0,8.0,1.0,off,off,off,off,off,off,1.0,1.0,1.0,1.0,1.0,1.0
05min 41sec,2265838 (9.683ms),81836 (6%),219943 (9%),180 (4%),31 (~0%),4 (~0%),1.0,1.0,1.0,1.0,1.0,10.0,1.0,8.0,1.0,off,off,off,off,off,off,1.0,1.0,1.0,1.0,1.0,1.0
04min 24sec,1183854 (5.059ms),24510 (2%),21509 (~0%),246 (5%),44 (~0%),4 (~0%),1.0,1.0,1.0,1.0,1.0,1.0,15.0,8.0,1.0,off,off,off,off,off,off,1.0,1.0,1.0,1.0,1.0,1.0
04min 47sec,1134053 (4.846ms),29441 (2%),19792 (~0%),198 (4%),39 (~0%),4 (~0%),1.0,1.0,1.0,1.0,1.0,1.0,1.0,8.0,10.0,off,off,off,off,off,off,1.0,1.0,1.0,1.0,1.0,1.0
04min 19sec,3790977 (16.201ms),22477 (1%),17443 (~0%),186 (4%),46 (~0%),6 (~0%),1.0,25.0,1.0,1.0,1.0,1.0,10.0,1.0,1.0,off,off,off,off,off,off,1.0,1.0,1.0,1.0,1.0,1.0
04min 12sec,2710114 (11.582ms),21546 (1%),16960 (~0%),174 (4%),44 (~0%),4 (~0%),1.0,1.0,10.0,1.0,1.0,1.0,10.0,1.0,1.0,off,off,off,off,off,off,1.0,1.0,1.0,1.0,1.0,1.0
04min 34sec,2347873 (10.034ms),20862 (1%),15937 (~0%),162 (3%),31 (~0%),6 (~0%),1.0,1.0,1.0,50.0,1.0,1.0,10.0,1.0,1.0,off,off,off,off,off,off,1.0,1.0,1.0,1.0,1.0,1.0
04min 28sec,2758302 (11.788ms),22947 (1%),17196 (~0%),162 (3%),43 (~0%),6 (~0%),1.0,1.0,1.0,1.0,10.0,1.0,10.0,1.0,1.0,off,off,off,off,off,off,1.0,1.0,1.0,1.0,1.0,1.0
05min 25sec,2924838 (12.499ms),82324 (6%),219680 (9%),184 (4%),31 (~0%),4 (~0%),1.0,1.0,1.0,1.0,1.0,10.0,10.0,1.0,1.0,off,off,off,off,off,off,1.0,1.0,1.0,1.0,1.0,1.0
04min 30sec,1148453 (4.908ms),25673 (2%),22244 (~0%),252 (5%),55 (~0%),4 (~0%),1.0,1.0,1.0,1.0,1.0,1.0,10.0,20.0,1.0,off,off,off,off,off,off,1.0,1.0,1.0,1.0,1.0,1.0
04min 37sec,1793053 (7.663ms),29899 (2%),20036 (~0%),202 (4%),39 (~0%),4 (~0%),1.0,1.0,1.0,1.0,1.0,1.0,10.0,1.0,10.0,off,off,off,off,off,off,1.0,1.0,1.0,1.0,1.0,1.0
05min 55sec,1139973 (4.872ms),27122 (2%),18937 (~0%),202 (4%),39 (~0%),4 (~0%),1.0,1.0,1.0,50.0,1.0,1.0,1.0,8.0,10.0,off,off,off,off,off,off,1.0,1.0,1.0,1.0,1.0,1.0
05min 30sec,632954 (2.705ms),33967 (2%),25810 (1%),286 (6%),50 (~0%),2 (~0%),1.0,1.0,1.0,1.0,1.0,1.0,15.0,8.0,10.0,off,off,off,off,off,off,1.0,1.0,1.0,1.0,1.0,1.0
05min 57sec,1218102 (5.206ms),28153 (2%),20561 (~0%),206 (4%),51 (~0%),4 (~0%),1.0,1.0,1.0,1.0,10.0,1.0,1.0,8.0,10.0,off,off,off,off,off,off,1.0,1.0,1.0,1.0,1.0,1.0
05min 29sec,1081553 (4.622ms),33219 (2%),24247 (1%),256 (5%),61 (~0%),4 (~0%),1.0,1.0,1.0,1.0,1.0,1.0,1.0,20.0,10.0,off,off,off,off,off,off,1.0,1.0,1.0,1.0,1.0,1.0
06min 00sec,1103250 (4.715ms),51190 (4%),40522 (1%),150 (3%),60 (~0%),4 (~0%),1.0,1.0,1.0,1.0,1.0,1.0,1.0,8.0,25.0,off,off,off,off,off,off,1.0,1.0,1.0,1.0,1.0,1.0
07min 04sec,     ?,89060 (7%),284583 (12%),220 (5%),37 (~0%),2 (~0%),1.0,1.0,1.0,1.0,1.0,7.0,1.0,8.0,10.0,off,off,off,off,off,off,1.0,1.0,1.0,1.0,1.0,1.0
05min 41sec,1175338 (5.023ms),31299 (2%),21836 (~0%),210 (4%),61 (~0%),2 (~0%),1.0,1.0,5.0,1.0,1.0,1.0,1.0,8.0,10.0,off,off,off,off,off,off,1.0,1.0,1.0,1.0,1.0,1.0
05min 53sec,1446089 (6.18ms),28746 (2%),20327 (~0%),214 (4%),53 (~0%),4 (~0%),10.0,1.0,1.0,1.0,1.0,1.0,1.0,8.0,10.0,off,off,off,off,off,off,1.0,1.0,1.0,1.0,1.0,1.0
05min 30sec,1206895 (5.158ms),28450 (2%),24662 (1%),264 (6%),78 (1%),4 (~0%),8.0,1.0,1.0,1.0,1.0,1.0,10.0,20.0,1.0,off,off,off,off,off,off,1.0,1.0,1.0,1.0,1.0,1.0
30min 15sec,905428 (3.869ms),305678 (25%),994476 (42%),2132 (49%),2233 (32%),6 (~0%),1.0,50.0,1.0,1.0,1.0,1.0,10.0,20.0,1.0,off,off,off,off,off,off,1.0,1.0,1.0,1.0,1.0,1.0
05min 25sec,1335338 (5.707ms),26792 (2%),23460 (~0%),264 (6%),66 (~0%),2 (~0%),1.0,1.0,5.0,1.0,1.0,1.0,10.0,20.0,1.0,off,off,off,off,off,off,1.0,1.0,1.0,1.0,1.0,1.0
05min 28sec,1154373 (4.933ms),26103 (2%),22443 (~0%),252 (5%),53 (~0%),4 (~0%),1.0,1.0,1.0,50.0,1.0,1.0,10.0,20.0,1.0,off,off,off,off,off,off,1.0,1.0,1.0,1.0,1.0,1.0
05min 42sec,1228002 (5.248ms),28765 (2%),24212 (1%),252 (5%),76 (1%),4 (~0%),1.0,1.0,1.0,1.0,14.0,1.0,10.0,20.0,1.0,off,off,off,off,off,off,1.0,1.0,1.0,1.0,1.0,1.0
07min 00sec,1731338 (7.399ms),87560 (7%),226122 (9%),274 (6%),53 (~0%),2 (~0%),1.0,1.0,1.0,1.0,1.0,10.0,10.0,20.0,1.0,off,off,off,off,off,off,1.0,1.0,1.0,1.0,1.0,1.0
05min 30sec,1118453 (4.78ms),35270 (2%),32850 (1%),252 (5%),77 (1%),4 (~0%),1.0,1.0,1.0,1.0,1.0,1.0,30.0,20.0,1.0,off,off,off,off,off,off,1.0,1.0,1.0,1.0,1.0,1.0
05min 35sec,599553 (2.562ms),35110 (2%),26542 (1%),292 (6%),61 (~0%),2 (~0%),1.0,1.0,1.0,1.0,1.0,1.0,10.0,20.0,10.0,off,off,off,off,off,off,1.0,1.0,1.0,1.0,1.0,1.0
05min 41sec,655995 (2.803ms),35187 (2%),27905 (1%),308 (7%),86 (1%),2 (~0%),8.0,1.0,1.0,1.0,1.0,1.0,10.0,20.0,10.0,off,off,off,off,off,off,1.0,1.0,1.0,1.0,1.0,1.0
32min 03sec,350228 (1.497ms),310627 (26%),997327 (42%),2180 (50%),2230 (32%),4 (~0%),1.0,50.0,1.0,1.0,1.0,1.0,10.0,20.0,10.0,off,off,off,off,off,off,1.0,1.0,1.0,1.0,1.0,1.0
05min 34sec,779402 (3.331ms),37003 (3%),28619 (1%),316 (7%),83 (1%),0 (~0%),1.0,1.0,20.0,1.0,1.0,1.0,10.0,20.0,10.0,off,off,off,off,off,off,1.0,1.0,1.0,1.0,1.0,1.0
05min 34sec,603473 (2.579ms),32811 (2%),25686 (1%),296 (6%),61 (~0%),2 (~0%),1.0,1.0,1.0,50.0,1.0,1.0,10.0,20.0,10.0,off,off,off,off,off,off,1.0,1.0,1.0,1.0,1.0,1.0
05min 40sec,646102 (2.761ms),33710 (2%),27061 (1%),300 (6%),73 (1%),2 (~0%),1.0,1.0,1.0,1.0,10.0,1.0,10.0,20.0,10.0,off,off,off,off,off,off,1.0,1.0,1.0,1.0,1.0,1.0
06min 47sec,1179638 (5.041ms),96978 (8%),230415 (9%),314 (7%),59 (~0%),0 (~0%),1.0,1.0,1.0,1.0,1.0,10.0,10.0,20.0,10.0,off,off,off,off,off,off,1.0,1.0,1.0,1.0,1.0,1.0
05min 20sec,580454 (2.481ms),36976 (3%),29435 (1%),344 (7%),61 (~0%),2 (~0%),1.0,1.0,1.0,1.0,1.0,1.0,15.0,20.0,10.0,off,off,off,off,off,off,1.0,1.0,1.0,1.0,1.0,1.0
05min 11sec,634553 (2.712ms),31089 (2%),21546 (~0%),224 (5%),39 (~0%),2 (~0%),1.0,1.0,1.0,1.0,1.0,1.0,10.0,10.0,10.0,off,off,off,off,off,off,1.0,1.0,1.0,1.0,1.0,1.0
05min 34sec,684196 (2.924ms),33973 (2%),27191 (1%),302 (6%),75 (1%),2 (~0%),8.0,1.0,1.0,1.0,1.0,1.0,15.0,8.0,10.0,off,off,off,off,off,off,1.0,1.0,1.0,1.0,1.0,1.0
07min 45sec,332178 (1.42ms),209750 (17%),255583 (10%),1846 (42%),1141 (16%),4 (~0%),1.0,50.0,1.0,1.0,1.0,1.0,15.0,8.0,10.0,off,off,off,off,off,off,1.0,1.0,1.0,1.0,1.0,1.0
05min 23sec,701941 (3.0ms),35848 (3%),27861 (1%),298 (6%),72 (1%),0 (~0%),1.0,1.0,8.0,1.0,1.0,1.0,15.0,8.0,10.0,off,off,off,off,off,off,1.0,1.0,1.0,1.0,1.0,1.0
05min 36sec,696834 (2.978ms),34517 (2%),27172 (1%),290 (6%),73 (1%),2 (~0%),1.0,1.0,1.0,10.0,1.0,1.0,15.0,8.0,10.0,off,off,off,off,off,off,1.0,1.0,1.0,1.0,1.0,1.0
05min 34sec,717003 (3.064ms),32709 (2%),26579 (1%),294 (6%),62 (~0%),2 (~0%),1.0,1.0,1.0,1.0,10.0,1.0,15.0,8.0,10.0,off,off,off,off,off,off,1.0,1.0,1.0,1.0,1.0,1.0
06min 03sec,     ?,62984 (5%),79284 (3%),308 (7%),48 (~0%),0 (~0%),1.0,1.0,1.0,1.0,1.0,7.0,15.0,8.0,10.0,off,off,off,off,off,off,1.0,1.0,1.0,1.0,1.0,1.0
05min 48sec,642053 (2.744ms),35372 (2%),27083 (1%),302 (6%),61 (~0%),2 (~0%),1.0,1.0,1.0,1.0,1.0,1.0,20.0,8.0,10.0,off,off,off,off,off,off,1.0,1.0,1.0,1.0,1.0,1.0
05min 24sec,580454 (2.481ms),36976 (3%),29435 (1%),344 (7%),61 (~0%),2 (~0%),1.0,1.0,1.0,1.0,1.0,1.0,15.0,20.0,10.0,off,off,off,off,off,off,1.0,1.0,1.0,1.0,1.0,1.0
05min 17sec,848777 (3.627ms),33404 (2%),27681 (1%),324 (7%),76 (1%),2 (~0%),1.0,25.0,1.0,1.0,1.0,1.0,10.0,20.0,10.0,off,off,off,off,off,off,1.0,1.0,1.0,1.0,1.0,1.0
31min 53sec,385900 (1.649ms),310654 (26%),999557 (42%),2196 (50%),2256 (32%),4 (~0%),4.0,50.0,1.0,1.0,1.0,1.0,10.0,20.0,10.0,off,off,off,off,off,off,1.0,1.0,1.0,1.0,1.0,1.0
31min 08sec,386297 (1.651ms),312429 (26%),999366 (42%),2192 (50%),2253 (32%),2 (~0%),1.0,50.0,4.0,1.0,1.0,1.0,10.0,20.0,10.0,off,off,off,off,off,off,1.0,1.0,1.0,1.0,1.0,1.0
30min 52sec,536941 (2.295ms),313976 (26%),1002583 (42%),2186 (50%),2230 (32%),4 (~0%),1.0,50.0,1.0,5.0,1.0,1.0,10.0,20.0,10.0,off,off,off,off,off,off,1.0,1.0,1.0,1.0,1.0,1.0
27min 28sec,350433 (1.504ms),317240 (26%),994909 (42%),2322 (53%),2227 (32%),2 (~0%),1.0,50.0,1.0,1.0,5.0,1.0,10.0,20.0,10.0,off,off,off,off,off,off,1.0,1.0,1.0,1.0,1.0,1.0
29min 25sec,     ?,333452 (28%),1042628 (44%),2290 (53%),2277 (33%),2 (~0%),1.0,50.0,1.0,1.0,1.0,7.0,10.0,20.0,10.0,off,off,off,off,off,off,1.0,1.0,1.0,1.0,1.0,1.0
30min 36sec,340228 (1.454ms),314667 (26%),1002315 (42%),2248 (52%),2252 (32%),4 (~0%),1.0,50.0,1.0,1.0,1.0,1.0,20.0,20.0,10.0,off,off,off,off,off,off,1.0,1.0,1.0,1.0,1.0,1.0
11min 17sec,350157 (1.496ms),359095 (30%),472658 (19%),1794 (41%),2230 (32%),4 (~0%),1.0,50.0,1.0,1.0,1.0,1.0,10.0,16.0,10.0,off,off,off,off,off,off,1.0,1.0,1.0,1.0,1.0,1.0
07min 30sec,346498 (1.481ms),207478 (17%),255611 (10%),1850 (42%),1141 (16%),4 (~0%),1.0,50.0,1.0,50.0,1.0,1.0,15.0,8.0,10.0,off,off,off,off,off,off,1.0,1.0,1.0,1.0,1.0,1.0
05min 03sec,934678 (3.994ms),32275 (2%),26896 (1%),318 (7%),65 (~0%),2 (~0%),1.0,25.0,1.0,1.0,1.0,1.0,15.0,8.0,10.0,off,off,off,off,off,off,1.0,1.0,1.0,1.0,1.0,1.0
07min 40sec,377335 (1.613ms),211538 (17%),257630 (10%),1858 (43%),1163 (17%),2 (~0%),1.0,50.0,5.0,1.0,1.0,1.0,15.0,8.0,10.0,off,off,off,off,off,off,1.0,1.0,1.0,1.0,1.0,1.0
07min 52sec,341277 (1.458ms),211155 (17%),256856 (10%),1862 (43%),1152 (16%),4 (~0%),1.0,50.0,1.0,1.0,1.0,1.0,20.0,8.0,10.0,off,off,off,off,off,off,1.0,1.0,1.0,1.0,1.0,1.0
30min 47sec,331129 (1.415ms),313262 (26%),1001042 (42%),2232 (51%),2241 (32%),4 (~0%),1.0,50.0,1.0,1.0,1.0,1.0,15.0,20.0,10.0,off,off,off,off,off,off,1.0,1.0,1.0,1.0,1.0,1.0
07min 40sec,306978 (1.312ms),219418 (18%),267462 (11%),1890 (43%),1163 (17%),4 (~0%),1.0,50.0,1.0,1.0,1.0,1.0,15.0,8.0,25.0,off,off,off,off,off,off,1.0,1.0,1.0,1.0,1.0,1.0
07min 50sec,372646 (1.593ms),209908 (17%),258185 (10%),1862 (43%),1166 (17%),4 (~0%),5.0,50.0,1.0,1.0,1.0,1.0,15.0,8.0,10.0,off,off,off,off,off,off,1.0,1.0,1.0,1.0,1.0,1.0
07min 05sec,333839 (1.433ms),211048 (17%),259308 (10%),1988 (46%),1138 (16%),2 (~0%),1.0,50.0,1.0,1.0,7.0,1.0,15.0,8.0,10.0,off,off,off,off,off,off,1.0,1.0,1.0,1.0,1.0,1.0
29min 33sec,429664 (1.836ms),310677 (26%),999564 (42%),2196 (50%),2255 (32%),4 (~0%),10.0,50.0,1.0,1.0,1.0,1.0,10.0,20.0,10.0,off,off,off,off,off,off,1.0,1.0,1.0,1.0,1.0,1.0
04min 55sec,695495 (2.972ms),33384 (2%),27519 (1%),312 (7%),75 (1%),2 (~0%),1.0,10.0,1.0,1.0,1.0,1.0,10.0,20.0,10.0,off,off,off,off,off,off,1.0,1.0,1.0,1.0,1.0,1.0
29min 25sec,422667 (1.806ms),312427 (26%),999373 (42%),2192 (50%),2252 (32%),2 (~0%),1.0,50.0,8.0,1.0,1.0,1.0,10.0,20.0,10.0,off,off,off,off,off,off,1.0,1.0,1.0,1.0,1.0,1.0
28min 52sec,362548 (1.549ms),308375 (26%),997345 (42%),2184 (50%),2230 (32%),4 (~0%),1.0,50.0,1.0,50.0,1.0,1.0,10.0,20.0,10.0,off,off,off,off,off,off,1.0,1.0,1.0,1.0,1.0,1.0
29min 11sec,349944 (1.495ms),311563 (26%),984792 (41%),2180 (50%),2227 (32%),4 (~0%),1.0,50.0,1.0,1.0,14.0,1.0,10.0,20.0,10.0,off,off,off,off,off,off,1.0,1.0,1.0,1.0,1.0,1.0
30min 49sec,     ?,341087 (28%),1098842 (46%),2202 (50%),2227 (32%),2 (~0%),1.0,50.0,1.0,1.0,1.0,14.0,10.0,20.0,10.0,off,off,off,off,off,off,1.0,1.0,1.0,1.0,1.0,1.0
28min 54sec,340228 (1.454ms),312188 (26%),999180 (42%),2200 (50%),2241 (32%),4 (~0%),1.0,50.0,1.0,1.0,1.0,1.0,12.0,20.0,10.0,off,off,off,off,off,off,1.0,1.0,1.0,1.0,1.0,1.0
07min 45sec,350928 (1.5ms),223060 (18%),286740 (12%),2172 (50%),1130 (16%),4 (~0%),1.0,50.0,1.0,1.0,1.0,1.0,10.0,10.0,10.0,off,off,off,off,off,off,1.0,1.0,1.0,1.0,1.0,1.0
07min 22sec,391820 (1.674ms),209707 (17%),257846 (10%),1862 (43%),1166 (17%),4 (~0%),8.0,50.0,1.0,1.0,1.0,1.0,15.0,8.0,10.0,off,off,off,off,off,off,1.0,1.0,1.0,1.0,1.0,1.0
04min 40sec,749896 (3.205ms),32299 (2%),26789 (1%),306 (7%),64 (~0%),2 (~0%),1.0,10.0,1.0,1.0,1.0,1.0,15.0,8.0,10.0,off,off,off,off,off,off,1.0,1.0,1.0,1.0,1.0,1.0
07min 16sec,368247 (1.574ms),211533 (17%),257630 (10%),1858 (43%),1164 (17%),2 (~0%),1.0,50.0,4.0,1.0,1.0,1.0,15.0,8.0,10.0,off,off,off,off,off,off,1.0,1.0,1.0,1.0,1.0,1.0
07min 23sec,404458 (1.728ms),210252 (17%),257827 (10%),1850 (42%),1164 (17%),4 (~0%),1.0,50.0,1.0,10.0,1.0,1.0,15.0,8.0,10.0,off,off,off,off,off,off,1.0,1.0,1.0,1.0,1.0,1.0
07min 18sec,332245 (1.42ms),215872 (18%),255973 (10%),1846 (42%),1138 (16%),4 (~0%),1.0,50.0,1.0,1.0,14.0,1.0,15.0,8.0,10.0,off,off,off,off,off,off,1.0,1.0,1.0,1.0,1.0,1.0
08min 03sec,     ?,240215 (20%),357042 (15%),1868 (43%),1138 (16%),2 (~0%),1.0,50.0,1.0,1.0,1.0,14.0,15.0,8.0,10.0,off,off,off,off,off,off,1.0,1.0,1.0,1.0,1.0,1.0
07min 18sec,341277 (1.458ms),208676 (17%),253721 (10%),1814 (41%),1141 (16%),4 (~0%),1.0,50.0,1.0,1.0,1.0,1.0,12.0,8.0,10.0,off,off,off,off,off,off,1.0,1.0,1.0,1.0,1.0,1.0
07min 07sec,388178 (1.659ms),207255 (17%),254980 (10%),1822 (42%),1144 (16%),4 (~0%),1.0,50.0,1.0,1.0,1.0,1.0,15.0,8.0,5.0,off,off,off,off,off,off,1.0,1.0,1.0,1.0,1.0,1.0
32min 22sec,415070 (1.774ms),310655 (26%),999564 (42%),2196 (50%),2255 (32%),4 (~0%),8.0,50.0,1.0,1.0,1.0,1.0,10.0,20.0,10.0,off,off,off,off,off,off,1.0,1.0,1.0,1.0,1.0,1.0
05min 55sec,695495 (2.972ms),33384 (2%),27519 (1%),312 (7%),75 (1%),2 (~0%),1.0,10.0,1.0,1.0,1.0,1.0,10.0,20.0,10.0,off,off,off,off,off,off,1.0,1.0,1.0,1.0,1.0,1.0
32min 04sec,531849 (2.273ms),312439 (26%),999391 (42%),2204 (51%),2252 (32%),2 (~0%),1.0,50.0,20.0,1.0,1.0,1.0,10.0,20.0,10.0,off,off,off,off,off,off,1.0,1.0,1.0,1.0,1.0,1.0
32min 00sec,402136 (1.719ms),311432 (26%),1001265 (42%),2186 (50%),2232 (32%),4 (~0%),1.0,50.0,1.0,25.0,1.0,1.0,10.0,20.0,10.0,off,off,off,off,off,off,1.0,1.0,1.0,1.0,1.0,1.0
32min 01sec,349944 (1.495ms),310958 (26%),985542 (41%),2180 (50%),2227 (32%),4 (~0%),1.0,50.0,1.0,1.0,10.0,1.0,10.0,20.0,10.0,off,off,off,off,off,off,1.0,1.0,1.0,1.0,1.0,1.0
34min 14sec,942584 (4.028ms),333866 (28%),1066854 (45%),2202 (50%),2227 (32%),2 (~0%),1.0,50.0,1.0,1.0,1.0,10.0,10.0,20.0,10.0,off,off,off,off,off,off,1.0,1.0,1.0,1.0,1.0,1.0
31min 15sec,393140 (1.68ms),310639 (26%),997991 (42%),2172 (50%),2230 (32%),4 (~0%),1.0,50.0,1.0,1.0,1.0,1.0,5.0,20.0,10.0,off,off,off,off,off,off,1.0,1.0,1.0,1.0,1.0,1.0
07min 10sec,354369 (1.514ms),139855 (11%),159813 (6%),194 (4%),580 (8%),254 (26%),1.0,50.0,1.0,1.0,1.0,1.0,10.0,5.0,10.0,off,off,off,off,off,off,1.0,1.0,1.0,1.0,1.0,1.0
08min 51sec,391820 (1.674ms),209707 (17%),257846 (10%),1862 (43%),1166 (17%),4 (~0%),8.0,50.0,1.0,50.0,1.0,1.0,15.0,8.0,10.0,off,off,off,off,off,off,1.0,1.0,1.0,1.0,1.0,1.0
05min 51sec,764216 (3.266ms),30027 (2%),26817 (1%),310 (7%),64 (~0%),2 (~0%),1.0,10.0,1.0,50.0,1.0,1.0,15.0,8.0,10.0,off,off,off,off,off,off,1.0,1.0,1.0,1.0,1.0,1.0
08min 47sec,421226 (1.8ms),209329 (17%),257666 (10%),1862 (43%),1163 (17%),2 (~0%),1.0,50.0,8.0,50.0,1.0,1.0,15.0,8.0,10.0,off,off,off,off,off,off,1.0,1.0,1.0,1.0,1.0,1.0
08min 42sec,385185 (1.646ms),210041 (17%),259531 (10%),1842 (42%),1143 (16%),4 (~0%),1.0,50.0,1.0,25.0,1.0,1.0,15.0,8.0,10.0,off,off,off,off,off,off,1.0,1.0,1.0,1.0,1.0,1.0
08min 57sec,346565 (1.481ms),213097 (18%),256451 (10%),1850 (42%),1138 (16%),4 (~0%),1.0,50.0,1.0,50.0,10.0,1.0,15.0,8.0,10.0,off,off,off,off,off,off,1.0,1.0,1.0,1.0,1.0,1.0
08min 50sec,     ?,230531 (19%),310443 (13%),1960 (45%),1188 (17%),2 (~0%),1.0,50.0,1.0,50.0,1.0,7.0,15.0,8.0,10.0,off,off,off,off,off,off,1.0,1.0,1.0,1.0,1.0,1.0
08min 58sec,353597 (1.511ms),208878 (17%),256882 (10%),1866 (43%),1152 (16%),4 (~0%),1.0,50.0,1.0,50.0,1.0,1.0,20.0,8.0,10.0,off,off,off,off,off,off,1.0,1.0,1.0,1.0,1.0,1.0
08min 51sec,158937 (0.679ms),262083 (22%),313809 (13%),1790 (41%),1654 (24%),4 (~0%),1.0,50.0,1.0,50.0,1.0,1.0,15.0,8.0,50.0,off,off,off,off,off,off,1.0,1.0,1.0,1.0,1.0,1.0
09min 54sec,178689 (0.764ms),264227 (22%),316867 (13%),1802 (41%),1691 (24%),4 (~0%),4.0,50.0,1.0,50.0,1.0,1.0,15.0,8.0,50.0,off,off,off,off,off,off,1.0,1.0,1.0,1.0,1.0,1.0
10min 32sec,158523 (0.677ms),263836 (22%),316687 (13%),1802 (41%),1688 (24%),2 (~0%),1.0,50.0,4.0,50.0,1.0,1.0,15.0,8.0,50.0,off,off,off,off,off,off,1.0,1.0,1.0,1.0,1.0,1.0
10min 05sec,197624 (0.845ms),264647 (22%),317729 (13%),1782 (41%),1656 (24%),4 (~0%),1.0,50.0,1.0,25.0,1.0,1.0,15.0,8.0,50.0,off,off,off,off,off,off,1.0,1.0,1.0,1.0,1.0,1.0
10min 19sec,159004 (0.68ms),267702 (22%),314649 (13%),1790 (41%),1651 (24%),4 (~0%),1.0,50.0,1.0,50.0,10.0,1.0,15.0,8.0,50.0,off,off,off,off,off,off,1.0,1.0,1.0,1.0,1.0,1.0
13min 10sec,156414 (0.668ms),674693 (57%),804194 (34%),1810 (41%),6574 (96%),2 (~0%),1.0,50.0,1.0,50.0,1.0,10.0,15.0,8.0,50.0,off,off,off,off,off,off,1.0,1.0,1.0,1.0,1.0,1.0
10min 17sec,166036 (0.71ms),262714 (22%),314250 (13%),1806 (41%),1654 (24%),4 (~0%),1.0,50.0,1.0,50.0,1.0,1.0,20.0,8.0,50.0,off,off,off,off,off,off,1.0,1.0,1.0,1.0,1.0,1.0
13min 29sec,157817 (0.674ms),414063 (35%),534599 (22%),1790 (41%),2754 (40%),4 (~0%),1.0,50.0,1.0,50.0,1.0,1.0,15.0,16.0,50.0,off,off,off,off,off,off,1.0,1.0,1.0,1.0,1.0,1.0
09min 34sec,238498 (1.024ms),217007 (18%),263944 (11%),1962 (45%),1164 (17%),4 (~0%),1.0,50.0,1.0,50.0,1.0,1.0,15.0,8.0,25.0,off,off,off,off,off,off,1.0,1.0,1.0,1.0,1.0,1.0
34min 42sec,502652 (2.148ms),310668 (26%),999575 (42%),2196 (50%),2255 (32%),4 (~0%),20.0,50.0,1.0,1.0,1.0,1.0,10.0,20.0,10.0,off,off,off,off,off,off,1.0,1.0,1.0,1.0,1.0,1.0
07min 27sec,695495 (2.972ms),33384 (2%),27519 (1%),312 (7%),75 (1%),2 (~0%),1.0,10.0,1.0,1.0,1.0,1.0,10.0,20.0,10.0,off,off,off,off,off,off,1.0,1.0,1.0,1.0,1.0,1.0
39min 13sec,178078 (0.761ms),500389 (42%),1216614 (51%),2924 (67%),3109 (45%),4 (~0%),1.0,50.0,40.0,1.0,1.0,1.0,10.0,20.0,10.0,off,off,off,off,off,off,1.0,1.0,1.0,1.0,1.0,1.0
32min 05sec,416507 (1.78ms),311114 (26%),999374 (42%),2184 (50%),2253 (32%),4 (~0%),1.0,50.0,1.0,10.0,1.0,1.0,10.0,20.0,10.0,off,off,off,off,off,off,1.0,1.0,1.0,1.0,1.0,1.0
29min 12sec,350432 (1.504ms),315851 (26%),991794 (41%),2322 (53%),2227 (32%),2 (~0%),1.0,50.0,1.0,1.0,7.0,1.0,10.0,20.0,10.0,off,off,off,off,off,off,1.0,1.0,1.0,1.0,1.0,1.0
31min 15sec,1584967 (6.802ms),323717 (27%),1034810 (43%),2290 (53%),2277 (33%),2 (~0%),1.0,50.0,1.0,1.0,1.0,5.0,10.0,20.0,10.0,off,off,off,off,off,off,1.0,1.0,1.0,1.0,1.0,1.0
09min 01sec,354498 (1.515ms),167255 (14%),159925 (6%),194 (4%),580 (8%),204 (21%),1.0,50.0,1.0,1.0,1.0,1.0,10.0,4.0,10.0,off,off,off,off,off,off,1.0,1.0,1.0,1.0,1.0,1.0
32min 26sec,325028 (1.389ms),321089 (27%),1010033 (42%),2224 (51%),2263 (33%),4 (~0%),1.0,50.0,1.0,1.0,1.0,1.0,10.0,20.0,25.0,off,off,off,off,off,off,1.0,1.0,1.0,1.0,1.0,1.0
07min 57sec,217061 (0.928ms),264428 (22%),317220 (13%),1802 (41%),1690 (24%),4 (~0%),10.0,50.0,1.0,50.0,1.0,1.0,15.0,8.0,50.0,off,off,off,off,off,off,1.0,1.0,1.0,1.0,1.0,1.0
05min 21sec,761437 (3.254ms),84608 (7%),85122 (3%),262 (6%),578 (8%),2 (~0%),1.0,25.0,1.0,50.0,1.0,1.0,15.0,8.0,50.0,off,off,off,off,off,off,1.0,1.0,1.0,1.0,1.0,1.0
08min 17sec,159093 (0.68ms),263852 (22%),316694 (13%),1802 (41%),1687 (24%),2 (~0%),1.0,50.0,10.0,50.0,1.0,1.0,15.0,8.0,50.0,off,off,off,off,off,off,1.0,1.0,1.0,1.0,1.0,1.0
07min 53sec,340429 (1.455ms),267271 (22%),319240 (13%),1782 (41%),1654 (24%),4 (~0%),1.0,50.0,1.0,5.0,1.0,1.0,15.0,8.0,50.0,off,off,off,off,off,off,1.0,1.0,1.0,1.0,1.0,1.0
07min 19sec,163392 (0.701ms),254357 (21%),310722 (13%),2052 (47%),1651 (24%),2 (~0%),1.0,50.0,1.0,50.0,7.0,1.0,15.0,8.0,50.0,off,off,off,off,off,off,1.0,1.0,1.0,1.0,1.0,1.0
09min 00sec,160308 (0.688ms),527943 (44%),637461 (26%),1934 (44%),4983 (72%),2 (~0%),1.0,50.0,1.0,50.0,1.0,7.0,15.0,8.0,50.0,off,off,off,off,off,off,1.0,1.0,1.0,1.0,1.0,1.0
08min 13sec,166036 (0.71ms),261004 (22%),311945 (13%),1758 (40%),1654 (24%),4 (~0%),1.0,50.0,1.0,50.0,1.0,1.0,12.0,8.0,50.0,off,off,off,off,off,off,1.0,1.0,1.0,1.0,1.0,1.0
08min 39sec,158588 (0.678ms),278028 (23%),348681 (14%),2168 (50%),1654 (24%),4 (~0%),1.0,50.0,1.0,50.0,1.0,1.0,15.0,10.0,50.0,off,off,off,off,off,off,1.0,1.0,1.0,1.0,1.0,1.0
07min 48sec,204259 (0.873ms),264227 (22%),316874 (13%),1802 (41%),1690 (24%),4 (~0%),8.0,50.0,1.0,50.0,1.0,1.0,15.0,8.0,50.0,off,off,off,off,off,off,1.0,1.0,1.0,1.0,1.0,1.0
05min 19sec,781189 (3.338ms),86751 (7%),88180 (3%),274 (6%),615 (8%),2 (~0%),4.0,25.0,1.0,50.0,1.0,1.0,15.0,8.0,50.0,off,off,off,off,off,off,1.0,1.0,1.0,1.0,1.0,1.0
08min 29sec,178275 (0.762ms),264617 (22%),317255 (13%),1814 (41%),1692 (24%),2 (~0%),4.0,50.0,4.0,50.0,1.0,1.0,15.0,8.0,50.0,off,off,off,off,off,off,1.0,1.0,1.0,1.0,1.0,1.0
07min 39sec,83764 (0.36ms),268625 (22%),321170 (13%),1810 (41%),1691 (24%),4 (~0%),4.0,50.0,1.0,25.0,1.0,1.0,15.0,8.0,50.0,off,off,off,off,off,off,1.0,1.0,1.0,1.0,1.0,1.0
07min 14sec,183145 (0.786ms),256415 (21%),314040 (13%),2064 (47%),1688 (24%),2 (~0%),4.0,50.0,1.0,50.0,5.0,1.0,15.0,8.0,50.0,off,off,off,off,off,off,1.0,1.0,1.0,1.0,1.0,1.0
08min 25sec,180221 (0.773ms),434258 (36%),533155 (22%),1952 (45%),3926 (57%),2 (~0%),4.0,50.0,1.0,50.0,1.0,5.0,15.0,8.0,50.0,off,off,off,off,off,off,1.0,1.0,1.0,1.0,1.0,1.0
08min 17sec,163388 (0.698ms),272716 (23%),325396 (13%),1750 (40%),1724 (25%),4 (~0%),4.0,50.0,1.0,50.0,1.0,1.0,30.0,8.0,50.0,off,off,off,off,off,off,1.0,1.0,1.0,1.0,1.0,1.0
11min 41sec,177569 (0.759ms),416207 (35%),537657 (22%),1802 (41%),2791 (40%),4 (~0%),4.0,50.0,1.0,50.0,1.0,1.0,15.0,16.0,50.0,off,off,off,off,off,off,1.0,1.0,1.0,1.0,1.0,1.0
07min 40sec,281049 (1.201ms),264419 (22%),317231 (13%),1802 (41%),1690 (24%),4 (~0%),20.0,50.0,1.0,50.0,1.0,1.0,15.0,8.0,50.0,off,off,off,off,off,off,1.0,1.0,1.0,1.0,1.0,1.0
05min 12sec,576655 (2.464ms),84632 (7%),85015 (3%),250 (5%),577 (8%),2 (~0%),1.0,10.0,1.0,50.0,1.0,1.0,15.0,8.0,50.0,off,off,off,off,off,off,1.0,1.0,1.0,1.0,1.0,1.0
08min 03sec,158858 (0.679ms),263834 (22%),316693 (13%),1802 (41%),1687 (24%),2 (~0%),1.0,50.0,8.0,50.0,1.0,1.0,15.0,8.0,50.0,off,off,off,off,off,off,1.0,1.0,1.0,1.0,1.0,1.0
06min 53sec,163393 (0.701ms),254271 (21%),310982 (13%),2052 (47%),1651 (24%),2 (~0%),1.0,50.0,1.0,50.0,5.0,1.0,15.0,8.0,50.0,off,off,off,off,off,off,1.0,1.0,1.0,1.0,1.0,1.0
08min 03sec,160469 (0.689ms),435678 (36%),530097 (22%),1940 (44%),3889 (56%),2 (~0%),1.0,50.0,1.0,50.0,1.0,5.0,15.0,8.0,50.0,off,off,off,off,off,off,1.0,1.0,1.0,1.0,1.0,1.0
07min 31sec,192036 (0.821ms),259380 (21%),309697 (13%),1714 (39%),1654 (24%),4 (~0%),1.0,50.0,1.0,50.0,1.0,1.0,6.0,8.0,50.0,off,off,off,off,off,off,1.0,1.0,1.0,1.0,1.0,1.0
06min 47sec,162158 (0.693ms),222223 (18%),221866 (9%),190 (4%),1104 (16%),204 (21%),1.0,50.0,1.0,50.0,1.0,1.0,15.0,4.0,50.0,off,off,off,off,off,off,1.0,1.0,1.0,1.0,1.0,1.0
06min 59sec,316898 (1.36ms),211484 (17%),257436 (10%),1842 (42%),1142 (16%),4 (~0%),1.0,50.0,1.0,50.0,1.0,1.0,15.0,8.0,5.0,off,off,off,off,off,off,1.0,1.0,1.0,1.0,1.0,1.0
08min 11sec,203845 (0.871ms),264617 (22%),317262 (13%),1814 (41%),1691 (24%),2 (~0%),8.0,50.0,4.0,50.0,1.0,1.0,15.0,8.0,50.0,off,off,off,off,off,off,1.0,1.0,1.0,1.0,1.0,1.0
05min 23sec,761023 (3.252ms),86361 (7%),88000 (3%),274 (6%),612 (8%),0 (~0%),1.0,25.0,4.0,50.0,1.0,1.0,15.0,8.0,50.0,off,off,off,off,off,off,1.0,1.0,1.0,1.0,1.0,1.0
08min 30sec,197210 (0.843ms),266400 (22%),320607 (13%),1794 (41%),1690 (24%),2 (~0%),1.0,50.0,4.0,25.0,1.0,1.0,15.0,8.0,50.0,off,off,off,off,off,off,1.0,1.0,1.0,1.0,1.0,1.0
08min 21sec,158590 (0.678ms),269455 (22%),317527 (13%),1802 (41%),1685 (24%),2 (~0%),1.0,50.0,4.0,50.0,10.0,1.0,15.0,8.0,50.0,off,off,off,off,off,off,1.0,1.0,1.0,1.0,1.0,1.0
10min 26sec,161421 (0.693ms),525632 (44%),638824 (27%),1894 (43%),5016 (73%),2 (~0%),1.0,50.0,4.0,50.0,1.0,7.0,15.0,8.0,50.0,off,off,off,off,off,off,1.0,1.0,1.0,1.0,1.0,1.0
08min 26sec,165622 (0.708ms),265218 (22%),317958 (13%),1818 (42%),1699 (24%),2 (~0%),1.0,50.0,4.0,50.0,1.0,1.0,20.0,8.0,50.0,off,off,off,off,off,off,1.0,1.0,1.0,1.0,1.0,1.0
07min 11sec,362536 (1.556ms),212553 (17%),258669 (10%),1854 (42%),1154 (16%),2 (~0%),1.0,50.0,4.0,50.0,1.0,1.0,15.0,8.0,5.0,off,off,off,off,off,off,1.0,1.0,1.0,1.0,1.0,1.0
08min 51sec,216647 (0.926ms),264818 (22%),317608 (13%),1814 (41%),1691 (24%),2 (~0%),10.0,50.0,4.0,50.0,1.0,1.0,15.0,8.0,50.0,off,off,off,off,off,off,1.0,1.0,1.0,1.0,1.0,1.0
05min 43sec,576241 (2.463ms),86385 (7%),87893 (3%),262 (6%),611 (8%),0 (~0%),1.0,10.0,4.0,50.0,1.0,1.0,15.0,8.0,50.0,off,off,off,off,off,off,1.0,1.0,1.0,1.0,1.0,1.0
08min 37sec,160402 (0.685ms),263838 (22%),316703 (13%),1814 (41%),1687 (24%),2 (~0%),1.0,50.0,20.0,50.0,1.0,1.0,15.0,8.0,50.0,off,off,off,off,off,off,1.0,1.0,1.0,1.0,1.0,1.0
09min 03sec,216483 (0.925ms),265162 (22%),317243 (13%),1802 (41%),1689 (24%),2 (~0%),1.0,50.0,4.0,10.0,1.0,1.0,15.0,8.0,50.0,off,off,off,off,off,off,1.0,1.0,1.0,1.0,1.0,1.0
07min 42sec,162978 (0.699ms),256110 (21%),313600 (13%),2064 (47%),1685 (24%),0 (~0%),1.0,50.0,4.0,50.0,7.0,1.0,15.0,8.0,50.0,off,off,off,off,off,off,1.0,1.0,1.0,1.0,1.0,1.0
80min 00sec,,,,,,,1.0,50.0,4.0,50.0,1.0,1.0,15.0,20.0,50.0,off,off,off,off,off,off,1.0,1.0,1.0,1.0,1.0,1.0
07min 57sec,268456 (1.152ms),219542 (18%),266837 (11%),1974 (45%),1198 (17%),2 (~0%),1.0,50.0,4.0,50.0,1.0,1.0,15.0,8.0,25.0,off,off,off,off,off,off,1.0,1.0,1.0,1.0,1.0,1.0
08min 49sec,204415 (0.874ms),264633 (22%),317269 (13%),1814 (41%),1690 (24%),2 (~0%),8.0,50.0,10.0,50.0,1.0,1.0,15.0,8.0,50.0,off,off,off,off,off,off,1.0,1.0,1.0,1.0,1.0,1.0
05min 43sec,515241 (2.202ms),86403 (7%),87893 (3%),262 (6%),611 (8%),0 (~0%),1.0,5.0,10.0,50.0,1.0,1.0,15.0,8.0,50.0,off,off,off,off,off,off,1.0,1.0,1.0,1.0,1.0,1.0
08min 39sec,160402 (0.685ms),263838 (22%),316703 (13%),1814 (41%),1687 (24%),2 (~0%),1.0,50.0,20.0,50.0,1.0,1.0,15.0,8.0,50.0,off,off,off,off,off,off,1.0,1.0,1.0,1.0,1.0,1.0
08min 40sec,340585 (1.455ms),269040 (22%),322125 (13%),1794 (41%),1687 (24%),2 (~0%),1.0,50.0,10.0,5.0,1.0,1.0,15.0,8.0,50.0,off,off,off,off,off,off,1.0,1.0,1.0,1.0,1.0,1.0
09min 03sec,159160 (0.68ms),269471 (22%),317534 (13%),1802 (41%),1684 (24%),2 (~0%),1.0,50.0,10.0,50.0,10.0,1.0,15.0,8.0,50.0,off,off,off,off,off,off,1.0,1.0,1.0,1.0,1.0,1.0
80min 00sec,,,,,,,1.0,50.0,10.0,50.0,1.0,14.0,15.0,8.0,50.0,off,off,off,off,off,off,1.0,1.0,1.0,1.0,1.0,1.0
09min 00sec,146192 (0.625ms),272318 (23%),325240 (13%),1750 (40%),1720 (25%),2 (~0%),1.0,50.0,10.0,50.0,1.0,1.0,30.0,8.0,50.0,off,off,off,off,off,off,1.0,1.0,1.0,1.0,1.0,1.0
80min 00sec,,,,,,,1.0,50.0,10.0,50.0,1.0,1.0,15.0,20.0,50.0,off,off,off,off,off,off,1.0,1.0,1.0,1.0,1.0,1.0
05min 34sec,3239497 (12.958ms),21776 (1%),15793 (~0%),150 (3%),48 (~0%),8 (~0%),4.0,5.0,1.0,1.0,1.0,1.0,1.0,1.0,1.0,off,off,off,off,off,off,1.0,1.0,1.0,1.0,1.0,1.0
05min 41sec,3399375 (15.176ms),22157 (1%),16187 (~0%),162 (3%),50 (~0%),6 (~0%),4.0,5.0,4.0,1.0,1.0,1.0,1.0,1.0,1.0,off,off,off,off,off,off,1.0,1.0,1.0,1.0,1.0,1.0
05min 39sec,3511660 (15.677ms),28729 (2%),21240 (~0%),192 (4%),45 (~0%),6 (~0%),4.0,5.0,4.0,5.0,1.0,1.0,1.0,1.0,1.0,off,off,off,off,off,off,1.0,1.0,1.0,1.0,1.0,1.0
05min 36sec,3793305 (16.934ms),32277 (2%),24726 (1%),248 (5%),39 (~0%),3 (~0%),4.0,5.0,4.0,5.0,5.0,1.0,1.0,1.0,1.0,off,off,off,off,off,off,1.0,1.0,1.0,1.0,1.0,1.0
05min 20sec,3900993 (15.604ms),33882 (2%),25342 (1%),238 (5%),35 (~0%),3 (~0%),4.0,5.0,4.0,5.0,5.0,5.0,1.0,1.0,1.0,off,off,off,off,off,off,1.0,1.0,1.0,1.0,1.0,1.0
60min 00sec,,,,,,,4.0,5.0,4.0,5.0,5.0,5.0,1.0,1.0,1.0,flatten,off,off,off,off,off,1.0,1.0,1.0,1.0,1.0,1.0
60min 00sec,,,,,,,4.0,5.0,4.0,5.0,5.0,5.0,1.0,1.0,1.0,flatten,flatten,off,off,off,off,1.0,1.0,1.0,1.0,1.0,1.0
15min 40sec,3065680 (12.263ms),21762 (1%),15787 (~0%),150 (3%),49 (~0%),8 (~0%),4.0,2.0,1.0,1.0,1.0,1.0,1.0,1.0,1.0,off,off,off,off,off,off,1.0,1.0,1.0,1.0,1.0,1.0
16min 03sec,3268839 (13.075ms),26878 (2%),19614 (~0%),192 (4%),33 (~0%),6 (~0%),4.0,1.0,1.0,1.0,5.0,1.0,1.0,1.0,1.0,off,off,off,off,off,off,1.0,1.0,1.0,1.0,1.0,1.0
15min 51sec,3110577 (13.887ms),20878 (1%),15421 (~0%),150 (3%),48 (~0%),6 (~0%),4.0,1.0,4.0,1.0,1.0,1.0,1.0,1.0,1.0,off,off,off,off,off,off,1.0,1.0,1.0,1.0,1.0,1.0
16min 40sec,4188505 (16.754ms),39020 (3%),59718 (2%),160 (3%),33 (~0%),6 (~0%),4.0,1.0,1.0,1.0,1.0,5.0,1.0,1.0,1.0,off,off,off,off,off,off,1.0,1.0,1.0,1.0,1.0,1.0
16min 17sec,2828361 (11.313ms),22734 (1%),15262 (~0%),134 (3%),28 (~0%),10 (1%),4.0,1.0,1.0,1.0,1.0,1.0,1.0,1.0,1.0,off,off,off,off,off,off,4.0,1.0,1.0,1.0,1.0,1.0
60min 00sec,,,,,,,4.0,1.0,1.0,1.0,1.0,1.0,1.0,1.0,1.0,flatten,off,off,off,off,off,1.0,1.0,1.0,1.0,1.0,1.0
15min 38sec,3062259 (12.249ms),26216 (2%),19095 (~0%),168 (3%),29 (~0%),8 (~0%),4.0,1.0,1.0,5.0,1.0,1.0,1.0,1.0,1.0,off,off,off,off,off,off,1.0,1.0,1.0,1.0,1.0,1.0
15min 52sec,3184425 (12.738ms),26699 (2%),18527 (~0%),154 (3%),51 (~0%),10 (1%),4.0,1.0,1.0,1.0,1.0,1.0,1.0,1.0,1.0,off,off,off,off,off,off,1.0,4.0,1.0,1.0,1.0,1.0
15min 45sec,2981013 (11.924ms),19777 (1%),14196 (~0%),138 (3%),34 (~0%),8 (~0%),5.0,1.0,1.0,1.0,1.0,1.0,1.0,1.0,1.0,off,off,off,off,off,off,1.0,1.0,1.0,1.0,1.0,1.0
15min 38sec,3113825 (12.455ms),19788 (1%),14205 (~0%),138 (3%),35 (~0%),8 (~0%),1.0,5.0,1.0,1.0,1.0,1.0,1.0,1.0,1.0,off,off,off,off,off,off,1.0,1.0,1.0,1.0,1.0,1.0
15min 45sec,3004266 (12.017ms),24740 (2%),17959 (~0%),148 (3%),20 (~0%),7 (~0%),1.0,1.0,1.0,5.0,1.0,1.0,1.0,1.0,1.0,off,off,off,off,off,off,1.0,1.0,1.0,1.0,1.0,1.0
15min 56sec,3143167 (12.573ms),24841 (2%),18026 (~0%),180 (4%),20 (~0%),6 (~0%),1.0,1.0,1.0,1.0,5.0,1.0,1.0,1.0,1.0,off,off,off,off,off,off,1.0,1.0,1.0,1.0,1.0,1.0
16min 06sec,4061758 (16.247ms),42132 (3%),156746 (6%),148 (3%),20 (~0%),6 (~0%),1.0,1.0,1.0,1.0,1.0,5.0,1.0,1.0,1.0,off,off,off,off,off,off,1.0,1.0,1.0,1.0,1.0,1.0
15min 45sec,2949625 (11.799ms),19758 (1%),14196 (~0%),138 (3%),35 (~0%),8 (~0%),1.0,1.0,1.0,1.0,1.0,1.0,1.0,1.0,1.0,off,off,off,off,off,off,4.0,1.0,1.0,1.0,1.0,1.0
05min 45sec,3075195 (12.301ms),19759 (1%),14203 (~0%),138 (3%),34 (~0%),8 (~0%),8.0,1.0,1.0,1.0,1.0,1.0,1.0,1.0,1.0,off,off,off,off,off,off,1.0,1.0,1.0,1.0,1.0,1.0
05min 30sec,3529267 (14.117ms),21774 (1%),15800 (~0%),150 (3%),47 (~0%),8 (~0%),4.0,10.0,1.0,1.0,1.0,1.0,1.0,1.0,1.0,off,off,off,off,off,off,1.0,1.0,1.0,1.0,1.0,1.0
05min 54sec,3134086 (12.536ms),20944 (1%),15492 (~0%),150 (3%),46 (~0%),6 (~0%),4.0,1.0,5.0,1.0,1.0,1.0,1.0,1.0,1.0,off,off,off,off,off,off,1.0,1.0,1.0,1.0,1.0,1.0
05min 47sec,3365974 (13.464ms),22220 (1%),15654 (~0%),138 (3%),45 (~0%),8 (~0%),4.0,1.0,1.0,1.0,10.0,1.0,1.0,1.0,1.0,off,off,off,off,off,off,1.0,1.0,1.0,1.0,1.0,1.0
05min 52sec,2455225 (9.821ms),20494 (1%),15227 (~0%),154 (3%),35 (~0%),6 (~0%),4.0,1.0,1.0,1.0,1.0,1.0,4.0,1.0,1.0,off,off,off,off,off,off,1.0,1.0,1.0,1.0,1.0,1.0
60min 00sec,,,,,,,4.0,1.0,1.0,1.0,1.0,1.0,1.0,1.0,1.0,off,flatten,off,off,off,off,1.0,1.0,1.0,1.0,1.0,1.0
05min 55sec,3036325 (13.555ms),21734 (1%),15732 (~0%),150 (3%),50 (~0%),8 (~0%),4.0,1.0,1.0,1.0,1.0,1.0,1.0,1.0,1.0,off,off,off,off,off,off,1.0,1.0,2.0,1.0,1.0,1.0
05min 44sec,2886863 (11.547ms),20165 (1%),14578 (~0%),126 (2%),36 (~0%),8 (~0%),2.0,1.0,1.0,1.0,1.0,1.0,1.0,1.0,1.0,off,off,off,off,off,off,1.0,1.0,1.0,1.0,1.0,1.0
05min 30sec,2940008 (11.76ms),19774 (1%),14199 (~0%),138 (3%),36 (~0%),8 (~0%),1.0,2.0,1.0,1.0,1.0,1.0,1.0,1.0,1.0,off,off,off,off,off,off,1.0,1.0,1.0,1.0,1.0,1.0
05min 21sec,2896508 (11.586ms),18844 (1%),13815 (~0%),138 (3%),35 (~0%),6 (~0%),1.0,1.0,2.0,1.0,1.0,1.0,1.0,1.0,1.0,off,off,off,off,off,off,1.0,1.0,1.0,1.0,1.0,1.0
05min 48sec,2878593 (11.514ms),19517 (1%),15382 (~0%),126 (2%),33 (~0%),8 (~0%),1.0,1.0,1.0,2.0,1.0,1.0,1.0,1.0,1.0,off,off,off,off,off,off,1.0,1.0,1.0,1.0,1.0,1.0
05min 44sec,2914253 (11.657ms),19522 (1%),15379 (~0%),126 (2%),33 (~0%),8 (~0%),1.0,1.0,1.0,1.0,2.0,1.0,1.0,1.0,1.0,off,off,off,off,off,off,1.0,1.0,1.0,1.0,1.0,1.0
05min 53sec,5342478 (21.37ms),26223 (2%),34821 (1%),148 (3%),20 (~0%),6 (~0%),1.0,1.0,1.0,1.0,1.0,2.0,1.0,1.0,1.0,off,off,off,off,off,off,1.0,1.0,1.0,1.0,1.0,1.0
04min 49sec,3010838 (12.043ms),18836 (1%),13824 (~0%),138 (3%),33 (~0%),6 (~0%),1.0,1.0,5.0,1.0,1.0,1.0,1.0,1.0,1.0,off,off,off,off,off,off,1.0,1.0,1.0,1.0,1.0,1.0
05min 28sec,3076632 (12.307ms),20221 (1%),14071 (~0%),126 (2%),32 (~0%),8 (~0%),1.0,1.0,1.0,10.0,1.0,1.0,1.0,1.0,1.0,off,off,off,off,off,off,1.0,1.0,1.0,1.0,1.0,1.0
05min 20sec,3240302 (12.961ms),20232 (1%),14066 (~0%),126 (2%),32 (~0%),8 (~0%),1.0,1.0,1.0,1.0,10.0,1.0,1.0,1.0,1.0,off,off,off,off,off,off,1.0,1.0,1.0,1.0,1.0,1.0
06min 08sec,3406838 (13.627ms),79609 (6%),216614 (9%),148 (3%),20 (~0%),6 (~0%),1.0,1.0,1.0,1.0,1.0,10.0,1.0,1.0,1.0,off,off,off,off,off,off,1.0,1.0,1.0,1.0,1.0,1.0
05min 04sec,2886863 (11.547ms),20165 (1%),14578 (~0%),126 (2%),36 (~0%),8 (~0%),1.0,1.0,1.0,1.0,1.0,1.0,1.0,1.0,1.0,off,off,off,off,off,off,2.0,1.0,1.0,1.0,1.0,1.0
05min 06sec,3075195 (12.301ms),19759 (1%),14203 (~0%),138 (3%),34 (~0%),8 (~0%),8.0,1.0,1.0,1.0,1.0,1.0,1.0,1.0,1.0,off,off,off,off,off,off,1.0,1.0,1.0,1.0,1.0,1.0
05min 02sec,3529267 (14.117ms),21774 (1%),15800 (~0%),150 (3%),47 (~0%),8 (~0%),4.0,10.0,1.0,1.0,1.0,1.0,1.0,1.0,1.0,off,off,off,off,off,off,1.0,1.0,1.0,1.0,1.0,1.0
05min 27sec,3323062 (13.292ms),20949 (1%),15504 (~0%),150 (3%),46 (~0%),6 (~0%),4.0,1.0,10.0,1.0,1.0,1.0,1.0,1.0,1.0,off,off,off,off,off,off,1.0,1.0,1.0,1.0,1.0,1.0
05min 14sec,2952024 (11.808ms),20554 (1%),14187 (~0%),138 (3%),31 (~0%),8 (~0%),4.0,1.0,1.0,10.0,1.0,1.0,1.0,1.0,1.0,off,off,off,off,off,off,1.0,1.0,1.0,1.0,1.0,1.0
05min 28sec,3268839 (13.075ms),26878 (2%),19614 (~0%),192 (4%),33 (~0%),6 (~0%),4.0,1.0,1.0,1.0,5.0,1.0,1.0,1.0,1.0,off,off,off,off,off,off,1.0,1.0,1.0,1.0,1.0,1.0
06min 04sec,4188505 (16.754ms),39020 (3%),59718 (2%),160 (3%),33 (~0%),6 (~0%),4.0,1.0,1.0,1.0,1.0,5.0,1.0,1.0,1.0,off,off,off,off,off,off,1.0,1.0,1.0,1.0,1.0,1.0
05min 17sec,2827493 (11.31ms),18568 (1%),13286 (~0%),130 (3%),24 (~0%),8 (~0%),4.0,1.0,1.0,1.0,1.0,1.0,1.0,1.0,1.0,off,off,off,off,off,off,2.0,1.0,1.0,1.0,1.0,1.0
05min 12sec,2886863 (11.547ms),20165 (1%),14578 (~0%),126 (2%),36 (~0%),8 (~0%),2.0,1.0,1.0,1.0,1.0,1.0,1.0,1.0,1.0,off,off,off,off,off,off,1.0,1.0,1.0,1.0,1.0,1.0
04min 58sec,2940008 (11.76ms),19774 (1%),14199 (~0%),138 (3%),36 (~0%),8 (~0%),1.0,2.0,1.0,1.0,1.0,1.0,1.0,1.0,1.0,off,off,off,off,off,off,1.0,1.0,1.0,1.0,1.0,1.0
04min 58sec,2896508 (11.586ms),18844 (1%),13815 (~0%),138 (3%),35 (~0%),6 (~0%),1.0,1.0,2.0,1.0,1.0,1.0,1.0,1.0,1.0,off,off,off,off,off,off,1.0,1.0,1.0,1.0,1.0,1.0
05min 14sec,3004266 (12.017ms),24740 (2%),17959 (~0%),148 (3%),20 (~0%),7 (~0%),1.0,1.0,1.0,5.0,1.0,1.0,1.0,1.0,1.0,off,off,off,off,off,off,1.0,1.0,1.0,1.0,1.0,1.0
05min 24sec,3143167 (12.573ms),24841 (2%),18026 (~0%),180 (4%),20 (~0%),6 (~0%),1.0,1.0,1.0,1.0,5.0,1.0,1.0,1.0,1.0,off,off,off,off,off,off,1.0,1.0,1.0,1.0,1.0,1.0
05min 39sec,4061758 (16.247ms),42132 (3%),156746 (6%),148 (3%),20 (~0%),6 (~0%),1.0,1.0,1.0,1.0,1.0,5.0,1.0,1.0,1.0,off,off,off,off,off,off,1.0,1.0,1.0,1.0,1.0,1.0
05min 15sec,2886863 (11.547ms),20165 (1%),14578 (~0%),126 (2%),36 (~0%),8 (~0%),1.0,1.0,1.0,1.0,1.0,1.0,1.0,1.0,1.0,off,off,off,off,off,off,2.0,1.0,1.0,1.0,1.0,1.0
05min 03sec,3075195 (12.301ms),19759 (1%),14203 (~0%),138 (3%),34 (~0%),8 (~0%),8.0,1.0,1.0,1.0,1.0,1.0,1.0,1.0,1.0,off,off,off,off,off,off,1.0,1.0,1.0,1.0,1.0,1.0
05min 05sec,3239497 (12.958ms),21776 (1%),15793 (~0%),150 (3%),48 (~0%),8 (~0%),4.0,5.0,1.0,1.0,1.0,1.0,1.0,1.0,1.0,off,off,off,off,off,off,1.0,1.0,1.0,1.0,1.0,1.0
05min 25sec,3035575 (13.552ms),20897 (1%),15419 (~0%),150 (3%),49 (~0%),6 (~0%),4.0,1.0,2.0,1.0,1.0,1.0,1.0,1.0,1.0,off,off,off,off,off,off,1.0,1.0,1.0,1.0,1.0,1.0
05min 00sec,3062259 (12.249ms),26216 (2%),19095 (~0%),168 (3%),29 (~0%),8 (~0%),4.0,1.0,1.0,5.0,1.0,1.0,1.0,1.0,1.0,off,off,off,off,off,off,1.0,1.0,1.0,1.0,1.0,1.0
05min 29sec,3268839 (13.075ms),26878 (2%),19614 (~0%),192 (4%),33 (~0%),6 (~0%),4.0,1.0,1.0,1.0,5.0,1.0,1.0,1.0,1.0,off,off,off,off,off,off,1.0,1.0,1.0,1.0,1.0,1.0
05min 38sec,5469225 (21.877ms),28270 (2%),36413 (1%),160 (3%),33 (~0%),6 (~0%),4.0,1.0,1.0,1.0,1.0,2.0,1.0,1.0,1.0,off,off,off,off,off,off,1.0,1.0,1.0,1.0,1.0,1.0
05min 36sec,2828361 (11.313ms),22734 (1%),15262 (~0%),134 (3%),28 (~0%),10 (1%),4.0,1.0,1.0,1.0,1.0,1.0,1.0,1.0,1.0,off,off,off,off,off,off,4.0,1.0,1.0,1.0,1.0,1.0
04min 46sec,3239497 (12.958ms),21776 (1%),15793 (~0%),150 (3%),48 (~0%),8 (~0%),4.0,5.0,1.0,1.0,1.0,1.0,1.0,1.0,1.0,off,off,off,off,off,off,1.0,1.0,1.0,1.0,1.0,1.0
05min 11sec,3035575 (13.552ms),20897 (1%),15419 (~0%),150 (3%),49 (~0%),6 (~0%),4.0,1.0,2.0,1.0,1.0,1.0,1.0,1.0,1.0,off,off,off,off,off,off,1.0,1.0,1.0,1.0,1.0,1.0
04min 41sec,3062259 (12.249ms),26216 (2%),19095 (~0%),168 (3%),29 (~0%),8 (~0%),4.0,1.0,1.0,5.0,1.0,1.0,1.0,1.0,1.0,off,off,off,off,off,off,1.0,1.0,1.0,1.0,1.0,1.0
04min 53sec,3039925 (12.16ms),21510 (1%),16967 (~0%),138 (3%),46 (~0%),8 (~0%),4.0,1.0,1.0,1.0,2.0,1.0,1.0,1.0,1.0,off,off,off,off,off,off,1.0,1.0,1.0,1.0,1.0,1.0
05min 22sec,5469225 (21.877ms),28270 (2%),36413 (1%),160 (3%),33 (~0%),6 (~0%),4.0,1.0,1.0,1.0,1.0,2.0,1.0,1.0,1.0,off,off,off,off,off,off,1.0,1.0,1.0,1.0,1.0,1.0
04min 48sec,2827493 (11.31ms),18568 (1%),13286 (~0%),130 (3%),24 (~0%),8 (~0%),4.0,1.0,1.0,1.0,1.0,1.0,1.0,1.0,1.0,off,off,off,off,off,off,2.0,1.0,1.0,1.0,1.0,1.0
04min 46sec,2886863 (11.547ms),20165 (1%),14578 (~0%),126 (2%),36 (~0%),8 (~0%),2.0,1.0,1.0,1.0,1.0,1.0,1.0,1.0,1.0,off,off,off,off,off,off,1.0,1.0,1.0,1.0,1.0,1.0
04min 46sec,3002918 (12.012ms),22169 (1%),16169 (~0%),138 (3%),50 (~0%),8 (~0%),2.0,2.0,1.0,1.0,1.0,1.0,1.0,1.0,1.0,off,off,off,off,off,off,1.0,1.0,1.0,1.0,1.0,1.0
05min 04sec,3087793 (13.785ms),22569 (1%),16560 (~0%),150 (3%),53 (~0%),6 (~0%),2.0,2.0,2.0,1.0,1.0,1.0,1.0,1.0,1.0,off,off,off,off,off,off,1.0,1.0,1.0,1.0,1.0,1.0
05min 11sec,3087793 (13.785ms),22411 (1%),16519 (~0%),150 (3%),53 (~0%),6 (~0%),2.0,2.0,2.0,2.0,1.0,1.0,1.0,1.0,1.0,off,off,off,off,off,off,1.0,1.0,1.0,1.0,1.0,1.0
05min 14sec,3087793 (13.785ms),22262 (1%),16480 (~0%),150 (3%),53 (~0%),6 (~0%),2.0,2.0,2.0,2.0,2.0,1.0,1.0,1.0,1.0,off,off,off,off,off,off,1.0,1.0,1.0,1.0,1.0,1.0
04min 58sec,3087793 (13.785ms),22110 (1%),16440 (~0%),150 (3%),53 (~0%),6 (~0%),2.0,2.0,2.0,2.0,2.0,2.0,1.0,1.0,1.0,off,off,off,off,off,off,1.0,1.0,1.0,1.0,1.0,1.0
05min 03sec,2886863 (11.547ms),20165 (1%),14578 (~0%),126 (2%),36 (~0%),8 (~0%),2.0,1.0,1.0,1.0,1.0,1.0,1.0,1.0,1.0,off,off,off,off,off,off,1.0,1.0,1.0,1.0,1.0,1.0
04min 57sec,3113825 (12.455ms),19788 (1%),14205 (~0%),138 (3%),35 (~0%),8 (~0%),1.0,5.0,1.0,1.0,1.0,1.0,1.0,1.0,1.0,off,off,off,off,off,off,1.0,1.0,1.0,1.0,1.0,1.0
04min 52sec,3010838 (12.043ms),18836 (1%),13824 (~0%),138 (3%),33 (~0%),6 (~0%),1.0,1.0,5.0,1.0,1.0,1.0,1.0,1.0,1.0,off,off,off,off,off,off,1.0,1.0,1.0,1.0,1.0,1.0
04min 52sec,3192114 (12.768ms),18831 (1%),13830 (~0%),138 (3%),33 (~0%),6 (~0%),1.0,1.0,10.0,1.0,1.0,1.0,1.0,1.0,1.0,off,off,off,off,off,off,1.0,1.0,1.0,1.0,1.0,1.0
04min 56sec,3239497 (12.958ms),21776 (1%),15793 (~0%),150 (3%),48 (~0%),8 (~0%),4.0,5.0,1.0,1.0,1.0,1.0,1.0,1.0,1.0,off,off,off,off,off,off,1.0,1.0,1.0,1.0,1.0,1.0
05min 24sec,     ?,29895 (2%),20106 (~0%),192 (4%),33 (~0%),6 (~0%),4.0,1.0,1.0,1.0,7.0,1.0,1.0,1.0,1.0,off,off,off,off,off,off,1.0,1.0,1.0,1.0,1.0,1.0
05min 06sec,2981013 (11.924ms),19777 (1%),14196 (~0%),138 (3%),34 (~0%),8 (~0%),5.0,1.0,1.0,1.0,1.0,1.0,1.0,1.0,1.0,off,off,off,off,off,off,1.0,1.0,1.0,1.0,1.0,1.0
05min 06sec,3035575 (13.552ms),20897 (1%),15419 (~0%),150 (3%),49 (~0%),6 (~0%),4.0,1.0,2.0,1.0,1.0,1.0,1.0,1.0,1.0,off,off,off,off,off,off,1.0,1.0,1.0,1.0,1.0,1.0
04min 57sec,3062259 (12.249ms),26216 (2%),19095 (~0%),168 (3%),29 (~0%),8 (~0%),4.0,1.0,1.0,5.0,1.0,1.0,1.0,1.0,1.0,off,off,off,off,off,off,1.0,1.0,1.0,1.0,1.0,1.0
60min 00sec,,,,,,,4.0,1.0,1.0,1.0,1.0,1.0,1.0,1.0,1.0,off,off,flatten,off,off,off,1.0,1.0,1.0,1.0,1.0,1.0
04min 41sec,2886863 (11.547ms),20165 (1%),14578 (~0%),126 (2%),36 (~0%),8 (~0%),2.0,1.0,1.0,1.0,1.0,1.0,1.0,1.0,1.0,off,off,off,off,off,off,1.0,1.0,1.0,1.0,1.0,1.0
04min 53sec,3239497 (12.958ms),21776 (1%),15793 (~0%),150 (3%),48 (~0%),8 (~0%),4.0,5.0,1.0,1.0,1.0,1.0,1.0,1.0,1.0,off,off,off,off,off,off,1.0,1.0,1.0,1.0,1.0,1.0
05min 10sec,3035575 (13.552ms),20897 (1%),15419 (~0%),150 (3%),49 (~0%),6 (~0%),4.0,1.0,2.0,1.0,1.0,1.0,1.0,1.0,1.0,off,off,off,off,off,off,1.0,1.0,1.0,1.0,1.0,1.0
04min 27sec,3062259 (12.249ms),26216 (2%),19095 (~0%),168 (3%),29 (~0%),8 (~0%),4.0,1.0,1.0,5.0,1.0,1.0,1.0,1.0,1.0,off,off,off,off,off,off,1.0,1.0,1.0,1.0,1.0,1.0
05min 14sec,3268839 (13.075ms),26878 (2%),19614 (~0%),192 (4%),33 (~0%),6 (~0%),4.0,1.0,1.0,1.0,5.0,1.0,1.0,1.0,1.0,off,off,off,off,off,off,1.0,1.0,1.0,1.0,1.0,1.0
05min 27sec,4188505 (16.754ms),39020 (3%),59718 (2%),160 (3%),33 (~0%),6 (~0%),4.0,1.0,1.0,1.0,1.0,5.0,1.0,1.0,1.0,off,off,off,off,off,off,1.0,1.0,1.0,1.0,1.0,1.0
05min 19sec,2828361 (11.313ms),22734 (1%),15262 (~0%),134 (3%),28 (~0%),10 (1%),4.0,1.0,1.0,1.0,1.0,1.0,1.0,1.0,1.0,off,off,off,off,off,off,4.0,1.0,1.0,1.0,1.0,1.0
04min 47sec,2981013 (11.924ms),19777 (1%),14196 (~0%),138 (3%),34 (~0%),8 (~0%),5.0,1.0,1.0,1.0,1.0,1.0,1.0,1.0,1.0,off,off,off,off,off,off,1.0,1.0,1.0,1.0,1.0,1.0
04min 53sec,3270885 (13.084ms),21795 (1%),15793 (~0%),150 (3%),47 (~0%),8 (~0%),5.0,5.0,1.0,1.0,1.0,1.0,1.0,1.0,1.0,off,off,off,off,off,off,1.0,1.0,1.0,1.0,1.0,1.0
05min 05sec,3580813 (15.986ms),22174 (1%),16194 (~0%),162 (3%),48 (~0%),6 (~0%),5.0,5.0,8.0,1.0,1.0,1.0,1.0,1.0,1.0,off,off,off,off,off,off,1.0,1.0,1.0,1.0,1.0,1.0
05min 05sec,3583312 (15.997ms),22970 (1%),16201 (~0%),162 (3%),44 (~0%),6 (~0%),5.0,5.0,8.0,10.0,1.0,1.0,1.0,1.0,1.0,off,off,off,off,off,off,1.0,1.0,1.0,1.0,1.0,1.0
05min 14sec,3587511 (16.016ms),23796 (2%),16187 (~0%),162 (3%),40 (~0%),6 (~0%),5.0,5.0,8.0,10.0,14.0,1.0,1.0,1.0,1.0,off,off,off,off,off,off,1.0,1.0,1.0,1.0,1.0,1.0
05min 11sec,3591430 (16.033ms),24617 (2%),16184 (~0%),162 (3%),36 (~0%),6 (~0%),5.0,5.0,8.0,10.0,14.0,14.0,1.0,1.0,1.0,off,off,off,off,off,off,1.0,1.0,1.0,1.0,1.0,1.0
60min 00sec,,,,,,,5.0,5.0,8.0,10.0,14.0,14.0,1.0,1.0,1.0,flatten,off,off,off,off,off,1.0,1.0,1.0,1.0,1.0,1.0
60min 00sec,,,,,,,5.0,5.0,8.0,10.0,14.0,14.0,1.0,1.0,1.0,flatten,flatten,off,off,off,off,1.0,1.0,1.0,1.0,1.0,1.0
05min 00sec,2886863 (11.547ms),20165 (1%),14578 (~0%),126 (2%),36 (~0%),8 (~0%),2.0,1.0,1.0,1.0,1.0,1.0,1.0,1.0,1.0,off,off,off,off,off,off,1.0,1.0,1.0,1.0,1.0,1.0
04min 56sec,3113825 (12.455ms),19788 (1%),14205 (~0%),138 (3%),35 (~0%),8 (~0%),1.0,5.0,1.0,1.0,1.0,1.0,1.0,1.0,1.0,off,off,off,off,off,off,1.0,1.0,1.0,1.0,1.0,1.0
04min 42sec,3122120 (12.488ms),18829 (1%),13829 (~0%),138 (3%),33 (~0%),6 (~0%),1.0,1.0,8.0,1.0,1.0,1.0,1.0,1.0,1.0,off,off,off,off,off,off,1.0,1.0,1.0,1.0,1.0,1.0
05min 09sec,3004266 (12.017ms),24740 (2%),17959 (~0%),148 (3%),20 (~0%),7 (~0%),1.0,1.0,1.0,5.0,1.0,1.0,1.0,1.0,1.0,off,off,off,off,off,off,1.0,1.0,1.0,1.0,1.0,1.0
05min 19sec,     ?,27858 (2%),18518 (~0%),180 (4%),20 (~0%),6 (~0%),1.0,1.0,1.0,1.0,7.0,1.0,1.0,1.0,1.0,off,off,off,off,off,off,1.0,1.0,1.0,1.0,1.0,1.0
05min 13sec,3058753 (12.235ms),24663 (2%),16939 (~0%),142 (3%),38 (~0%),10 (1%),1.0,1.0,1.0,1.0,1.0,1.0,1.0,1.0,1.0,off,off,off,off,off,off,1.0,4.0,1.0,1.0,1.0,1.0
05min 15sec,2841383 (12.685ms),19280 (1%),13609 (~0%),138 (3%),26 (~0%),8 (~0%),1.0,1.0,2.0,1.0,1.0,1.0,1.0,1.0,1.0,off,off,off,off,off,off,1.0,1.0,2.0,1.0,1.0,1.0
04min 58sec,2886863 (11.547ms),20165 (1%),14578 (~0%),126 (2%),36 (~0%),8 (~0%),2.0,1.0,1.0,1.0,1.0,1.0,1.0,1.0,1.0,off,off,off,off,off,off,1.0,1.0,1.0,1.0,1.0,1.0
04min 59sec,3239497 (12.958ms),21776 (1%),15793 (~0%),150 (3%),48 (~0%),8 (~0%),4.0,5.0,1.0,1.0,1.0,1.0,1.0,1.0,1.0,off,off,off,off,off,off,1.0,1.0,1.0,1.0,1.0,1.0
05min 12sec,3035575 (13.552ms),20897 (1%),15419 (~0%),150 (3%),49 (~0%),6 (~0%),4.0,1.0,2.0,1.0,1.0,1.0,1.0,1.0,1.0,off,off,off,off,off,off,1.0,1.0,1.0,1.0,1.0,1.0
04min 56sec,3062259 (12.249ms),26216 (2%),19095 (~0%),168 (3%),29 (~0%),8 (~0%),4.0,1.0,1.0,5.0,1.0,1.0,1.0,1.0,1.0,off,off,off,off,off,off,1.0,1.0,1.0,1.0,1.0,1.0
05min 18sec,3268839 (13.075ms),26878 (2%),19614 (~0%),192 (4%),33 (~0%),6 (~0%),4.0,1.0,1.0,1.0,5.0,1.0,1.0,1.0,1.0,off,off,off,off,off,off,1.0,1.0,1.0,1.0,1.0,1.0
05min 49sec,4188505 (16.754ms),39020 (3%),59718 (2%),160 (3%),33 (~0%),6 (~0%),4.0,1.0,1.0,1.0,1.0,5.0,1.0,1.0,1.0,off,off,off,off,off,off,1.0,1.0,1.0,1.0,1.0,1.0
05min 12sec,2827493 (11.31ms),18568 (1%),13286 (~0%),130 (3%),24 (~0%),8 (~0%),4.0,1.0,1.0,1.0,1.0,1.0,1.0,1.0,1.0,off,off,off,off,off,off,2.0,1.0,1.0,1.0,1.0,1.0
