compilation time,cycles,lut utilization,FF utilization,BRAM utilization,DSP utilization,URAM utilization,__PARA__L0,__PARA__L0_0,__PARA__L0_1,__PARA__L0_1_0,__PARA__L0_2,__PARA__L0_2_0,__PARA__L0_3,__PARA__L0_3_0,__PIPE__L0,__PIPE__L0_1,__PIPE__L0_2,__PIPE__L0_3,__TILE__L0,__TILE__L0_1,__TILE__L0_2,__TILE__L0_3
03min 35sec,573445 (2.294ms),26638 (2%),23796 (1%),216 (5%),28 (~0%),0 (~0%),1.0,1.0,1.0,1.0,1.0,1.0,1.0,1.0,off,off,off,off,1.0,1.0,1.0,1.0
03min 28sec,573445 (2.294ms),26638 (2%),23796 (1%),216 (5%),28 (~0%),0 (~0%),40.0,1.0,1.0,1.0,1.0,1.0,1.0,1.0,off,off,off,off,1.0,1.0,1.0,1.0
03min 26sec,623205 (2.493ms),29831 (2%),26290 (1%),280 (6%),28 (~0%),0 (~0%),1.0,1.0,59.0,1.0,1.0,1.0,1.0,1.0,off,off,off,off,1.0,1.0,1.0,1.0
03min 20sec,573445 (2.294ms),26638 (2%),23796 (1%),216 (5%),28 (~0%),0 (~0%),40.0,1.0,1.0,1.0,1.0,1.0,1.0,1.0,off,off,off,off,1.0,1.0,1.0,1.0
03min 29sec,570405 (2.282ms),29750 (2%),24702 (1%),216 (5%),28 (~0%),0 (~0%),1.0,20.0,1.0,1.0,1.0,1.0,1.0,1.0,off,off,off,off,1.0,1.0,1.0,1.0
03min 36sec,570405 (2.282ms),29750 (2%),24702 (1%),216 (5%),28 (~0%),0 (~0%),40.0,20.0,1.0,1.0,1.0,1.0,1.0,1.0,off,off,off,off,1.0,1.0,1.0,1.0
03min 41sec,670405 (2.682ms),30395 (2%),25695 (1%),170 (3%),28 (~0%),12 (1%),40.0,20.0,59.0,1.0,1.0,1.0,1.0,1.0,off,off,off,off,1.0,1.0,1.0,1.0
03min 43sec,670405 (2.682ms),30395 (2%),25695 (1%),170 (3%),28 (~0%),12 (1%),40.0,20.0,59.0,1.0,1.0,1.0,1.0,1.0,off,off,off,off,1.0,1.0,1.0,1.0
03min 35sec,405216 (1.621ms),42977 (3%),36238 (1%),216 (5%),120 (1%),0 (~0%),40.0,20.0,1.0,8.0,1.0,1.0,1.0,1.0,off,off,off,off,1.0,1.0,1.0,1.0
03min 54sec,505205 (2.021ms),44246 (3%),37517 (1%),202 (4%),120 (1%),8 (~0%),40.0,20.0,59.0,8.0,1.0,1.0,1.0,1.0,off,off,off,off,1.0,1.0,1.0,1.0
03min 33sec,393416 (1.574ms),59505 (5%),50490 (2%),248 (5%),232 (3%),0 (~0%),40.0,20.0,1.0,16.0,1.0,1.0,1.0,1.0,off,off,off,off,1.0,1.0,1.0,1.0
05min 13sec,3673864 (14.695ms),60369 (5%),58586 (2%),344 (7%),234 (3%),0 (~0%),40.0,20.0,1.0,16.0,1.0,1.0,59.0,1.0,off,off,off,off,1.0,1.0,1.0,1.0
06min 41sec,493405 (1.974ms),62036 (5%),52804 (2%),234 (5%),232 (3%),8 (~0%),40.0,20.0,59.0,16.0,1.0,1.0,1.0,1.0,off,off,off,off,1.0,1.0,1.0,1.0
10min 39sec,206294 (0.825ms),259157 (21%),271529 (11%),152 (3%),1114 (16%),0 (~0%),40.0,20.0,1.0,16.0,1.0,79.0,1.0,1.0,off,off,off,off,1.0,1.0,1.0,1.0
10min 43sec,353203 (1.413ms),261636 (22%),273719 (11%),138 (3%),1114 (16%),8 (~0%),40.0,20.0,59.0,16.0,1.0,79.0,1.0,1.0,off,off,off,off,1.0,1.0,1.0,1.0
40min 00sec,,,,,,,40.0,20.0,1.0,16.0,10.0,79.0,1.0,1.0,off,off,off,off,1.0,1.0,1.0,1.0
05min 30sec,3510662 (14.043ms),234198 (19%),284616 (12%),248 (5%),1116 (16%),0 (~0%),40.0,20.0,1.0,16.0,1.0,79.0,59.0,1.0,off,off,off,off,1.0,1.0,1.0,1.0
07min 26sec,38534 (0.166ms),309437 (26%),328405 (13%),120 (2%),1114 (16%),0 (~0%),40.0,20.0,1.0,16.0,1.0,79.0,1.0,79.0,off,off,off,off,1.0,1.0,1.0,1.0
07min 08sec,185443 (0.799ms),277113 (23%),314338 (13%),138 (3%),1114 (16%),0 (~0%),40.0,20.0,59.0,16.0,1.0,79.0,1.0,79.0,off,off,off,off,1.0,1.0,1.0,1.0
07min 39sec,236083 (1.018ms),322325 (27%),355998 (15%),202 (4%),1339 (19%),0 (~0%),40.0,20.0,29.0,16.0,1.0,79.0,1.0,79.0,off,off,off,off,1.0,1.0,1.0,1.0
07min 03sec,185443 (0.799ms),277113 (23%),314338 (13%),138 (3%),1114 (16%),0 (~0%),40.0,20.0,59.0,16.0,1.0,79.0,1.0,79.0,off,off,off,off,1.0,1.0,1.0,1.0
06min 31sec,185443 (0.799ms),277113 (23%),314338 (13%),138 (3%),1114 (16%),0 (~0%),40.0,20.0,59.0,16.0,1.0,79.0,1.0,79.0,off,off,off,off,1.0,1.0,1.0,1.0
40min 00sec,,,,,,,40.0,20.0,59.0,16.0,20.0,79.0,1.0,79.0,off,off,off,off,1.0,1.0,1.0,1.0
08min 49sec,185443 (0.799ms),277113 (23%),314338 (13%),138 (3%),1114 (16%),0 (~0%),40.0,20.0,59.0,16.0,1.0,79.0,1.0,79.0,off,off,off,off,1.0,1.0,1.0,1.0
40min 00sec,,,,,,,40.0,20.0,59.0,16.0,1.0,79.0,1.0,79.0,flatten,off,off,off,1.0,1.0,1.0,1.0
27min 09sec,205703 (0.887ms),1396420 (118%),1739089 (73%),138 (3%),6682 (97%),0 (~0%),40.0,20.0,59.0,16.0,6.0,79.0,1.0,79.0,off,off,off,off,1.0,1.0,1.0,1.0
40min 00sec,,,,,,,40.0,20.0,59.0,16.0,1.0,79.0,59.0,79.0,off,off,off,off,1.0,1.0,1.0,1.0
07min 39sec,38534 (0.166ms),309437 (26%),328405 (13%),120 (2%),1114 (16%),0 (~0%),40.0,20.0,1.0,16.0,1.0,79.0,1.0,79.0,off,off,off,off,1.0,1.0,1.0,1.0
08min 00sec,236083 (1.018ms),322325 (27%),355998 (15%),202 (4%),1339 (19%),0 (~0%),40.0,20.0,29.0,16.0,1.0,79.0,1.0,79.0,off,off,off,off,1.0,1.0,1.0,1.0
07min 13sec,185443 (0.799ms),277113 (23%),314338 (13%),138 (3%),1114 (16%),0 (~0%),40.0,20.0,59.0,16.0,1.0,79.0,1.0,79.0,off,off,off,off,1.0,1.0,1.0,1.0
03min 17sec,573445 (2.294ms),26638 (2%),23796 (1%),216 (5%),28 (~0%),0 (~0%),1.0,1.0,1.0,1.0,1.0,1.0,1.0,1.0,off,off,off,off,1.0,1.0,1.0,1.0
03min 17sec,623205 (2.493ms),29831 (2%),26290 (1%),280 (6%),28 (~0%),0 (~0%),1.0,1.0,59.0,1.0,1.0,1.0,1.0,1.0,off,off,off,off,1.0,1.0,1.0,1.0
03min 04sec,573445 (2.294ms),26638 (2%),23796 (1%),216 (5%),28 (~0%),0 (~0%),40.0,1.0,1.0,1.0,1.0,1.0,1.0,1.0,off,off,off,off,1.0,1.0,1.0,1.0
03min 25sec,570125 (2.28ms),57198 (4%),42520 (1%),184 (4%),28 (~0%),0 (~0%),40.0,80.0,1.0,1.0,1.0,1.0,1.0,1.0,off,off,off,off,1.0,1.0,1.0,1.0
03min 09sec,596685 (2.387ms),28954 (2%),25318 (1%),280 (6%),28 (~0%),0 (~0%),40.0,80.0,59.0,1.0,1.0,1.0,1.0,1.0,off,off,off,off,1.0,1.0,1.0,1.0
03min 08sec,596685 (2.387ms),28954 (2%),25318 (1%),280 (6%),28 (~0%),0 (~0%),40.0,80.0,59.0,1.0,1.0,1.0,1.0,1.0,off,off,off,off,1.0,1.0,1.0,1.0
03min 07sec,596685 (2.387ms),28954 (2%),25318 (1%),280 (6%),28 (~0%),0 (~0%),40.0,80.0,59.0,1.0,1.0,1.0,1.0,1.0,off,off,off,off,1.0,1.0,1.0,1.0
03min 14sec,573445 (2.294ms),26638 (2%),23796 (1%),216 (5%),28 (~0%),0 (~0%),1.0,1.0,1.0,1.0,1.0,1.0,1.0,1.0,off,off,off,off,1.0,1.0,1.0,1.0
03min 16sec,623205 (2.493ms),29831 (2%),26290 (1%),280 (6%),28 (~0%),0 (~0%),1.0,1.0,59.0,1.0,1.0,1.0,1.0,1.0,off,off,off,off,1.0,1.0,1.0,1.0
05min 25sec,389443 (1.558ms),368993 (31%),360526 (15%),120 (2%),1588 (23%),0 (~0%),1.0,1.0,1.0,1.0,1.0,1.0,1.0,79.0,off,off,off,off,1.0,1.0,1.0,1.0
07min 25sec,240574 (1.037ms),210232 (17%),223942 (9%),120 (2%),355 (5%),0 (~0%),1.0,1.0,1.0,8.0,1.0,1.0,1.0,79.0,off,off,off,off,1.0,1.0,1.0,1.0
06min 28sec,290323 (1.251ms),188742 (15%),219714 (9%),152 (3%),355 (5%),0 (~0%),1.0,1.0,59.0,8.0,1.0,1.0,1.0,79.0,off,off,off,off,1.0,1.0,1.0,1.0
07min 30sec,53374 (0.23ms),278867 (23%),316276 (13%),120 (2%),1114 (16%),0 (~0%),1.0,1.0,1.0,8.0,1.0,79.0,1.0,79.0,off,off,off,off,1.0,1.0,1.0,1.0
06min 38sec,126443 (0.545ms),257377 (21%),312048 (13%),152 (3%),1114 (16%),0 (~0%),1.0,1.0,59.0,8.0,1.0,79.0,1.0,79.0,off,off,off,off,1.0,1.0,1.0,1.0
06min 43sec,36854 (0.147ms),402649 (34%),413035 (17%),120 (2%),1588 (23%),0 (~0%),8.0,1.0,1.0,8.0,1.0,79.0,1.0,79.0,off,off,off,off,1.0,1.0,1.0,1.0
05min 54sec,109923 (0.44ms),373671 (31%),398886 (16%),152 (3%),1588 (23%),0 (~0%),8.0,1.0,59.0,8.0,1.0,79.0,1.0,79.0,off,off,off,off,1.0,1.0,1.0,1.0
06min 42sec,25054 (0.1ms),433020 (36%),425168 (17%),120 (2%),1588 (23%),0 (~0%),8.0,1.0,1.0,16.0,1.0,79.0,1.0,79.0,off,off,off,off,1.0,1.0,1.0,1.0
06min 05sec,98123 (0.392ms),392668 (33%),401569 (16%),152 (3%),1588 (23%),0 (~0%),8.0,1.0,59.0,16.0,1.0,79.0,1.0,79.0,off,off,off,off,1.0,1.0,1.0,1.0
04min 43sec,573445 (2.294ms),26694 (2%),23803 (1%),216 (5%),28 (~0%),0 (~0%),8.0,1.0,1.0,1.0,1.0,1.0,1.0,1.0,off,off,off,off,1.0,1.0,1.0,1.0
04min 44sec,408256 (1.633ms),39411 (3%),35335 (1%),216 (5%),120 (1%),0 (~0%),1.0,1.0,1.0,8.0,1.0,1.0,1.0,1.0,off,off,off,off,1.0,1.0,1.0,1.0
04min 59sec,     ?,33195 (2%),28617 (1%),296 (6%),36 (~0%),0 (~0%),1.0,1.0,1.0,1.0,12.0,1.0,1.0,1.0,off,off,off,off,1.0,1.0,1.0,1.0
06min 03sec,386323 (1.545ms),216177 (18%),259958 (10%),152 (3%),1114 (16%),0 (~0%),1.0,1.0,1.0,1.0,1.0,79.0,1.0,1.0,off,off,off,off,1.0,1.0,1.0,1.0
04min 50sec,3836584 (15.346ms),34893 (2%),33707 (1%),344 (7%),30 (~0%),0 (~0%),1.0,1.0,1.0,1.0,1.0,1.0,59.0,1.0,off,off,off,off,1.0,1.0,1.0,1.0
07min 44sec,389443 (1.558ms),369049 (31%),360533 (15%),120 (2%),1588 (23%),0 (~0%),8.0,1.0,1.0,1.0,1.0,1.0,1.0,79.0,off,off,off,off,1.0,1.0,1.0,1.0
07min 47sec,386643 (1.547ms),368990 (31%),360523 (15%),120 (2%),1588 (23%),0 (~0%),1.0,8.0,1.0,1.0,1.0,1.0,1.0,79.0,off,off,off,off,1.0,1.0,1.0,1.0
07min 02sec,439203 (1.757ms),342470 (28%),351688 (14%),152 (3%),1588 (23%),0 (~0%),1.0,1.0,59.0,1.0,1.0,1.0,1.0,79.0,off,off,off,off,1.0,1.0,1.0,1.0
09min 41sec,228774 (0.986ms),241757 (20%),238313 (10%),120 (2%),403 (5%),0 (~0%),1.0,1.0,1.0,16.0,1.0,1.0,1.0,79.0,off,off,off,off,1.0,1.0,1.0,1.0
08min 45sec,     ?,355605 (30%),294821 (12%),168 (3%),1596 (23%),0 (~0%),1.0,1.0,1.0,1.0,15.0,1.0,1.0,79.0,off,off,off,off,1.0,1.0,1.0,1.0
07min 37sec,202043 (0.808ms),371308 (31%),393386 (16%),120 (2%),1588 (23%),0 (~0%),1.0,1.0,1.0,1.0,1.0,79.0,1.0,79.0,off,off,off,off,1.0,1.0,1.0,1.0
80min 00sec,,,,,,,1.0,1.0,1.0,1.0,1.0,1.0,59.0,79.0,off,off,off,off,1.0,1.0,1.0,1.0
80min 00sec,,,,,,,1.0,1.0,1.0,1.0,1.0,1.0,1.0,39.0,off,off,off,off,1.0,1.0,1.0,1.0
06min 19sec,386393 (1.546ms),216403 (18%),259902 (10%),152 (3%),1114 (16%),0 (~0%),2.0,1.0,1.0,1.0,1.0,79.0,1.0,1.0,off,off,off,off,1.0,1.0,1.0,1.0
06min 10sec,383523 (1.534ms),216174 (18%),259955 (10%),152 (3%),1114 (16%),0 (~0%),1.0,8.0,1.0,1.0,1.0,79.0,1.0,1.0,off,off,off,off,1.0,1.0,1.0,1.0
06min 26sec,459403 (1.838ms),219436 (18%),262600 (11%),216 (5%),1114 (16%),0 (~0%),1.0,1.0,59.0,1.0,1.0,79.0,1.0,1.0,off,off,off,off,1.0,1.0,1.0,1.0
07min 02sec,221134 (0.885ms),238988 (20%),268969 (11%),152 (3%),1114 (16%),0 (~0%),1.0,1.0,1.0,8.0,1.0,79.0,1.0,1.0,off,off,off,off,1.0,1.0,1.0,1.0
14min 23sec,384311 (1.537ms),744018 (62%),628155 (26%),152 (3%),4432 (64%),0 (~0%),1.0,1.0,1.0,1.0,4.0,79.0,1.0,1.0,off,off,off,off,1.0,1.0,1.0,1.0
07min 20sec,3673382 (14.694ms),229241 (19%),278549 (11%),248 (5%),1116 (16%),0 (~0%),1.0,1.0,1.0,1.0,1.0,79.0,59.0,1.0,off,off,off,off,1.0,1.0,1.0,1.0
07min 49sec,199883 (0.8ms),285141 (24%),315305 (13%),120 (2%),1128 (16%),0 (~0%),1.0,1.0,1.0,1.0,1.0,79.0,1.0,1.0,off,flatten,off,off,1.0,1.0,1.0,1.0
06min 09sec,386323 (1.545ms),216177 (18%),259958 (10%),152 (3%),1114 (16%),0 (~0%),1.0,1.0,1.0,1.0,1.0,79.0,1.0,1.0,off,off,flatten,off,1.0,1.0,1.0,1.0
07min 19sec,199883 (0.8ms),284460 (24%),314329 (13%),106 (2%),1128 (16%),0 (~0%),20.0,1.0,1.0,1.0,1.0,79.0,1.0,1.0,off,flatten,off,off,1.0,1.0,1.0,1.0
07min 13sec,196843 (0.787ms),285154 (24%),315301 (13%),120 (2%),1128 (16%),0 (~0%),1.0,20.0,1.0,1.0,1.0,79.0,1.0,1.0,off,flatten,off,off,1.0,1.0,1.0,1.0
80min 00sec,,,,,,,1.0,1.0,29.0,1.0,1.0,79.0,1.0,1.0,off,flatten,off,off,1.0,1.0,1.0,1.0
07min 07sec,199883 (0.8ms),285141 (24%),315305 (13%),120 (2%),1128 (16%),0 (~0%),1.0,1.0,1.0,10.0,1.0,79.0,1.0,1.0,off,flatten,off,off,1.0,1.0,1.0,1.0
19min 28sec,218343 (0.873ms),1091459 (92%),1490301 (63%),120 (2%),5576 (81%),0 (~0%),1.0,1.0,1.0,1.0,5.0,79.0,1.0,1.0,off,flatten,off,off,1.0,1.0,1.0,1.0
08min 00sec,3510662 (14.043ms),283112 (23%),338752 (14%),152 (3%),1130 (16%),0 (~0%),1.0,1.0,1.0,1.0,1.0,79.0,59.0,1.0,off,flatten,off,off,1.0,1.0,1.0,1.0
09min 49sec,32123 (0.138ms),303978 (25%),353608 (14%),120 (2%),1128 (16%),0 (~0%),1.0,1.0,1.0,1.0,1.0,79.0,1.0,79.0,off,flatten,off,off,1.0,1.0,1.0,1.0
80min 00sec,,,,,,,1.0,1.0,1.0,1.0,1.0,79.0,1.0,1.0,flatten,flatten,off,off,1.0,1.0,1.0,1.0
07min 04sec,202113 (0.808ms),371596 (31%),393330 (16%),120 (2%),1588 (23%),0 (~0%),4.0,1.0,1.0,1.0,1.0,79.0,1.0,79.0,off,off,off,off,1.0,1.0,1.0,1.0
07min 02sec,199243 (0.797ms),371305 (31%),393383 (16%),120 (2%),1588 (23%),0 (~0%),1.0,8.0,1.0,1.0,1.0,79.0,1.0,79.0,off,off,off,off,1.0,1.0,1.0,1.0
06min 20sec,275123 (1.1ms),344785 (29%),384548 (16%),152 (3%),1588 (23%),0 (~0%),1.0,1.0,59.0,1.0,1.0,79.0,1.0,79.0,off,off,off,off,1.0,1.0,1.0,1.0
80min 00sec,,,,,,,1.0,1.0,1.0,1.0,12.0,79.0,1.0,79.0,off,off,off,off,1.0,1.0,1.0,1.0
80min 00sec,,,,,,,1.0,1.0,1.0,1.0,1.0,79.0,59.0,79.0,off,off,off,off,1.0,1.0,1.0,1.0
80min 00sec,,,,,,,1.0,1.0,1.0,1.0,1.0,79.0,1.0,79.0,flatten,off,off,off,1.0,1.0,1.0,1.0
07min 01sec,202043 (0.808ms),371308 (31%),393386 (16%),120 (2%),1588 (23%),0 (~0%),1.0,1.0,1.0,1.0,1.0,79.0,1.0,79.0,off,off,off,flatten,1.0,1.0,1.0,1.0
07min 49sec,15603 (0.062ms),424438 (35%),449453 (19%),120 (2%),1596 (23%),0 (~0%),8.0,1.0,1.0,1.0,1.0,79.0,1.0,79.0,off,flatten,off,off,1.0,1.0,1.0,1.0
08min 41sec,29323 (0.126ms),303975 (25%),353605 (14%),120 (2%),1128 (16%),0 (~0%),1.0,8.0,1.0,1.0,1.0,79.0,1.0,79.0,off,flatten,off,off,1.0,1.0,1.0,1.0
80min 00sec,,,,,,,1.0,1.0,30.0,1.0,1.0,79.0,1.0,79.0,off,flatten,off,off,1.0,1.0,1.0,1.0
08min 44sec,32123 (0.138ms),303978 (25%),353608 (14%),120 (2%),1128 (16%),0 (~0%),1.0,1.0,1.0,16.0,1.0,79.0,1.0,79.0,off,flatten,off,off,1.0,1.0,1.0,1.0
67min 02sec,50183 (0.216ms),2017841 (170%),2654118 (112%),120 (2%),11106 (162%),0 (~0%),1.0,1.0,1.0,1.0,10.0,79.0,1.0,79.0,off,flatten,off,off,1.0,1.0,1.0,1.0
80min 00sec,,,,,,,1.0,1.0,1.0,1.0,1.0,79.0,30.0,79.0,off,flatten,off,off,1.0,1.0,1.0,1.0
07min 44sec,151283 (0.605ms),314910 (26%),364915 (15%),120 (2%),1128 (16%),0 (~0%),1.0,1.0,1.0,1.0,1.0,79.0,1.0,39.0,off,flatten,off,off,1.0,1.0,1.0,1.0
80min 00sec,,,,,,,1.0,1.0,1.0,1.0,1.0,79.0,1.0,79.0,flatten,flatten,off,off,1.0,1.0,1.0,1.0
07min 43sec,36854 (0.147ms),401500 (33%),411530 (17%),98 (2%),1588 (23%),0 (~0%),10.0,1.0,1.0,8.0,1.0,79.0,1.0,79.0,off,off,off,off,1.0,1.0,1.0,1.0
08min 36sec,50494 (0.218ms),278885 (23%),316273 (13%),120 (2%),1114 (16%),0 (~0%),1.0,10.0,1.0,8.0,1.0,79.0,1.0,79.0,off,off,off,off,1.0,1.0,1.0,1.0
08min 31sec,48654 (0.21ms),279169 (23%),317755 (13%),120 (2%),1114 (16%),0 (~0%),1.0,1.0,1.0,10.0,1.0,79.0,1.0,79.0,off,off,off,off,1.0,1.0,1.0,1.0
80min 00sec,,,,,,,1.0,1.0,1.0,8.0,15.0,79.0,1.0,79.0,off,off,off,off,1.0,1.0,1.0,1.0
80min 00sec,,,,,,,1.0,1.0,1.0,8.0,1.0,79.0,59.0,79.0,off,off,off,off,1.0,1.0,1.0,1.0
80min 00sec,,,,,,,1.0,1.0,1.0,8.0,1.0,79.0,1.0,39.0,off,off,off,off,1.0,1.0,1.0,1.0
80min 00sec,,,,,,,1.0,1.0,1.0,8.0,1.0,79.0,1.0,79.0,flatten,off,off,off,1.0,1.0,1.0,1.0
08min 40sec,15603 (0.062ms),423289 (35%),447948 (18%),98 (2%),1596 (23%),0 (~0%),10.0,1.0,1.0,1.0,1.0,79.0,1.0,79.0,off,flatten,off,off,1.0,1.0,1.0,1.0
08min 45sec,12803 (0.051ms),424435 (35%),449450 (19%),120 (2%),1596 (23%),0 (~0%),8.0,8.0,1.0,1.0,1.0,79.0,1.0,79.0,off,flatten,off,off,1.0,1.0,1.0,1.0
80min 00sec,,,,,,,8.0,1.0,59.0,1.0,1.0,79.0,1.0,79.0,off,flatten,off,off,1.0,1.0,1.0,1.0
08min 29sec,15603 (0.062ms),424438 (35%),449453 (19%),120 (2%),1596 (23%),0 (~0%),8.0,1.0,1.0,8.0,1.0,79.0,1.0,79.0,off,flatten,off,off,1.0,1.0,1.0,1.0
80min 00sec,,,,,,,8.0,1.0,1.0,1.0,12.0,79.0,1.0,79.0,off,flatten,off,off,1.0,1.0,1.0,1.0
80min 00sec,,,,,,,8.0,1.0,1.0,1.0,1.0,79.0,59.0,79.0,off,flatten,off,off,1.0,1.0,1.0,1.0
08min 30sec,15603 (0.062ms),424438 (35%),449453 (19%),120 (2%),1596 (23%),0 (~0%),8.0,1.0,1.0,1.0,1.0,79.0,1.0,79.0,off,flatten,off,flatten,1.0,1.0,1.0,1.0
08min 10sec,36924 (0.148ms),402881 (34%),412972 (17%),120 (2%),1588 (23%),0 (~0%),4.0,1.0,1.0,8.0,1.0,79.0,1.0,79.0,off,off,off,off,1.0,1.0,1.0,1.0
08min 12sec,36854 (0.147ms),402096 (34%),413048 (17%),120 (2%),1588 (23%),0 (~0%),5.0,1.0,1.0,8.0,1.0,79.0,1.0,79.0,off,off,off,off,1.0,1.0,1.0,1.0
08min 22sec,34454 (0.138ms),401497 (33%),411528 (17%),98 (2%),1588 (23%),0 (~0%),10.0,4.0,1.0,8.0,1.0,79.0,1.0,79.0,off,off,off,off,1.0,1.0,1.0,1.0
08min 17sec,34294 (0.137ms),401512 (33%),411528 (17%),98 (2%),1588 (23%),0 (~0%),10.0,5.0,1.0,8.0,1.0,79.0,1.0,79.0,off,off,off,off,1.0,1.0,1.0,1.0
07min 26sec,109923 (0.44ms),372522 (31%),397381 (16%),130 (3%),1588 (23%),0 (~0%),10.0,1.0,59.0,8.0,1.0,79.0,1.0,79.0,off,off,off,off,1.0,1.0,1.0,1.0
71min 36sec,54943 (0.22ms),2219170 (187%),2880344 (121%),98 (2%),11106 (162%),0 (~0%),10.0,1.0,1.0,8.0,10.0,79.0,1.0,79.0,off,off,off,off,1.0,1.0,1.0,1.0
80min 00sec,,,,,,,10.0,1.0,1.0,8.0,1.0,79.0,59.0,79.0,off,off,off,off,1.0,1.0,1.0,1.0
08min 27sec,25054 (0.1ms),431871 (36%),423663 (17%),98 (2%),1588 (23%),0 (~0%),10.0,1.0,1.0,16.0,1.0,79.0,1.0,79.0,off,off,off,off,1.0,1.0,1.0,1.0
08min 52sec,12873 (0.051ms),424667 (35%),449387 (19%),120 (2%),1596 (23%),0 (~0%),4.0,8.0,1.0,1.0,1.0,79.0,1.0,79.0,off,flatten,off,off,1.0,1.0,1.0,1.0
08min 52sec,12603 (0.05ms),424432 (35%),449449 (19%),120 (2%),1596 (23%),0 (~0%),8.0,16.0,1.0,1.0,1.0,79.0,1.0,79.0,off,flatten,off,off,1.0,1.0,1.0,1.0
80min 00sec,,,,,,,8.0,8.0,59.0,1.0,1.0,79.0,1.0,79.0,off,flatten,off,off,1.0,1.0,1.0,1.0
08min 55sec,12803 (0.051ms),424435 (35%),449450 (19%),120 (2%),1596 (23%),0 (~0%),8.0,8.0,1.0,8.0,1.0,79.0,1.0,79.0,off,flatten,off,off,1.0,1.0,1.0,1.0
80min 00sec,,,,,,,8.0,8.0,1.0,1.0,6.0,79.0,1.0,79.0,off,flatten,off,off,1.0,1.0,1.0,1.0
80min 00sec,,,,,,,8.0,8.0,1.0,1.0,1.0,79.0,8.0,79.0,off,flatten,off,off,1.0,1.0,1.0,1.0
08min 55sec,12803 (0.051ms),424435 (35%),449450 (19%),120 (2%),1596 (23%),0 (~0%),8.0,8.0,1.0,1.0,1.0,79.0,1.0,79.0,off,flatten,flatten,off,1.0,1.0,1.0,1.0
08min 52sec,12803 (0.051ms),424435 (35%),449450 (19%),120 (2%),1596 (23%),0 (~0%),8.0,8.0,1.0,1.0,1.0,79.0,1.0,79.0,off,flatten,off,flatten,1.0,1.0,1.0,1.0
08min 35sec,25054 (0.1ms),432467 (36%),425181 (17%),120 (2%),1588 (23%),0 (~0%),5.0,1.0,1.0,16.0,1.0,79.0,1.0,79.0,off,off,off,off,1.0,1.0,1.0,1.0
08min 55sec,22654 (0.091ms),431868 (36%),423661 (17%),98 (2%),1588 (23%),0 (~0%),10.0,4.0,1.0,16.0,1.0,79.0,1.0,79.0,off,off,off,off,1.0,1.0,1.0,1.0
07min 59sec,98123 (0.392ms),391519 (33%),400064 (16%),130 (3%),1588 (23%),0 (~0%),10.0,1.0,59.0,16.0,1.0,79.0,1.0,79.0,off,off,off,off,1.0,1.0,1.0,1.0
08min 55sec,22694 (0.091ms),432397 (36%),426640 (18%),98 (2%),1588 (23%),0 (~0%),10.0,1.0,1.0,20.0,1.0,79.0,1.0,79.0,off,off,off,off,1.0,1.0,1.0,1.0
80min 00sec,,,,,,,10.0,1.0,1.0,16.0,10.0,79.0,1.0,79.0,off,off,off,off,1.0,1.0,1.0,1.0
80min 00sec,,,,,,,10.0,1.0,1.0,16.0,1.0,79.0,59.0,79.0,off,off,off,off,1.0,1.0,1.0,1.0
08min 33sec,2834083 (12.43ms),299959 (25%),311960 (13%),98 (2%),1114 (16%),0 (~0%),10.0,1.0,1.0,16.0,1.0,79.0,1.0,40.0,off,off,off,off,1.0,1.0,1.0,1.0
80min 00sec,,,,,,,10.0,1.0,1.0,16.0,1.0,79.0,1.0,79.0,flatten,off,off,off,1.0,1.0,1.0,1.0
04min 50sec,573445 (2.294ms),26141 (2%),23816 (1%),216 (5%),28 (~0%),0 (~0%),5.0,1.0,1.0,1.0,1.0,1.0,1.0,1.0,off,off,off,off,1.0,1.0,1.0,1.0
04min 50sec,571045 (2.284ms),26635 (2%),23794 (1%),216 (5%),28 (~0%),0 (~0%),1.0,4.0,1.0,1.0,1.0,1.0,1.0,1.0,off,off,off,off,1.0,1.0,1.0,1.0
05min 18sec,480898 (2.055ms),56369 (4%),53247 (2%),224 (5%),156 (2%),0 (~0%),1.0,1.0,1.0,10.0,1.0,1.0,1.0,1.0,off,off,off,off,1.0,1.0,1.0,1.0
04min 54sec,     ?,34709 (2%),30131 (1%),248 (5%),36 (~0%),0 (~0%),1.0,1.0,1.0,1.0,3.0,1.0,1.0,1.0,off,off,off,off,1.0,1.0,1.0,1.0
60min 00sec,,,,,,,1.0,1.0,1.0,1.0,1.0,1.0,1.0,1.0,flatten,off,off,off,1.0,1.0,1.0,1.0
04min 53sec,592982 (2.372ms),26904 (2%),24196 (1%),216 (5%),28 (~0%),0 (~0%),1.0,1.0,1.0,1.0,1.0,1.0,1.0,1.0,off,off,off,off,4.0,1.0,1.0,1.0
14min 52sec,571115 (2.284ms),26923 (2%),23738 (1%),216 (5%),28 (~0%),0 (~0%),4.0,4.0,1.0,1.0,1.0,1.0,1.0,1.0,off,off,off,off,1.0,1.0,1.0,1.0
14min 50sec,571045 (2.284ms),26138 (2%),23814 (1%),216 (5%),28 (~0%),0 (~0%),5.0,4.0,1.0,1.0,1.0,1.0,1.0,1.0,off,off,off,off,1.0,1.0,1.0,1.0
14min 50sec,571045 (2.284ms),26691 (2%),23801 (1%),216 (5%),28 (~0%),0 (~0%),8.0,4.0,1.0,1.0,1.0,1.0,1.0,1.0,off,off,off,off,1.0,1.0,1.0,1.0
14min 57sec,623205 (2.493ms),29828 (2%),26288 (1%),280 (6%),28 (~0%),0 (~0%),1.0,4.0,59.0,1.0,1.0,1.0,1.0,1.0,off,off,off,off,1.0,1.0,1.0,1.0
14min 49sec,429456 (1.718ms),34014 (2%),28716 (1%),216 (5%),64 (~0%),0 (~0%),1.0,4.0,1.0,4.0,1.0,1.0,1.0,1.0,off,off,off,off,1.0,1.0,1.0,1.0
14min 52sec,405856 (1.623ms),39408 (3%),35333 (1%),216 (5%),120 (1%),0 (~0%),1.0,4.0,1.0,8.0,1.0,1.0,1.0,1.0,off,off,off,off,1.0,1.0,1.0,1.0
15min 18sec,     ?,34706 (2%),30129 (1%),248 (5%),36 (~0%),0 (~0%),1.0,4.0,1.0,1.0,3.0,1.0,1.0,1.0,off,off,off,off,1.0,1.0,1.0,1.0
15min 52sec,1549720 (6.199ms),66204 (5%),60772 (2%),440 (10%),54 (~0%),0 (~0%),1.0,4.0,1.0,1.0,1.0,1.0,1.0,1.0,off,off,off,off,1.0,1.0,1.0,2.0
14min 52sec,573515 (2.294ms),26926 (2%),23740 (1%),216 (5%),28 (~0%),0 (~0%),4.0,1.0,1.0,1.0,1.0,1.0,1.0,1.0,off,off,off,off,1.0,1.0,1.0,1.0
15min 18sec,639725 (2.559ms),37779 (3%),32711 (1%),248 (5%),43 (~0%),0 (~0%),5.0,1.0,5.0,1.0,1.0,1.0,1.0,1.0,off,off,off,off,1.0,1.0,1.0,1.0
14min 52sec,431856 (1.727ms),33520 (2%),28738 (1%),216 (5%),64 (~0%),0 (~0%),5.0,1.0,1.0,4.0,1.0,1.0,1.0,1.0,off,off,off,off,1.0,1.0,1.0,1.0
15min 18sec,     ?,34316 (2%),30207 (1%),248 (5%),36 (~0%),0 (~0%),5.0,1.0,1.0,1.0,5.0,1.0,1.0,1.0,off,off,off,off,1.0,1.0,1.0,1.0
15min 54sec,386323 (1.545ms),215680 (18%),259978 (10%),152 (3%),1114 (16%),0 (~0%),5.0,1.0,1.0,1.0,1.0,79.0,1.0,1.0,off,off,off,off,1.0,1.0,1.0,1.0
14min 50sec,575729 (2.303ms),26312 (2%),23796 (1%),216 (5%),28 (~0%),0 (~0%),5.0,1.0,1.0,1.0,1.0,1.0,1.0,1.0,off,off,off,off,4.0,1.0,1.0,1.0
05min 36sec,571045 (2.284ms),25542 (2%),22296 (~0%),194 (4%),28 (~0%),0 (~0%),10.0,4.0,1.0,1.0,1.0,1.0,1.0,1.0,off,off,off,off,1.0,1.0,1.0,1.0
05min 30sec,571845 (2.287ms),26140 (2%),23815 (1%),216 (5%),28 (~0%),0 (~0%),5.0,2.0,1.0,1.0,1.0,1.0,1.0,1.0,off,off,off,off,1.0,1.0,1.0,1.0
05min 31sec,623205 (2.493ms),29331 (2%),26308 (1%),280 (6%),28 (~0%),0 (~0%),5.0,4.0,59.0,1.0,1.0,1.0,1.0,1.0,off,off,off,off,1.0,1.0,1.0,1.0
05min 28sec,405856 (1.623ms),38911 (3%),35353 (1%),216 (5%),120 (1%),0 (~0%),5.0,4.0,1.0,8.0,1.0,1.0,1.0,1.0,off,off,off,off,1.0,1.0,1.0,1.0
05min 43sec,     ?,32674 (2%),28681 (1%),296 (6%),36 (~0%),0 (~0%),5.0,4.0,1.0,1.0,10.0,1.0,1.0,1.0,off,off,off,off,1.0,1.0,1.0,1.0
05min 41sec,3836584 (15.346ms),34393 (2%),33725 (1%),344 (7%),30 (~0%),0 (~0%),5.0,4.0,1.0,1.0,1.0,1.0,59.0,1.0,off,off,off,off,1.0,1.0,1.0,1.0
07min 07sec,384525 (1.538ms),219103 (18%),185552 (7%),152 (3%),1128 (16%),0 (~0%),5.0,4.0,1.0,1.0,1.0,1.0,1.0,1.0,off,flatten,off,off,1.0,1.0,1.0,1.0
05min 29sec,571045 (2.284ms),26138 (2%),23814 (1%),216 (5%),28 (~0%),0 (~0%),5.0,4.0,1.0,1.0,1.0,1.0,1.0,1.0,off,off,off,off,8.0,1.0,1.0,1.0
05min 32sec,429526 (1.718ms),34240 (2%),28660 (1%),216 (5%),64 (~0%),0 (~0%),2.0,4.0,1.0,4.0,1.0,1.0,1.0,1.0,off,off,off,off,1.0,1.0,1.0,1.0
05min 32sec,429526 (1.718ms),34302 (2%),28660 (1%),216 (5%),64 (~0%),0 (~0%),4.0,4.0,1.0,4.0,1.0,1.0,1.0,1.0,off,off,off,off,1.0,1.0,1.0,1.0
05min 54sec,492205 (1.969ms),52179 (4%),42311 (1%),248 (5%),120 (1%),0 (~0%),1.0,4.0,4.0,4.0,1.0,1.0,1.0,1.0,off,off,off,off,1.0,1.0,1.0,1.0
05min 28sec,476656 (1.907ms),31364 (2%),26469 (1%),216 (5%),36 (~0%),0 (~0%),1.0,4.0,1.0,2.0,1.0,1.0,1.0,1.0,off,off,off,off,1.0,1.0,1.0,1.0
05min 51sec,     ?,42020 (3%),35056 (1%),248 (5%),72 (1%),0 (~0%),1.0,4.0,1.0,4.0,4.0,1.0,1.0,1.0,off,off,off,off,1.0,1.0,1.0,1.0
07min 06sec,242334 (0.969ms),238779 (20%),267056 (11%),152 (3%),1114 (16%),0 (~0%),1.0,4.0,1.0,4.0,1.0,79.0,1.0,1.0,off,off,off,off,1.0,1.0,1.0,1.0
05min 46sec,3694984 (14.78ms),38755 (3%),37731 (1%),344 (7%),66 (~0%),0 (~0%),1.0,4.0,1.0,4.0,1.0,1.0,59.0,1.0,off,off,off,off,1.0,1.0,1.0,1.0
05min 32sec,449092 (1.796ms),34280 (2%),29116 (1%),216 (5%),64 (~0%),0 (~0%),1.0,4.0,1.0,4.0,1.0,1.0,1.0,1.0,off,off,off,off,4.0,1.0,1.0,1.0
04min 45sec,571845 (2.287ms),26693 (2%),23802 (1%),216 (5%),28 (~0%),0 (~0%),8.0,2.0,1.0,1.0,1.0,1.0,1.0,1.0,off,off,off,off,1.0,1.0,1.0,1.0
04min 54sec,571845 (2.287ms),25544 (2%),22297 (~0%),194 (4%),28 (~0%),0 (~0%),10.0,2.0,1.0,1.0,1.0,1.0,1.0,1.0,off,off,off,off,1.0,1.0,1.0,1.0
04min 50sec,623205 (2.493ms),29333 (2%),26309 (1%),280 (6%),28 (~0%),0 (~0%),5.0,2.0,59.0,1.0,1.0,1.0,1.0,1.0,off,off,off,off,1.0,1.0,1.0,1.0
04min 42sec,430256 (1.721ms),33519 (2%),28737 (1%),216 (5%),64 (~0%),0 (~0%),5.0,2.0,1.0,4.0,1.0,1.0,1.0,1.0,off,off,off,off,1.0,1.0,1.0,1.0
05min 06sec,     ?,34182 (2%),30168 (1%),248 (5%),36 (~0%),0 (~0%),5.0,2.0,1.0,1.0,4.0,1.0,1.0,1.0,off,off,off,off,1.0,1.0,1.0,1.0
04min 56sec,3836584 (15.346ms),34395 (2%),33726 (1%),344 (7%),30 (~0%),0 (~0%),5.0,2.0,1.0,1.0,1.0,1.0,59.0,1.0,off,off,off,off,1.0,1.0,1.0,1.0
07min 11sec,387843 (1.551ms),368495 (31%),360545 (15%),120 (2%),1588 (23%),0 (~0%),5.0,2.0,1.0,1.0,1.0,1.0,1.0,79.0,off,off,off,off,1.0,1.0,1.0,1.0
60min 00sec,,,,,,,5.0,2.0,1.0,1.0,1.0,1.0,1.0,1.0,flatten,off,off,off,1.0,1.0,1.0,1.0
04min 55sec,623275 (2.493ms),30119 (2%),26234 (1%),280 (6%),28 (~0%),0 (~0%),4.0,1.0,59.0,1.0,1.0,1.0,1.0,1.0,off,off,off,off,1.0,1.0,1.0,1.0
04min 54sec,623205 (2.493ms),29830 (2%),26289 (1%),280 (6%),28 (~0%),0 (~0%),1.0,2.0,59.0,1.0,1.0,1.0,1.0,1.0,off,off,off,off,1.0,1.0,1.0,1.0
05min 12sec,792365 (3.169ms),36032 (3%),30930 (1%),296 (6%),42 (~0%),0 (~0%),1.0,1.0,29.0,1.0,1.0,1.0,1.0,1.0,off,off,off,off,1.0,1.0,1.0,1.0
05min 01sec,458005 (1.832ms),42487 (3%),37775 (1%),280 (6%),120 (1%),0 (~0%),1.0,1.0,59.0,8.0,1.0,1.0,1.0,1.0,off,off,off,off,1.0,1.0,1.0,1.0
05min 19sec,     ?,37875 (3%),32636 (1%),312 (7%),36 (~0%),0 (~0%),1.0,1.0,59.0,1.0,4.0,1.0,1.0,1.0,off,off,off,off,1.0,1.0,1.0,1.0
60min 00sec,,,,,,,1.0,1.0,59.0,1.0,1.0,1.0,59.0,1.0,off,off,off,off,1.0,1.0,1.0,1.0
04min 56sec,571045 (2.284ms),25542 (2%),22296 (~0%),194 (4%),28 (~0%),0 (~0%),10.0,4.0,1.0,1.0,1.0,1.0,1.0,1.0,off,off,off,off,1.0,1.0,1.0,1.0
05min 11sec,637325 (2.549ms),37776 (3%),32709 (1%),248 (5%),43 (~0%),0 (~0%),5.0,4.0,5.0,1.0,1.0,1.0,1.0,1.0,off,off,off,off,1.0,1.0,1.0,1.0
04min 42sec,429456 (1.718ms),33517 (2%),28736 (1%),216 (5%),64 (~0%),0 (~0%),5.0,4.0,1.0,4.0,1.0,1.0,1.0,1.0,off,off,off,off,1.0,1.0,1.0,1.0
05min 25sec,     ?,34313 (2%),30205 (1%),248 (5%),36 (~0%),0 (~0%),5.0,4.0,1.0,1.0,5.0,1.0,1.0,1.0,off,off,off,off,1.0,1.0,1.0,1.0
05min 44sec,383923 (1.536ms),215677 (18%),259976 (10%),152 (3%),1114 (16%),0 (~0%),5.0,4.0,1.0,1.0,1.0,79.0,1.0,1.0,off,off,off,off,1.0,1.0,1.0,1.0
05min 30sec,4092504 (16.37ms),46880 (3%),42034 (1%),312 (7%),50 (~0%),0 (~0%),5.0,4.0,1.0,1.0,1.0,1.0,5.0,1.0,off,off,off,off,1.0,1.0,1.0,1.0
07min 52sec,387043 (1.548ms),368493 (31%),360544 (15%),120 (2%),1588 (23%),0 (~0%),5.0,4.0,1.0,1.0,1.0,1.0,1.0,79.0,off,off,off,off,1.0,1.0,1.0,1.0
04min 38sec,573329 (2.293ms),26309 (2%),23794 (1%),216 (5%),28 (~0%),0 (~0%),5.0,4.0,1.0,1.0,1.0,1.0,1.0,1.0,off,off,off,off,4.0,1.0,1.0,1.0
04min 44sec,571115 (2.284ms),26861 (2%),23738 (1%),216 (5%),28 (~0%),0 (~0%),2.0,4.0,1.0,1.0,1.0,1.0,1.0,1.0,off,off,off,off,1.0,1.0,1.0,1.0
04min 43sec,570645 (2.283ms),26635 (2%),23793 (1%),216 (5%),28 (~0%),0 (~0%),1.0,8.0,1.0,1.0,1.0,1.0,1.0,1.0,off,off,off,off,1.0,1.0,1.0,1.0
04min 44sec,623205 (2.493ms),29828 (2%),26288 (1%),280 (6%),28 (~0%),0 (~0%),1.0,4.0,59.0,1.0,1.0,1.0,1.0,1.0,off,off,off,off,1.0,1.0,1.0,1.0
05min 14sec,     ?,34662 (2%),30122 (1%),248 (5%),36 (~0%),0 (~0%),1.0,4.0,1.0,1.0,2.0,1.0,1.0,1.0,off,off,off,off,1.0,1.0,1.0,1.0
05min 52sec,383923 (1.536ms),216174 (18%),259956 (10%),152 (3%),1114 (16%),0 (~0%),1.0,4.0,1.0,1.0,1.0,79.0,1.0,1.0,off,off,off,off,1.0,1.0,1.0,1.0
04min 48sec,3836584 (15.346ms),34890 (2%),33705 (1%),344 (7%),30 (~0%),0 (~0%),1.0,4.0,1.0,1.0,1.0,1.0,59.0,1.0,off,off,off,off,1.0,1.0,1.0,1.0
04min 44sec,612242 (2.449ms),26839 (2%),24195 (1%),216 (5%),28 (~0%),0 (~0%),1.0,4.0,1.0,1.0,1.0,1.0,1.0,1.0,off,off,off,off,2.0,1.0,1.0,1.0
05min 42sec,573515 (2.294ms),26864 (2%),23740 (1%),216 (5%),28 (~0%),0 (~0%),2.0,1.0,1.0,1.0,1.0,1.0,1.0,1.0,off,off,off,off,1.0,1.0,1.0,1.0
05min 40sec,570885 (2.284ms),26487 (2%),23814 (1%),216 (5%),28 (~0%),0 (~0%),5.0,5.0,1.0,1.0,1.0,1.0,1.0,1.0,off,off,off,off,1.0,1.0,1.0,1.0
05min 54sec,647645 (2.591ms),37014 (3%),32364 (1%),248 (5%),42 (~0%),0 (~0%),5.0,1.0,2.0,1.0,1.0,1.0,1.0,1.0,off,off,off,off,1.0,1.0,1.0,1.0
05min 51sec,574616 (2.456ms),31782 (2%),26850 (1%),216 (5%),28 (~0%),0 (~0%),5.0,1.0,1.0,5.0,1.0,1.0,1.0,1.0,off,off,off,off,1.0,1.0,1.0,1.0
05min 49sec,     ?,34212 (2%),30158 (1%),248 (5%),36 (~0%),0 (~0%),5.0,1.0,1.0,1.0,3.0,1.0,1.0,1.0,off,off,off,off,1.0,1.0,1.0,1.0
60min 00sec,,,,,,,5.0,1.0,1.0,1.0,1.0,39.0,1.0,1.0,off,off,off,off,1.0,1.0,1.0,1.0
06min 11sec,4092504 (16.37ms),46883 (3%),42036 (1%),312 (7%),50 (~0%),0 (~0%),5.0,1.0,1.0,1.0,1.0,1.0,5.0,1.0,off,off,off,off,1.0,1.0,1.0,1.0
08min 03sec,389443 (1.558ms),368496 (31%),360546 (15%),120 (2%),1588 (23%),0 (~0%),5.0,1.0,1.0,1.0,1.0,1.0,1.0,79.0,off,off,off,off,1.0,1.0,1.0,1.0
06min 06sec,480968 (2.055ms),56657 (4%),53191 (2%),224 (5%),156 (2%),0 (~0%),4.0,1.0,1.0,10.0,1.0,1.0,1.0,1.0,off,off,off,off,1.0,1.0,1.0,1.0
05min 59sec,478498 (2.045ms),56366 (4%),53245 (2%),224 (5%),156 (2%),0 (~0%),1.0,4.0,1.0,10.0,1.0,1.0,1.0,1.0,off,off,off,off,1.0,1.0,1.0,1.0
06min 23sec,641058 (2.564ms),91365 (7%),84264 (3%),170 (3%),409 (5%),4 (~0%),1.0,1.0,5.0,10.0,1.0,1.0,1.0,1.0,off,off,off,off,1.0,1.0,1.0,1.0
06min 52sec,     ?,77888 (6%),78803 (3%),256 (5%),170 (2%),0 (~0%),1.0,1.0,1.0,10.0,5.0,1.0,1.0,1.0,off,off,off,off,1.0,1.0,1.0,1.0
08min 00sec,235574 (0.942ms),241788 (20%),275128 (11%),152 (3%),1114 (16%),0 (~0%),1.0,1.0,1.0,10.0,1.0,79.0,1.0,1.0,off,off,off,off,1.0,1.0,1.0,1.0
05min 52sec,1880344 (8.175ms),44052 (3%),42795 (1%),320 (7%),103 (1%),0 (~0%),1.0,1.0,1.0,10.0,1.0,1.0,59.0,1.0,off,off,off,off,1.0,1.0,1.0,1.0
10min 42sec,235854 (1.017ms),210656 (17%),225421 (9%),120 (2%),355 (5%),0 (~0%),1.0,1.0,1.0,10.0,1.0,1.0,1.0,79.0,off,off,off,off,1.0,1.0,1.0,1.0
05min 49sec,480968 (2.055ms),56595 (4%),53191 (2%),224 (5%),156 (2%),0 (~0%),2.0,1.0,1.0,10.0,1.0,1.0,1.0,1.0,off,off,off,off,1.0,1.0,1.0,1.0
05min 44sec,478098 (2.043ms),56366 (4%),53244 (2%),224 (5%),156 (2%),0 (~0%),1.0,8.0,1.0,10.0,1.0,1.0,1.0,1.0,off,off,off,off,1.0,1.0,1.0,1.0
06min 01sec,637858 (2.551ms),89209 (7%),80737 (3%),250 (5%),408 (5%),4 (~0%),1.0,1.0,10.0,10.0,1.0,1.0,1.0,1.0,off,off,off,off,1.0,1.0,1.0,1.0
05min 39sec,574616 (2.456ms),32279 (2%),26830 (1%),216 (5%),28 (~0%),0 (~0%),1.0,1.0,1.0,5.0,1.0,1.0,1.0,1.0,off,off,off,off,1.0,1.0,1.0,1.0
06min 03sec,     ?,64319 (5%),60011 (2%),256 (5%),164 (2%),0 (~0%),1.0,1.0,1.0,10.0,2.0,1.0,1.0,1.0,off,off,off,off,1.0,1.0,1.0,1.0
05min 36sec,1880344 (8.175ms),44052 (3%),42795 (1%),320 (7%),103 (1%),0 (~0%),1.0,1.0,1.0,10.0,1.0,1.0,59.0,1.0,off,off,off,off,1.0,1.0,1.0,1.0
05min 53sec,501632 (2.144ms),56635 (4%),53647 (2%),224 (5%),156 (2%),0 (~0%),1.0,1.0,1.0,10.0,1.0,1.0,1.0,1.0,off,off,off,off,4.0,1.0,1.0,1.0
60min 00sec,,,,,,,1.0,1.0,1.0,10.0,1.0,1.0,1.0,1.0,flatten,off,off,off,1.0,1.0,1.0,1.0
05min 00sec,429456 (1.718ms),34070 (2%),28723 (1%),216 (5%),64 (~0%),0 (~0%),8.0,4.0,1.0,4.0,1.0,1.0,1.0,1.0,off,off,off,off,1.0,1.0,1.0,1.0
05min 07sec,429056 (1.716ms),34070 (2%),28722 (1%),216 (5%),64 (~0%),0 (~0%),8.0,8.0,1.0,4.0,1.0,1.0,1.0,1.0,off,off,off,off,1.0,1.0,1.0,1.0
05min 50sec,491805 (1.967ms),52235 (4%),42322 (1%),248 (5%),120 (1%),0 (~0%),8.0,8.0,4.0,4.0,1.0,1.0,1.0,1.0,off,off,off,off,1.0,1.0,1.0,1.0
05min 50sec,491805 (1.967ms),62330 (5%),55508 (2%),248 (5%),232 (3%),0 (~0%),8.0,8.0,4.0,8.0,1.0,1.0,1.0,1.0,off,off,off,off,1.0,1.0,1.0,1.0
06min 05sec,     ?,70347 (5%),61844 (2%),280 (6%),240 (3%),0 (~0%),8.0,8.0,4.0,8.0,4.0,1.0,1.0,1.0,off,off,off,off,1.0,1.0,1.0,1.0
06min 11sec,     ?,73025 (6%),63715 (2%),280 (6%),251 (3%),0 (~0%),8.0,8.0,4.0,8.0,4.0,2.0,1.0,1.0,off,off,off,off,1.0,1.0,1.0,1.0
07min 29sec,     ?,113259 (9%),113507 (4%),384 (8%),320 (4%),0 (~0%),8.0,8.0,4.0,8.0,4.0,2.0,4.0,1.0,off,off,off,off,1.0,1.0,1.0,1.0
08min 22sec,     ?,152906 (12%),169157 (7%),400 (9%),395 (5%),0 (~0%),8.0,8.0,4.0,8.0,4.0,2.0,4.0,2.0,off,off,off,off,1.0,1.0,1.0,1.0
04min 09sec,573515 (2.294ms),26926 (2%),23740 (1%),216 (5%),28 (~0%),0 (~0%),4.0,1.0,1.0,1.0,1.0,1.0,1.0,1.0,off,off,off,off,1.0,1.0,1.0,1.0
04min 00sec,571845 (2.287ms),26140 (2%),23815 (1%),216 (5%),28 (~0%),0 (~0%),5.0,2.0,1.0,1.0,1.0,1.0,1.0,1.0,off,off,off,off,1.0,1.0,1.0,1.0
04min 38sec,639725 (2.559ms),37779 (3%),32711 (1%),248 (5%),43 (~0%),0 (~0%),5.0,1.0,5.0,1.0,1.0,1.0,1.0,1.0,off,off,off,off,1.0,1.0,1.0,1.0
04min 06sec,431856 (1.727ms),33520 (2%),28738 (1%),216 (5%),64 (~0%),0 (~0%),5.0,1.0,1.0,4.0,1.0,1.0,1.0,1.0,off,off,off,off,1.0,1.0,1.0,1.0
04min 26sec,     ?,34168 (2%),30151 (1%),248 (5%),36 (~0%),0 (~0%),5.0,1.0,1.0,1.0,2.0,1.0,1.0,1.0,off,off,off,off,1.0,1.0,1.0,1.0
04min 08sec,573162 (2.293ms),26790 (2%),25790 (1%),216 (5%),36 (~0%),0 (~0%),5.0,1.0,1.0,1.0,1.0,2.0,1.0,1.0,off,off,off,off,1.0,1.0,1.0,1.0
04min 22sec,3836584 (15.346ms),34396 (2%),33727 (1%),344 (7%),30 (~0%),0 (~0%),5.0,1.0,1.0,1.0,1.0,1.0,59.0,1.0,off,off,off,off,1.0,1.0,1.0,1.0
60min 00sec,,,,,,,5.0,1.0,1.0,1.0,1.0,1.0,1.0,39.0,off,off,off,off,1.0,1.0,1.0,1.0
04min 09sec,571045 (2.284ms),25542 (2%),22296 (~0%),194 (4%),28 (~0%),0 (~0%),10.0,4.0,1.0,1.0,1.0,1.0,1.0,1.0,off,off,off,off,1.0,1.0,1.0,1.0
04min 39sec,784045 (3.136ms),36299 (3%),30747 (1%),312 (7%),42 (~0%),0 (~0%),1.0,4.0,30.0,1.0,1.0,1.0,1.0,1.0,off,off,off,off,1.0,1.0,1.0,1.0
04min 10sec,429456 (1.718ms),34014 (2%),28716 (1%),216 (5%),64 (~0%),0 (~0%),1.0,4.0,1.0,4.0,1.0,1.0,1.0,1.0,off,off,off,off,1.0,1.0,1.0,1.0
04min 38sec,     ?,34677 (2%),30140 (1%),248 (5%),36 (~0%),0 (~0%),1.0,4.0,1.0,1.0,4.0,1.0,1.0,1.0,off,off,off,off,1.0,1.0,1.0,1.0
04min 48sec,6649544 (26.598ms),45118 (3%),40306 (1%),360 (8%),50 (~0%),0 (~0%),1.0,4.0,1.0,1.0,1.0,1.0,29.0,1.0,off,off,off,off,1.0,1.0,1.0,1.0
60min 00sec,,,,,,,1.0,4.0,1.0,1.0,1.0,1.0,1.0,1.0,flatten,off,off,off,1.0,1.0,1.0,1.0
05min 21sec,383923 (1.536ms),216174 (18%),259956 (10%),152 (3%),1114 (16%),0 (~0%),1.0,4.0,1.0,1.0,1.0,1.0,1.0,1.0,off,off,flatten,off,1.0,1.0,1.0,1.0
04min 10sec,590582 (2.362ms),26901 (2%),24194 (1%),216 (5%),28 (~0%),0 (~0%),1.0,4.0,1.0,1.0,1.0,1.0,1.0,1.0,off,off,off,off,4.0,1.0,1.0,1.0
04min 32sec,573445 (2.294ms),25545 (2%),22298 (~0%),194 (4%),28 (~0%),0 (~0%),10.0,1.0,1.0,1.0,1.0,1.0,1.0,1.0,off,off,off,off,1.0,1.0,1.0,1.0
04min 28sec,573445 (2.294ms),25957 (2%),22820 (~0%),202 (4%),28 (~0%),0 (~0%),20.0,1.0,1.0,1.0,1.0,1.0,1.0,1.0,off,off,off,off,1.0,1.0,1.0,1.0
04min 16sec,570645 (2.283ms),26691 (2%),23800 (1%),216 (5%),28 (~0%),0 (~0%),8.0,8.0,1.0,1.0,1.0,1.0,1.0,1.0,off,off,off,off,1.0,1.0,1.0,1.0
04min 36sec,657565 (2.63ms),37293 (3%),30918 (1%),296 (6%),42 (~0%),0 (~0%),8.0,1.0,8.0,1.0,1.0,1.0,1.0,1.0,off,off,off,off,1.0,1.0,1.0,1.0
04min 29sec,431856 (1.727ms),34073 (2%),28725 (1%),216 (5%),64 (~0%),0 (~0%),8.0,1.0,1.0,4.0,1.0,1.0,1.0,1.0,off,off,off,off,1.0,1.0,1.0,1.0
04min 35sec,     ?,34736 (2%),30154 (1%),248 (5%),36 (~0%),0 (~0%),8.0,1.0,1.0,1.0,4.0,1.0,1.0,1.0,off,off,off,off,1.0,1.0,1.0,1.0
05min 13sec,1385680 (5.543ms),69989 (5%),64250 (2%),440 (10%),62 (~0%),0 (~0%),8.0,1.0,1.0,1.0,1.0,1.0,1.0,1.0,off,off,off,off,1.0,1.0,1.0,4.0
04min 33sec,623275 (2.493ms),30057 (2%),26234 (1%),280 (6%),28 (~0%),0 (~0%),2.0,1.0,59.0,1.0,1.0,1.0,1.0,1.0,off,off,off,off,1.0,1.0,1.0,1.0
04min 30sec,623205 (2.493ms),29334 (2%),26310 (1%),280 (6%),28 (~0%),0 (~0%),5.0,1.0,59.0,1.0,1.0,1.0,1.0,1.0,off,off,off,off,1.0,1.0,1.0,1.0
04min 08sec,1153885 (4.616ms),32662 (2%),26406 (1%),280 (6%),28 (~0%),0 (~0%),1.0,5.0,59.0,1.0,1.0,1.0,1.0,1.0,off,off,off,off,1.0,1.0,1.0,1.0
04min 36sec,792365 (3.169ms),36032 (3%),30930 (1%),296 (6%),42 (~0%),0 (~0%),1.0,1.0,29.0,1.0,1.0,1.0,1.0,1.0,off,off,off,off,1.0,1.0,1.0,1.0
04min 32sec,528805 (2.115ms),34235 (2%),27873 (1%),280 (6%),36 (~0%),0 (~0%),1.0,1.0,59.0,2.0,1.0,1.0,1.0,1.0,off,off,off,off,1.0,1.0,1.0,1.0
04min 40sec,     ?,37860 (3%),32618 (1%),312 (7%),36 (~0%),0 (~0%),1.0,1.0,59.0,1.0,2.0,1.0,1.0,1.0,off,off,off,off,1.0,1.0,1.0,1.0
11min 08sec,3872344 (15.489ms),353636 (29%),277091 (11%),280 (6%),876 (12%),0 (~0%),1.0,1.0,59.0,1.0,1.0,1.0,2.0,1.0,off,off,off,off,1.0,1.0,1.0,1.0
04min 34sec,999005 (3.996ms),40940 (3%),43046 (1%),288 (6%),56 (~0%),0 (~0%),1.0,1.0,59.0,1.0,1.0,1.0,1.0,2.0,off,off,off,off,1.0,1.0,1.0,1.0
06min 14sec,     ?,71876 (6%),62212 (2%),258 (5%),251 (3%),0 (~0%),10.0,8.0,4.0,8.0,4.0,2.0,1.0,1.0,off,off,off,off,1.0,1.0,1.0,1.0
06min 06sec,     ?,73025 (6%),63716 (2%),280 (6%),251 (3%),0 (~0%),8.0,4.0,4.0,8.0,4.0,2.0,1.0,1.0,off,off,off,off,1.0,1.0,1.0,1.0
06min 00sec,     ?,53226 (4%),45995 (1%),312 (7%),139 (2%),0 (~0%),8.0,8.0,59.0,8.0,4.0,2.0,1.0,1.0,off,off,off,off,1.0,1.0,1.0,1.0
06min 43sec,     ?,103916 (8%),92962 (3%),202 (4%),427 (6%),4 (~0%),8.0,8.0,4.0,10.0,4.0,2.0,1.0,1.0,off,off,off,off,1.0,1.0,1.0,1.0
06min 07sec,     ?,73076 (6%),63726 (2%),280 (6%),251 (3%),0 (~0%),8.0,8.0,4.0,8.0,6.0,2.0,1.0,1.0,off,off,off,off,1.0,1.0,1.0,1.0
15min 28sec,327831 (1.311ms),794605 (67%),651080 (27%),184 (4%),4544 (66%),0 (~0%),8.0,8.0,4.0,8.0,4.0,79.0,1.0,1.0,off,off,off,off,1.0,1.0,1.0,1.0
07min 34sec,     ?,113259 (9%),113507 (4%),384 (8%),320 (4%),0 (~0%),8.0,8.0,4.0,8.0,4.0,2.0,4.0,1.0,off,off,off,off,1.0,1.0,1.0,1.0
06min 39sec,     ?,92289 (7%),90271 (3%),296 (6%),280 (4%),0 (~0%),8.0,8.0,4.0,8.0,4.0,2.0,1.0,2.0,off,off,off,off,1.0,1.0,1.0,1.0
05min 22sec,571915 (2.288ms),26925 (2%),23739 (1%),216 (5%),28 (~0%),0 (~0%),4.0,2.0,1.0,1.0,1.0,1.0,1.0,1.0,off,off,off,off,1.0,1.0,1.0,1.0
05min 32sec,571045 (2.284ms),26691 (2%),23801 (1%),216 (5%),28 (~0%),0 (~0%),8.0,4.0,1.0,1.0,1.0,1.0,1.0,1.0,off,off,off,off,1.0,1.0,1.0,1.0
05min 53sec,637645 (2.551ms),38277 (3%),32589 (1%),248 (5%),42 (~0%),0 (~0%),8.0,2.0,4.0,1.0,1.0,1.0,1.0,1.0,off,off,off,off,1.0,1.0,1.0,1.0
05min 29sec,430256 (1.721ms),34072 (2%),28724 (1%),216 (5%),64 (~0%),0 (~0%),8.0,2.0,1.0,4.0,1.0,1.0,1.0,1.0,off,off,off,off,1.0,1.0,1.0,1.0
05min 52sec,     ?,34764 (2%),30142 (1%),248 (5%),36 (~0%),0 (~0%),8.0,2.0,1.0,1.0,3.0,1.0,1.0,1.0,off,off,off,off,1.0,1.0,1.0,1.0
05min 29sec,534965 (2.14ms),34296 (2%),31249 (1%),216 (5%),84 (1%),0 (~0%),8.0,2.0,1.0,1.0,1.0,4.0,1.0,1.0,off,off,off,off,1.0,1.0,1.0,1.0
06min 01sec,4055424 (16.222ms),47155 (3%),41929 (1%),312 (7%),50 (~0%),0 (~0%),8.0,2.0,1.0,1.0,1.0,1.0,4.0,1.0,off,off,off,off,1.0,1.0,1.0,1.0
05min 39sec,584765 (2.339ms),41363 (3%),34743 (1%),216 (5%),88 (1%),0 (~0%),8.0,2.0,1.0,1.0,1.0,1.0,1.0,4.0,off,off,off,off,1.0,1.0,1.0,1.0
04min 56sec,     ?,34935 (2%),30082 (1%),248 (5%),36 (~0%),0 (~0%),2.0,1.0,1.0,1.0,3.0,1.0,1.0,1.0,off,off,off,off,1.0,1.0,1.0,1.0
04min 56sec,     ?,34997 (2%),30081 (1%),248 (5%),36 (~0%),0 (~0%),4.0,1.0,1.0,1.0,3.0,1.0,1.0,1.0,off,off,off,off,1.0,1.0,1.0,1.0
04min 56sec,     ?,34765 (2%),30143 (1%),248 (5%),36 (~0%),0 (~0%),8.0,1.0,1.0,1.0,3.0,1.0,1.0,1.0,off,off,off,off,1.0,1.0,1.0,1.0
04min 53sec,     ?,35055 (2%),30129 (1%),248 (5%),36 (~0%),0 (~0%),1.0,5.0,1.0,1.0,3.0,1.0,1.0,1.0,off,off,off,off,1.0,1.0,1.0,1.0
04min 45sec,     ?,34706 (2%),30128 (1%),248 (5%),36 (~0%),0 (~0%),1.0,8.0,1.0,1.0,3.0,1.0,1.0,1.0,off,off,off,off,1.0,1.0,1.0,1.0
05min 15sec,     ?,46304 (3%),38909 (1%),280 (6%),50 (~0%),0 (~0%),1.0,1.0,4.0,1.0,3.0,1.0,1.0,1.0,off,off,off,off,1.0,1.0,1.0,1.0
05min 16sec,     ?,45319 (3%),37237 (1%),328 (7%),50 (~0%),0 (~0%),1.0,1.0,8.0,1.0,3.0,1.0,1.0,1.0,off,off,off,off,1.0,1.0,1.0,1.0
60min 00sec,,,,,,,1.0,1.0,1.0,1.0,3.0,1.0,1.0,1.0,flatten,off,off,off,1.0,1.0,1.0,1.0
04min 42sec,573445 (2.294ms),25545 (2%),22298 (~0%),194 (4%),28 (~0%),0 (~0%),10.0,1.0,1.0,1.0,1.0,1.0,1.0,1.0,off,off,off,off,1.0,1.0,1.0,1.0
04min 43sec,573445 (2.294ms),25957 (2%),22820 (~0%),202 (4%),28 (~0%),0 (~0%),20.0,1.0,1.0,1.0,1.0,1.0,1.0,1.0,off,off,off,off,1.0,1.0,1.0,1.0
04min 29sec,571045 (2.284ms),26138 (2%),23814 (1%),216 (5%),28 (~0%),0 (~0%),5.0,4.0,1.0,1.0,1.0,1.0,1.0,1.0,off,off,off,off,1.0,1.0,1.0,1.0
04min 37sec,623205 (2.493ms),29334 (2%),26310 (1%),280 (6%),28 (~0%),0 (~0%),5.0,1.0,59.0,1.0,1.0,1.0,1.0,1.0,off,off,off,off,1.0,1.0,1.0,1.0
04min 49sec,     ?,34316 (2%),30207 (1%),248 (5%),36 (~0%),0 (~0%),5.0,1.0,1.0,1.0,5.0,1.0,1.0,1.0,off,off,off,off,1.0,1.0,1.0,1.0
04min 47sec,     ?,34168 (2%),30151 (1%),248 (5%),36 (~0%),0 (~0%),5.0,1.0,1.0,1.0,2.0,1.0,1.0,1.0,off,off,off,off,1.0,1.0,1.0,1.0
05min 02sec,4092504 (16.37ms),46883 (3%),42036 (1%),312 (7%),50 (~0%),0 (~0%),5.0,1.0,1.0,1.0,1.0,1.0,5.0,1.0,off,off,off,off,1.0,1.0,1.0,1.0
05min 28sec,1385717 (5.543ms),69436 (5%),64265 (2%),440 (10%),62 (~0%),0 (~0%),5.0,1.0,1.0,1.0,1.0,1.0,1.0,1.0,off,off,off,off,1.0,1.0,1.0,4.0
04min 13sec,480898 (2.055ms),55872 (4%),53267 (2%),224 (5%),156 (2%),0 (~0%),5.0,1.0,1.0,10.0,1.0,1.0,1.0,1.0,off,off,off,off,1.0,1.0,1.0,1.0
04min 15sec,480898 (2.055ms),56425 (4%),53254 (2%),224 (5%),156 (2%),0 (~0%),8.0,1.0,1.0,10.0,1.0,1.0,1.0,1.0,off,off,off,off,1.0,1.0,1.0,1.0
04min 21sec,478338 (2.044ms),56715 (4%),53245 (2%),224 (5%),156 (2%),0 (~0%),1.0,5.0,1.0,10.0,1.0,1.0,1.0,1.0,off,off,off,off,1.0,1.0,1.0,1.0
04min 32sec,641058 (2.564ms),91365 (7%),84264 (3%),170 (3%),409 (5%),4 (~0%),1.0,1.0,5.0,10.0,1.0,1.0,1.0,1.0,off,off,off,off,1.0,1.0,1.0,1.0
03min 47sec,431856 (1.727ms),34017 (2%),28718 (1%),216 (5%),64 (~0%),0 (~0%),1.0,1.0,1.0,4.0,1.0,1.0,1.0,1.0,off,off,off,off,1.0,1.0,1.0,1.0
05min 07sec,     ?,77781 (6%),78741 (3%),256 (5%),170 (2%),0 (~0%),1.0,1.0,1.0,10.0,3.0,1.0,1.0,1.0,off,off,off,off,1.0,1.0,1.0,1.0
04min 09sec,524622 (2.242ms),56573 (4%),53648 (2%),224 (5%),156 (2%),0 (~0%),1.0,1.0,1.0,10.0,1.0,1.0,1.0,1.0,off,off,off,off,2.0,1.0,1.0,1.0
03min 47sec,623205 (2.493ms),29831 (2%),26290 (1%),280 (6%),28 (~0%),0 (~0%),40.0,1.0,59.0,1.0,1.0,1.0,1.0,1.0,off,off,off,off,1.0,1.0,1.0,1.0
03min 52sec,623205 (2.493ms),29150 (2%),25314 (1%),266 (6%),28 (~0%),0 (~0%),20.0,1.0,59.0,1.0,1.0,1.0,1.0,1.0,off,off,off,off,1.0,1.0,1.0,1.0
03min 58sec,792365 (3.169ms),36032 (3%),30930 (1%),296 (6%),42 (~0%),0 (~0%),1.0,1.0,29.0,1.0,1.0,1.0,1.0,1.0,off,off,off,off,1.0,1.0,1.0,1.0
03min 56sec,481605 (1.926ms),37216 (3%),31212 (1%),280 (6%),64 (~0%),0 (~0%),1.0,1.0,59.0,4.0,1.0,1.0,1.0,1.0,off,off,off,off,1.0,1.0,1.0,1.0
04min 05sec,     ?,37904 (3%),32625 (1%),312 (7%),36 (~0%),0 (~0%),1.0,1.0,59.0,1.0,3.0,1.0,1.0,1.0,off,off,off,off,1.0,1.0,1.0,1.0
04min 05sec,     ?,37926 (3%),32647 (1%),312 (7%),36 (~0%),0 (~0%),1.0,1.0,59.0,1.0,6.0,1.0,1.0,1.0,off,off,off,off,1.0,1.0,1.0,1.0
03min 55sec,764805 (3.059ms),28737 (2%),23714 (1%),162 (3%),28 (~0%),6 (~0%),1.0,10.0,59.0,1.0,1.0,1.0,1.0,1.0,off,off,off,off,1.0,1.0,1.0,1.0
04min 18sec,     ?,33616 (2%),28640 (1%),226 (5%),36 (~0%),0 (~0%),10.0,1.0,1.0,1.0,3.0,1.0,1.0,1.0,off,off,off,off,1.0,1.0,1.0,1.0
04min 17sec,     ?,34028 (2%),29162 (1%),234 (5%),36 (~0%),0 (~0%),20.0,1.0,1.0,1.0,3.0,1.0,1.0,1.0,off,off,off,off,1.0,1.0,1.0,1.0
04min 08sec,     ?,35239 (2%),30137 (1%),248 (5%),36 (~0%),0 (~0%),1.0,10.0,1.0,1.0,3.0,1.0,1.0,1.0,off,off,off,off,1.0,1.0,1.0,1.0
04min 32sec,     ?,46304 (3%),38909 (1%),280 (6%),50 (~0%),0 (~0%),1.0,1.0,4.0,1.0,3.0,1.0,1.0,1.0,off,off,off,off,1.0,1.0,1.0,1.0
04min 10sec,     ?,43052 (3%),36352 (1%),248 (5%),72 (1%),0 (~0%),1.0,1.0,1.0,4.0,3.0,1.0,1.0,1.0,off,off,off,off,1.0,1.0,1.0,1.0
03min 58sec,     ?,34731 (2%),30153 (1%),248 (5%),36 (~0%),0 (~0%),1.0,1.0,1.0,1.0,6.0,1.0,1.0,1.0,off,off,off,off,1.0,1.0,1.0,1.0
04min 09sec,     ?,34912 (2%),30526 (1%),248 (5%),36 (~0%),0 (~0%),1.0,1.0,1.0,1.0,3.0,1.0,1.0,1.0,off,off,off,off,2.0,1.0,1.0,1.0
03min 52sec,573445 (2.294ms),25545 (2%),22298 (~0%),194 (4%),28 (~0%),0 (~0%),10.0,1.0,1.0,1.0,1.0,1.0,1.0,1.0,off,off,off,off,1.0,1.0,1.0,1.0
03min 45sec,571045 (2.284ms),26138 (2%),23814 (1%),216 (5%),28 (~0%),0 (~0%),5.0,4.0,1.0,1.0,1.0,1.0,1.0,1.0,off,off,off,off,1.0,1.0,1.0,1.0
04min 06sec,639725 (2.559ms),37779 (3%),32711 (1%),248 (5%),43 (~0%),0 (~0%),5.0,1.0,5.0,1.0,1.0,1.0,1.0,1.0,off,off,off,off,1.0,1.0,1.0,1.0
03min 47sec,431856 (1.727ms),33520 (2%),28738 (1%),216 (5%),64 (~0%),0 (~0%),5.0,1.0,1.0,4.0,1.0,1.0,1.0,1.0,off,off,off,off,1.0,1.0,1.0,1.0
04min 06sec,     ?,34234 (2%),30180 (1%),248 (5%),36 (~0%),0 (~0%),5.0,1.0,1.0,1.0,6.0,1.0,1.0,1.0,off,off,off,off,1.0,1.0,1.0,1.0
04min 27sec,4092504 (16.37ms),46883 (3%),42036 (1%),312 (7%),50 (~0%),0 (~0%),5.0,1.0,1.0,1.0,1.0,1.0,5.0,1.0,off,off,off,off,1.0,1.0,1.0,1.0
03min 45sec,580062 (2.32ms),26312 (2%),23796 (1%),216 (5%),28 (~0%),0 (~0%),5.0,1.0,1.0,1.0,1.0,1.0,1.0,1.0,off,off,off,off,2.0,1.0,1.0,1.0
03min 40sec,570445 (2.282ms),26804 (2%),23792 (1%),216 (5%),28 (~0%),0 (~0%),1.0,16.0,1.0,1.0,1.0,1.0,1.0,1.0,off,off,off,off,1.0,1.0,1.0,1.0
03min 47sec,408336 (1.633ms),45532 (3%),40196 (1%),248 (5%),120 (1%),0 (~0%),1.0,1.0,1.0,16.0,1.0,1.0,1.0,1.0,off,off,off,off,1.0,1.0,1.0,1.0
04min 09sec,     ?,33183 (2%),28666 (1%),296 (6%),36 (~0%),0 (~0%),1.0,1.0,1.0,1.0,20.0,1.0,1.0,1.0,off,off,off,off,1.0,1.0,1.0,1.0
04min 36sec,408406 (1.634ms),45758 (3%),40140 (1%),248 (5%),120 (1%),0 (~0%),2.0,1.0,1.0,16.0,1.0,1.0,1.0,1.0,off,off,off,off,1.0,1.0,1.0,1.0
04min 33sec,405936 (1.624ms),45529 (3%),40194 (1%),248 (5%),120 (1%),0 (~0%),1.0,4.0,1.0,16.0,1.0,1.0,1.0,1.0,off,off,off,off,1.0,1.0,1.0,1.0
04min 58sec,446205 (1.785ms),61699 (5%),53000 (2%),312 (7%),232 (3%),0 (~0%),1.0,1.0,59.0,16.0,1.0,1.0,1.0,1.0,off,off,off,off,1.0,1.0,1.0,1.0
05min 01sec,     ?,53589 (4%),46541 (1%),280 (6%),128 (1%),0 (~0%),1.0,1.0,1.0,16.0,6.0,1.0,1.0,1.0,off,off,off,off,1.0,1.0,1.0,1.0
06min 18sec,221174 (0.885ms),256787 (21%),271585 (11%),152 (3%),1114 (16%),0 (~0%),1.0,1.0,1.0,16.0,1.0,79.0,1.0,1.0,off,off,off,off,1.0,1.0,1.0,1.0
04min 58sec,3673864 (14.695ms),46327 (3%),48131 (2%),344 (7%),122 (1%),0 (~0%),1.0,1.0,1.0,16.0,1.0,1.0,59.0,1.0,off,off,off,off,1.0,1.0,1.0,1.0
60min 00sec,,,,,,,1.0,1.0,1.0,1.0,30.0,79.0,1.0,1.0,off,off,off,off,1.0,1.0,1.0,1.0
60min 00sec,,,,,,,1.0,1.0,1.0,1.0,1.0,79.0,1.0,1.0,flatten,off,off,off,1.0,1.0,1.0,1.0
09min 44sec,221204 (0.885ms),239276 (20%),268913 (11%),152 (3%),1114 (16%),0 (~0%),4.0,1.0,1.0,8.0,1.0,79.0,1.0,1.0,off,off,off,off,1.0,1.0,1.0,1.0
09min 54sec,218134 (0.873ms),239154 (20%),268965 (11%),152 (3%),1114 (16%),0 (~0%),1.0,16.0,1.0,8.0,1.0,79.0,1.0,1.0,off,off,off,off,1.0,1.0,1.0,1.0
10min 16sec,294203 (1.177ms),242066 (20%),271419 (11%),216 (5%),1114 (16%),0 (~0%),1.0,1.0,59.0,8.0,1.0,79.0,1.0,1.0,off,off,off,off,1.0,1.0,1.0,1.0
60min 00sec,,,,,,,1.0,1.0,1.0,8.0,15.0,79.0,1.0,1.0,off,off,off,off,1.0,1.0,1.0,1.0
10min 38sec,3510662 (14.043ms),229443 (19%),280989 (11%),248 (5%),1116 (16%),0 (~0%),1.0,1.0,1.0,8.0,1.0,79.0,59.0,1.0,off,off,off,off,1.0,1.0,1.0,1.0
60min 00sec,,,,,,,1.0,1.0,1.0,8.0,1.0,79.0,1.0,1.0,flatten,off,off,off,1.0,1.0,1.0,1.0
11min 05sec,199953 (0.8ms),285429 (24%),315249 (13%),120 (2%),1128 (16%),0 (~0%),4.0,1.0,1.0,1.0,1.0,79.0,1.0,1.0,off,flatten,off,off,1.0,1.0,1.0,1.0
10min 37sec,197003 (0.788ms),285159 (24%),315302 (13%),120 (2%),1128 (16%),0 (~0%),1.0,10.0,1.0,1.0,1.0,79.0,1.0,1.0,off,flatten,off,off,1.0,1.0,1.0,1.0
60min 00sec,,,,,,,1.0,1.0,59.0,1.0,1.0,79.0,1.0,1.0,off,flatten,off,off,1.0,1.0,1.0,1.0
60min 00sec,,,,,,,1.0,1.0,1.0,1.0,12.0,79.0,1.0,1.0,off,flatten,off,off,1.0,1.0,1.0,1.0
10min 02sec,36924 (0.148ms),402819 (34%),412972 (17%),120 (2%),1588 (23%),0 (~0%),2.0,1.0,1.0,8.0,1.0,79.0,1.0,79.0,off,off,off,off,1.0,1.0,1.0,1.0
10min 54sec,51774 (0.223ms),278866 (23%),316275 (13%),120 (2%),1114 (16%),0 (~0%),1.0,2.0,1.0,8.0,1.0,79.0,1.0,79.0,off,off,off,off,1.0,1.0,1.0,1.0
60min 00sec,,,,,,,1.0,1.0,1.0,8.0,12.0,79.0,1.0,79.0,off,off,off,off,1.0,1.0,1.0,1.0
60min 00sec,,,,,,,2.0,1.0,1.0,1.0,1.0,79.0,1.0,1.0,flatten,flatten,off,off,1.0,1.0,1.0,1.0
60min 00sec,,,,,,,1.0,4.0,1.0,1.0,1.0,79.0,1.0,1.0,flatten,flatten,off,off,1.0,1.0,1.0,1.0
60min 00sec,,,,,,,1.0,1.0,59.0,1.0,1.0,79.0,1.0,1.0,flatten,flatten,off,off,1.0,1.0,1.0,1.0
60min 00sec,,,,,,,1.0,1.0,1.0,8.0,1.0,79.0,1.0,1.0,flatten,flatten,off,off,1.0,1.0,1.0,1.0
60min 00sec,,,,,,,1.0,1.0,1.0,1.0,2.0,79.0,1.0,1.0,flatten,flatten,off,off,1.0,1.0,1.0,1.0
60min 00sec,,,,,,,1.0,1.0,1.0,1.0,1.0,79.0,59.0,1.0,flatten,flatten,off,off,1.0,1.0,1.0,1.0
10min 40sec,197073 (0.788ms),285447 (24%),315246 (13%),120 (2%),1128 (16%),0 (~0%),4.0,10.0,1.0,1.0,1.0,79.0,1.0,1.0,off,flatten,off,off,1.0,1.0,1.0,1.0
10min 38sec,197483 (0.79ms),285138 (24%),315303 (13%),120 (2%),1128 (16%),0 (~0%),1.0,4.0,1.0,1.0,1.0,79.0,1.0,1.0,off,flatten,off,off,1.0,1.0,1.0,1.0
60min 00sec,,,,,,,1.0,10.0,59.0,1.0,1.0,79.0,1.0,1.0,off,flatten,off,off,1.0,1.0,1.0,1.0
10min 50sec,197003 (0.788ms),285159 (24%),315302 (13%),120 (2%),1128 (16%),0 (~0%),1.0,10.0,1.0,10.0,1.0,79.0,1.0,1.0,off,flatten,off,off,1.0,1.0,1.0,1.0
16min 45sec,194991 (0.78ms),739539 (62%),685220 (28%),120 (2%),4432 (64%),0 (~0%),1.0,10.0,1.0,1.0,4.0,79.0,1.0,1.0,off,flatten,off,off,1.0,1.0,1.0,1.0
11min 14sec,3510662 (14.043ms),283130 (23%),338749 (14%),152 (3%),1130 (16%),0 (~0%),1.0,10.0,1.0,1.0,1.0,79.0,59.0,1.0,off,flatten,off,off,1.0,1.0,1.0,1.0
12min 18sec,29243 (0.126ms),303996 (25%),353605 (14%),120 (2%),1128 (16%),0 (~0%),1.0,10.0,1.0,1.0,1.0,79.0,1.0,79.0,off,flatten,off,off,1.0,1.0,1.0,1.0
10min 44sec,197003 (0.788ms),285159 (24%),315302 (13%),120 (2%),1128 (16%),0 (~0%),1.0,10.0,1.0,1.0,1.0,79.0,1.0,1.0,off,flatten,flatten,off,1.0,1.0,1.0,1.0
10min 51sec,109993 (0.44ms),373841 (31%),398823 (16%),152 (3%),1588 (23%),0 (~0%),2.0,1.0,59.0,8.0,1.0,79.0,1.0,79.0,off,off,off,off,1.0,1.0,1.0,1.0
11min 36sec,126443 (0.545ms),257376 (21%),312047 (13%),152 (3%),1114 (16%),0 (~0%),1.0,2.0,59.0,8.0,1.0,79.0,1.0,79.0,off,off,off,off,1.0,1.0,1.0,1.0
11min 49sec,334123 (1.44ms),256823 (21%),310310 (13%),118 (2%),1114 (16%),0 (~0%),1.0,1.0,59.0,10.0,1.0,79.0,1.0,79.0,off,off,off,off,1.0,1.0,1.0,1.0
60min 00sec,,,,,,,1.0,1.0,59.0,8.0,20.0,79.0,1.0,79.0,off,off,off,off,1.0,1.0,1.0,1.0
60min 00sec,,,,,,,1.0,1.0,59.0,8.0,1.0,79.0,59.0,79.0,off,off,off,off,1.0,1.0,1.0,1.0
60min 00sec,,,,,,,1.0,1.0,59.0,8.0,1.0,79.0,1.0,79.0,flatten,off,off,off,1.0,1.0,1.0,1.0
60min 00sec,,,,,,,1.0,1.0,59.0,8.0,1.0,79.0,1.0,79.0,off,flatten,off,off,1.0,1.0,1.0,1.0
12min 05sec,126443 (0.545ms),257377 (21%),312048 (13%),152 (3%),1114 (16%),0 (~0%),1.0,1.0,59.0,8.0,1.0,79.0,1.0,79.0,off,off,flatten,off,1.0,1.0,1.0,1.0
09min 12sec,32204 (0.129ms),403159 (34%),414451 (17%),120 (2%),1588 (23%),0 (~0%),4.0,1.0,1.0,10.0,1.0,79.0,1.0,79.0,off,off,off,off,1.0,1.0,1.0,1.0
09min 46sec,45854 (0.198ms),279166 (23%),317752 (13%),120 (2%),1114 (16%),0 (~0%),1.0,8.0,1.0,10.0,1.0,79.0,1.0,79.0,off,off,off,off,1.0,1.0,1.0,1.0
09min 47sec,379883 (1.637ms),289265 (24%),336468 (14%),98 (2%),1255 (18%),0 (~0%),1.0,1.0,5.0,10.0,1.0,79.0,1.0,79.0,off,off,off,off,1.0,1.0,1.0,1.0
19min 17sec,46831 (0.202ms),782798 (66%),669063 (28%),120 (2%),4432 (64%),0 (~0%),1.0,1.0,1.0,10.0,4.0,79.0,1.0,79.0,off,off,off,off,1.0,1.0,1.0,1.0
60min 00sec,,,,,,,1.0,1.0,1.0,10.0,1.0,79.0,59.0,79.0,off,off,off,off,1.0,1.0,1.0,1.0
08min 56sec,32134 (0.129ms),402871 (34%),414507 (17%),120 (2%),1588 (23%),0 (~0%),1.0,1.0,1.0,10.0,1.0,79.0,1.0,79.0,off,off,off,flatten,1.0,1.0,1.0,1.0
09min 26sec,12793 (0.051ms),424688 (35%),449387 (19%),120 (2%),1596 (23%),0 (~0%),4.0,10.0,1.0,1.0,1.0,79.0,1.0,79.0,off,flatten,off,off,1.0,1.0,1.0,1.0
60min 00sec,,,,,,,1.0,10.0,59.0,1.0,1.0,79.0,1.0,79.0,off,flatten,off,off,1.0,1.0,1.0,1.0
10min 09sec,29243 (0.126ms),303996 (25%),353605 (14%),120 (2%),1128 (16%),0 (~0%),1.0,10.0,1.0,8.0,1.0,79.0,1.0,79.0,off,flatten,off,off,1.0,1.0,1.0,1.0
24min 44sec,47543 (0.205ms),1075641 (90%),1402631 (59%),120 (2%),5576 (81%),0 (~0%),1.0,10.0,1.0,1.0,5.0,79.0,1.0,79.0,off,flatten,off,off,1.0,1.0,1.0,1.0
35min 51sec,49208 (0.212ms),1483909 (125%),1683159 (71%),120 (2%),6343 (92%),0 (~0%),1.0,10.0,1.0,1.0,1.0,79.0,4.0,79.0,off,flatten,off,off,1.0,1.0,1.0,1.0
10min 11sec,29243 (0.126ms),303996 (25%),353605 (14%),120 (2%),1128 (16%),0 (~0%),1.0,10.0,1.0,1.0,1.0,79.0,1.0,79.0,off,flatten,flatten,off,1.0,1.0,1.0,1.0
11min 01sec,451742 (1.807ms),549546 (46%),683910 (28%),98 (2%),2716 (39%),0 (~0%),1.0,10.0,1.0,1.0,1.0,79.0,1.0,79.0,off,flatten,off,off,1.0,4.0,1.0,1.0
60min 00sec,,,,,,,4.0,1.0,1.0,8.0,1.0,79.0,1.0,1.0,flatten,off,off,off,1.0,1.0,1.0,1.0
60min 00sec,,,,,,,1.0,8.0,1.0,8.0,1.0,79.0,1.0,1.0,flatten,off,off,off,1.0,1.0,1.0,1.0
60min 00sec,,,,,,,1.0,1.0,30.0,8.0,1.0,79.0,1.0,1.0,flatten,off,off,off,1.0,1.0,1.0,1.0
60min 00sec,,,,,,,1.0,1.0,1.0,10.0,1.0,79.0,1.0,1.0,flatten,off,off,off,1.0,1.0,1.0,1.0
60min 00sec,,,,,,,1.0,1.0,1.0,8.0,4.0,79.0,1.0,1.0,flatten,off,off,off,1.0,1.0,1.0,1.0
60min 00sec,,,,,,,1.0,1.0,1.0,8.0,1.0,79.0,59.0,1.0,flatten,off,off,off,1.0,1.0,1.0,1.0
60min 00sec,,,,,,,1.0,1.0,1.0,8.0,1.0,79.0,1.0,40.0,flatten,off,off,off,1.0,1.0,1.0,1.0
60min 00sec,,,,,,,1.0,1.0,1.0,8.0,1.0,79.0,1.0,1.0,flatten,off,flatten,off,1.0,1.0,1.0,1.0
60min 00sec,,,,,,,4.0,1.0,1.0,8.0,12.0,79.0,1.0,79.0,off,off,off,off,1.0,1.0,1.0,1.0
60min 00sec,,,,,,,1.0,1.0,29.0,8.0,12.0,79.0,1.0,79.0,off,off,off,off,1.0,1.0,1.0,1.0
60min 00sec,,,,,,,1.0,1.0,1.0,10.0,12.0,79.0,1.0,79.0,off,off,off,off,1.0,1.0,1.0,1.0
60min 00sec,,,,,,,1.0,1.0,1.0,8.0,10.0,79.0,1.0,79.0,off,off,off,off,1.0,1.0,1.0,1.0
60min 00sec,,,,,,,1.0,1.0,1.0,8.0,12.0,79.0,59.0,79.0,off,off,off,off,1.0,1.0,1.0,1.0
60min 00sec,,,,,,,1.0,1.0,1.0,8.0,12.0,79.0,1.0,79.0,off,flatten,off,off,1.0,1.0,1.0,1.0
60min 00sec,,,,,,,1.0,1.0,1.0,8.0,12.0,79.0,1.0,79.0,off,off,flatten,off,1.0,1.0,1.0,1.0
60min 00sec,,,,,,,1.0,1.0,1.0,8.0,12.0,79.0,1.0,79.0,off,off,off,flatten,1.0,1.0,1.0,1.0
14min 56sec,12723 (0.051ms),424456 (35%),449450 (19%),120 (2%),1596 (23%),0 (~0%),8.0,10.0,1.0,1.0,1.0,79.0,1.0,79.0,off,flatten,off,off,1.0,1.0,1.0,1.0
14min 52sec,12673 (0.051ms),424664 (35%),449386 (19%),120 (2%),1596 (23%),0 (~0%),4.0,16.0,1.0,1.0,1.0,79.0,1.0,79.0,off,flatten,off,off,1.0,1.0,1.0,1.0
14min 21sec,12633 (0.051ms),424683 (35%),449386 (19%),120 (2%),1596 (23%),0 (~0%),4.0,20.0,1.0,1.0,1.0,79.0,1.0,79.0,off,flatten,off,off,1.0,1.0,1.0,1.0
60min 00sec,,,,,,,4.0,10.0,59.0,1.0,1.0,79.0,1.0,79.0,off,flatten,off,off,1.0,1.0,1.0,1.0
14min 46sec,12793 (0.051ms),424688 (35%),449387 (19%),120 (2%),1596 (23%),0 (~0%),4.0,10.0,1.0,4.0,1.0,79.0,1.0,79.0,off,flatten,off,off,1.0,1.0,1.0,1.0
60min 00sec,,,,,,,4.0,10.0,1.0,1.0,10.0,79.0,1.0,79.0,off,flatten,off,off,1.0,1.0,1.0,1.0
20min 55sec,32760 (0.131ms),793713 (67%),991878 (41%),120 (2%),3183 (46%),0 (~0%),4.0,10.0,1.0,1.0,1.0,79.0,2.0,79.0,off,flatten,off,off,1.0,1.0,1.0,1.0
13min 42sec,313673 (1.335ms),296508 (25%),352536 (14%),120 (2%),1128 (16%),0 (~0%),4.0,10.0,1.0,1.0,1.0,79.0,1.0,4.0,off,flatten,off,off,1.0,1.0,1.0,1.0
14min 28sec,12793 (0.051ms),424626 (35%),449387 (19%),120 (2%),1596 (23%),0 (~0%),2.0,10.0,1.0,8.0,1.0,79.0,1.0,79.0,off,flatten,off,off,1.0,1.0,1.0,1.0
15min 47sec,29123 (0.126ms),303972 (25%),353604 (14%),120 (2%),1128 (16%),0 (~0%),1.0,16.0,1.0,8.0,1.0,79.0,1.0,79.0,off,flatten,off,off,1.0,1.0,1.0,1.0
60min 00sec,,,,,,,1.0,10.0,59.0,8.0,1.0,79.0,1.0,79.0,off,flatten,off,off,1.0,1.0,1.0,1.0
25min 01sec,27431 (0.118ms),755342 (63%),709954 (30%),120 (2%),4432 (64%),0 (~0%),1.0,10.0,1.0,8.0,4.0,79.0,1.0,79.0,off,flatten,off,off,1.0,1.0,1.0,1.0
60min 00sec,,,,,,,1.0,10.0,1.0,8.0,1.0,79.0,59.0,79.0,off,flatten,off,off,1.0,1.0,1.0,1.0
12min 31sec,197003 (0.788ms),285159 (24%),315302 (13%),120 (2%),1128 (16%),0 (~0%),1.0,10.0,1.0,8.0,1.0,79.0,1.0,1.0,off,flatten,off,off,1.0,1.0,1.0,1.0
14min 39sec,53882 (0.216ms),424604 (35%),449844 (19%),120 (2%),1596 (23%),0 (~0%),1.0,10.0,1.0,8.0,1.0,79.0,1.0,79.0,off,flatten,off,off,2.0,1.0,1.0,1.0
14min 17sec,15673 (0.063ms),424670 (35%),449390 (19%),120 (2%),1596 (23%),0 (~0%),4.0,1.0,1.0,1.0,1.0,79.0,1.0,79.0,off,flatten,off,off,1.0,1.0,1.0,1.0
15min 59sec,29123 (0.126ms),303972 (25%),353604 (14%),120 (2%),1128 (16%),0 (~0%),1.0,16.0,1.0,1.0,1.0,79.0,1.0,79.0,off,flatten,off,off,1.0,1.0,1.0,1.0
60min 00sec,,,,,,,1.0,1.0,59.0,1.0,1.0,79.0,1.0,79.0,off,flatten,off,off,1.0,1.0,1.0,1.0
15min 06sec,32123 (0.138ms),303978 (25%),353608 (14%),120 (2%),1128 (16%),0 (~0%),1.0,1.0,1.0,10.0,1.0,79.0,1.0,79.0,off,flatten,off,off,1.0,1.0,1.0,1.0
15min 47sec,219323 (0.945ms),290033 (24%),318544 (13%),120 (2%),1128 (16%),0 (~0%),1.0,1.0,1.0,1.0,1.0,1.0,1.0,79.0,off,flatten,off,off,1.0,1.0,1.0,1.0
60min 00sec,,,,,,,1.0,1.0,1.0,1.0,1.0,79.0,59.0,79.0,off,flatten,off,off,1.0,1.0,1.0,1.0
16min 51sec,226542 (0.906ms),549960 (46%),688165 (29%),120 (2%),2716 (39%),0 (~0%),1.0,1.0,1.0,1.0,1.0,79.0,1.0,79.0,off,flatten,off,off,1.0,4.0,1.0,1.0
12min 08sec,197073 (0.788ms),285447 (24%),315246 (13%),120 (2%),1128 (16%),0 (~0%),4.0,10.0,1.0,1.0,1.0,79.0,1.0,1.0,off,flatten,flatten,off,1.0,1.0,1.0,1.0
11min 58sec,196883 (0.788ms),285135 (24%),315301 (13%),120 (2%),1128 (16%),0 (~0%),1.0,16.0,1.0,1.0,1.0,79.0,1.0,1.0,off,flatten,flatten,off,1.0,1.0,1.0,1.0
60min 00sec,,,,,,,1.0,10.0,59.0,1.0,1.0,79.0,1.0,1.0,off,flatten,flatten,off,1.0,1.0,1.0,1.0
12min 25sec,197003 (0.788ms),285159 (24%),315302 (13%),120 (2%),1128 (16%),0 (~0%),1.0,10.0,1.0,8.0,1.0,79.0,1.0,1.0,off,flatten,flatten,off,1.0,1.0,1.0,1.0
60min 00sec,,,,,,,1.0,10.0,1.0,1.0,10.0,79.0,1.0,1.0,off,flatten,flatten,off,1.0,1.0,1.0,1.0
13min 19sec,3510662 (14.043ms),283130 (23%),338749 (14%),152 (3%),1130 (16%),0 (~0%),1.0,10.0,1.0,1.0,1.0,79.0,59.0,1.0,off,flatten,flatten,off,1.0,1.0,1.0,1.0
13min 47sec,148403 (0.594ms),314928 (26%),364912 (15%),120 (2%),1128 (16%),0 (~0%),1.0,10.0,1.0,1.0,1.0,79.0,1.0,39.0,off,flatten,flatten,off,1.0,1.0,1.0,1.0
