compilation time,cycles,lut utilization,FF utilization,BRAM utilization,DSP utilization,URAM utilization,__PARA__L0,__PARA__L1,__PARA__L2,__PARA__L3,__PIPE__L0,__PIPE__L2,__TILE__L0,__TILE__L2
03min 10sec,461231 (1.845ms),9031 (~0%),7483 (~0%),78 (1%),22 (~0%),4 (~0%),1,1,1,1,off,off,1,1
04min 31sec,687093 (2.748ms),9618 (~0%),7892 (~0%),102 (2%),22 (~0%),2 (~0%),15,1,1,1,off,off,1,1
03min 03sec,915264 (3.661ms),9620 (~0%),7898 (~0%),78 (1%),22 (~0%),8 (~0%),30,1,1,1,off,off,1,1
04min 26sec,457874 (1.831ms),24350 (2%),28097 (1%),98 (2%),74 (1%),2 (~0%),1,5,1,1,off,off,1,1
03min 47sec,457634 (1.831ms),25068 (2%),29386 (1%),106 (2%),90 (1%),2 (~0%),1,7,1,1,off,off,1,1
03min 50sec,475631 (2.123ms),9013 (~0%),7462 (~0%),78 (1%),23 (~0%),4 (~0%),1,1,8,1,off,off,1,1
03min 57sec,149233 (0.597ms),37195 (3%),41539 (1%),134 (3%),184 (2%),0 (~0%),1,1,1,14,off,off,1,1
60min 00sec,,,,,,,1,1,1,1,flatten,off,1,1
03min 17sec,550293 (2.201ms),9622 (~0%),7866 (~0%),90 (2%),23 (~0%),2 (~0%),6,1,1,1,off,off,1,1
04min 30sec,611084 (2.444ms),9627 (~0%),7880 (~0%),90 (2%),22 (~0%),2 (~0%),10,1,1,1,off,off,1,1
03min 39sec,641487 (2.566ms),9624 (~0%),7878 (~0%),90 (2%),22 (~0%),2 (~0%),12,1,1,1,off,off,1,1
03min 12sec,457454 (1.83ms),26180 (2%),31317 (1%),98 (2%),114 (1%),2 (~0%),1,10,1,1,off,off,1,1
04min 33sec,475631 (2.123ms),11237 (~0%),7861 (~0%),78 (1%),23 (~0%),4 (~0%),1,1,4,1,off,off,1,1
03min 49sec,158833 (0.635ms),32822 (2%),36608 (1%),138 (3%),140 (2%),0 (~0%),1,1,1,10,off,off,1,1
04min 49sec,35347 (0.151ms),39035 (3%),46217 (1%),218 (5%),162 (2%),0 (~0%),1,1,1,1,off,flatten,1,1
03min 43sec,489564 (1.958ms),9595 (~0%),7858 (~0%),90 (2%),24 (~0%),2 (~0%),2,1,1,1,off,off,1,1
05min 00sec,504718 (2.019ms),9632 (~0%),7858 (~0%),90 (2%),24 (~0%),2 (~0%),3,1,1,1,off,off,1,1
04min 26sec,459131 (1.837ms),8960 (~0%),7545 (~0%),78 (1%),22 (~0%),4 (~0%),1,2,1,1,off,off,1,1
03min 07sec,457334 (1.829ms),27621 (2%),33905 (1%),106 (2%),146 (2%),2 (~0%),1,14,1,1,off,off,1,1
03min 49sec,349532 (1.398ms),9240 (~0%),8175 (~0%),78 (1%),23 (~0%),4 (~0%),1,1,5,1,off,off,1,1
03min 13sec,475631 (2.123ms),9219 (~0%),7527 (~0%),78 (1%),23 (~0%),4 (~0%),1,1,16,1,off,off,1,1
05min 22sec,176046 (0.704ms),30632 (2%),35048 (1%),156 (3%),107 (1%),0 (~0%),1,1,1,7,off,off,1,1
04min 09sec,519915 (2.08ms),9586 (~0%),7864 (~0%),90 (2%),24 (~0%),2 (~0%),4,1,1,1,off,off,1,1
03min 21sec,2136848 (8.547ms),30405 (2%),55594 (2%),78 (1%),564 (8%),2 (~0%),1,70,1,1,off,off,1,1
03min 03sec,347532 (1.39ms),8968 (~0%),7134 (~0%),24 (~0%),23 (~0%),6 (~0%),1,1,10,1,off,off,1,1
04min 26sec,195248 (0.781ms),28488 (2%),32658 (1%),120 (2%),85 (1%),5 (~0%),1,1,1,5,off,off,1,1
03min 46sec,535101 (2.14ms),9612 (~0%),7862 (~0%),90 (2%),23 (~0%),2 (~0%),5,1,1,1,off,off,1,1
03min 11sec,466032 (1.864ms),8666 (~0%),6821 (~0%),32 (~0%),22 (~0%),8 (~0%),1,1,20,1,off,off,1,1
03min 34sec,35347 (0.151ms),39035 (3%),46217 (1%),218 (5%),162 (2%),0 (~0%),1,1,1,70,off,off,1,1
05min 23sec,18339 (0.073ms),179724 (15%),159803 (6%),1966 (45%),663 (9%),2 (~0%),60,1,1,1,off,off,1,1
03min 07sec,461231 (1.845ms),9031 (~0%),7483 (~0%),78 (1%),22 (~0%),4 (~0%),1,1,80,1,off,off,1,1
04min 01sec,293231 (1.173ms),9475 (~0%),8072 (~0%),78 (1%),25 (~0%),4 (~0%),1,1,1,2,off,off,1,1
03min 15sec,457454 (1.83ms),26180 (2%),31317 (1%),98 (2%),114 (1%),2 (~0%),1,10,1,1,off,off,1,1
04min 31sec,763107 (3.052ms),9604 (~0%),7888 (~0%),102 (2%),22 (~0%),2 (~0%),20,1,1,1,off,off,1,1
03min 18sec,475631 (2.123ms),15714 (1%),8932 (~0%),78 (1%),23 (~0%),4 (~0%),1,1,2,1,off,off,1,1
03min 22sec,149233 (0.597ms),37195 (3%),41539 (1%),134 (3%),184 (2%),0 (~0%),1,1,1,14,off,off,1,1
03min 13sec,457454 (1.83ms),26180 (2%),31317 (1%),98 (2%),114 (1%),2 (~0%),1,10,1,1,off,off,1,1
03min 11sec,457454 (1.83ms),26180 (2%),31317 (1%),98 (2%),114 (1%),2 (~0%),1,10,1,1,off,off,1,1
03min 10sec,457454 (1.83ms),26180 (2%),31317 (1%),98 (2%),114 (1%),2 (~0%),1,10,1,1,off,off,1,1
03min 04sec,347532 (1.39ms),8968 (~0%),7134 (~0%),24 (~0%),23 (~0%),6 (~0%),1,1,10,1,off,off,1,1
03min 29sec,35347 (0.151ms),39035 (3%),46217 (1%),218 (5%),162 (2%),0 (~0%),1,1,1,70,off,off,1,1
03min 10sec,347532 (1.39ms),8968 (~0%),7134 (~0%),24 (~0%),23 (~0%),6 (~0%),1,1,10,1,off,off,1,1
03min 13sec,149233 (0.597ms),37195 (3%),41539 (1%),134 (3%),184 (2%),0 (~0%),1,1,1,14,off,off,1,1
03min 05sec,347532 (1.39ms),8968 (~0%),7134 (~0%),24 (~0%),23 (~0%),6 (~0%),1,1,10,1,off,off,1,1
03min 21sec,149233 (0.597ms),37195 (3%),41539 (1%),134 (3%),184 (2%),0 (~0%),1,1,1,14,off,off,1,1
03min 28sec,1222678 (4.891ms),15473 (1%),12058 (~0%),82 (1%),44 (~0%),10 (1%),50,1,1,1,off,off,1,1
03min 27sec,1070968 (4.284ms),15475 (1%),12072 (~0%),86 (1%),44 (~0%),10 (1%),40,1,1,1,off,off,1,1
03min 07sec,347532 (1.39ms),8968 (~0%),7134 (~0%),24 (~0%),23 (~0%),6 (~0%),1,1,10,1,off,off,1,1
03min 08sec,347532 (1.39ms),8968 (~0%),7134 (~0%),24 (~0%),23 (~0%),6 (~0%),1,1,10,1,off,off,1,1
03min 27sec,149233 (0.597ms),37195 (3%),41539 (1%),134 (3%),184 (2%),0 (~0%),1,1,1,14,off,off,1,1
03min 16sec,550293 (2.201ms),9622 (~0%),7866 (~0%),90 (2%),23 (~0%),2 (~0%),6,1,1,1,off,off,1,1
03min 14sec,457454 (1.83ms),26180 (2%),31317 (1%),98 (2%),114 (1%),2 (~0%),1,10,1,1,off,off,1,1
03min 16sec,457454 (1.83ms),26180 (2%),31317 (1%),98 (2%),114 (1%),2 (~0%),1,10,1,1,off,off,1,1
03min 20sec,550293 (2.201ms),9622 (~0%),7866 (~0%),90 (2%),23 (~0%),2 (~0%),6,1,1,1,off,off,1,1
03min 30sec,1222678 (4.891ms),15473 (1%),12058 (~0%),82 (1%),44 (~0%),10 (1%),50,1,1,1,off,off,1,1
03min 25sec,149233 (0.597ms),37195 (3%),41539 (1%),134 (3%),184 (2%),0 (~0%),1,1,1,14,off,off,1,1
03min 19sec,489564 (1.958ms),9595 (~0%),7858 (~0%),90 (2%),24 (~0%),2 (~0%),1,1,1,1,off,off,2,1
04min 19sec,4306035 (19.223ms),38585 (3%),56209 (2%),124 (2%),12 (~0%),0 (~0%),1,1,1,1,off,off,1,2
03min 06sec,347532 (1.39ms),8968 (~0%),7134 (~0%),24 (~0%),23 (~0%),6 (~0%),1,1,10,1,off,off,1,1
04min 28sec,1222678 (4.891ms),15473 (1%),12058 (~0%),82 (1%),44 (~0%),10 (1%),50,1,1,1,off,off,1,1
04min 27sec,1070968 (4.284ms),15475 (1%),12072 (~0%),86 (1%),44 (~0%),10 (1%),40,1,1,1,off,off,1,1
04min 06sec,347532 (1.39ms),8968 (~0%),7134 (~0%),24 (~0%),23 (~0%),6 (~0%),1,1,10,1,off,off,1,1
03min 34sec,583777 (2.335ms),16011 (1%),12542 (~0%),94 (2%),44 (~0%),4 (~0%),8,1,1,1,off,off,1,1
03min 09sec,347532 (1.39ms),8968 (~0%),7134 (~0%),24 (~0%),23 (~0%),6 (~0%),1,1,10,1,off,off,1,1
03min 26sec,149233 (0.597ms),37195 (3%),41539 (1%),134 (3%),184 (2%),0 (~0%),1,1,1,14,off,off,1,1
03min 20sec,461231 (1.845ms),9031 (~0%),7483 (~0%),78 (1%),22 (~0%),4 (~0%),1,1,1,1,off,off,1,1
03min 22sec,915264 (3.661ms),9620 (~0%),7898 (~0%),78 (1%),22 (~0%),8 (~0%),30,1,1,1,off,off,1,1
05min 49sec,18339 (0.073ms),179724 (15%),159803 (6%),1966 (45%),663 (9%),2 (~0%),60,1,1,1,off,off,1,1
17min 54sec,18341 (0.073ms),599482 (50%),919578 (38%),1966 (45%),6933 (101%),2 (~0%),60,14,1,1,off,off,1,1
23min 58sec,13123 (0.052ms),1173433 (99%),1378920 (58%),1726 (39%),9270 (135%),2 (~0%),60,1,1,14,off,off,1,1
03min 14sec,605884 (2.424ms),35105 (2%),37869 (1%),78 (1%),176 (2%),2 (~0%),10,14,1,1,off,off,1,1
17min 16sec,18341 (0.073ms),599482 (50%),919578 (38%),1966 (45%),6933 (101%),2 (~0%),60,14,1,1,off,off,1,1
05min 17sec,37963 (0.164ms),225628 (19%),240005 (10%),238 (5%),1292 (18%),0 (~0%),10,14,8,10,off,off,1,1
05min 21sec,46706 (0.201ms),222885 (18%),237406 (10%),322 (7%),1292 (18%),0 (~0%),20,14,8,10,off,off,1,1
05min 19sec,55459 (0.239ms),222897 (18%),237495 (10%),322 (7%),1292 (18%),0 (~0%),30,14,8,10,off,off,1,1
05min 45sec,36043 (0.154ms),287825 (24%),285413 (12%),78 (1%),1680 (24%),0 (~0%),10,14,8,14,off,off,1,1
08min 42sec,23403 (0.101ms),555506 (46%),549345 (23%),78 (1%),3248 (47%),0 (~0%),10,14,16,14,off,off,1,1
08min 22sec,21163 (0.095ms),494031 (41%),523392 (22%),72 (1%),2852 (41%),0 (~0%),10,14,20,10,off,off,1,1
07min 12sec,23963 (0.107ms),425498 (35%),449345 (19%),78 (1%),2412 (35%),0 (~0%),10,14,16,10,off,off,1,1
08min 30sec,25706 (0.115ms),491302 (41%),520793 (22%),156 (3%),2852 (41%),0 (~0%),20,14,20,10,off,off,1,1
10min 28sec,20683 (0.089ms),649722 (54%),645941 (27%),72 (1%),3864 (56%),0 (~0%),10,14,20,14,off,off,1,1
10min 38sec,22352 (0.096ms),646996 (54%),643342 (27%),156 (3%),3864 (56%),0 (~0%),15,14,20,14,off,off,1,1
08min 37sec,30259 (0.136ms),491313 (41%),520872 (22%),156 (3%),2852 (41%),0 (~0%),30,14,20,10,off,off,1,1
07min 16sec,23963 (0.107ms),425498 (35%),449345 (19%),78 (1%),2412 (35%),0 (~0%),10,14,16,10,off,off,1,1
10min 28sec,25106 (0.108ms),646989 (54%),643338 (27%),156 (3%),3864 (56%),0 (~0%),20,14,20,14,off,off,1,1
07min 24sec,25416 (0.114ms),363219 (30%),419120 (17%),94 (2%),2048 (29%),0 (~0%),10,14,20,7,off,off,1,1
10min 29sec,21566 (0.093ms),649707 (54%),645935 (27%),72 (1%),3864 (56%),0 (~0%),12,14,20,14,off,off,1,1
08min 34sec,23432 (0.105ms),491309 (41%),520797 (22%),156 (3%),2852 (41%),0 (~0%),15,14,20,10,off,off,1,1
10min 30sec,20683 (0.089ms),649722 (54%),645941 (27%),72 (1%),3864 (56%),0 (~0%),10,14,20,14,off,off,1,1
03min 02sec,907340 (3.629ms),32374 (2%),35241 (1%),162 (3%),176 (2%),2 (~0%),30,14,1,1,off,off,1,1
08min 21sec,23432 (0.105ms),491309 (41%),520797 (22%),156 (3%),2852 (41%),0 (~0%),15,14,20,10,off,off,1,1
10min 39sec,21566 (0.093ms),649707 (54%),645935 (27%),72 (1%),3864 (56%),0 (~0%),12,14,20,14,off,off,1,1
10min 13sec,21566 (0.093ms),649707 (54%),645935 (27%),72 (1%),3864 (56%),0 (~0%),12,14,20,14,off,off,1,1
10min 33sec,21566 (0.093ms),649707 (54%),645935 (27%),72 (1%),3864 (56%),0 (~0%),12,14,20,14,off,off,1,1
10min 34sec,21566 (0.093ms),649707 (54%),645935 (27%),72 (1%),3864 (56%),0 (~0%),12,14,20,14,off,off,1,1
10min 31sec,21566 (0.093ms),649707 (54%),645935 (27%),72 (1%),3864 (56%),0 (~0%),12,14,20,14,off,off,1,1
10min 35sec,21566 (0.093ms),649707 (54%),645935 (27%),72 (1%),3864 (56%),0 (~0%),12,14,20,14,off,off,1,1
10min 14sec,21566 (0.093ms),649707 (54%),645935 (27%),72 (1%),3864 (56%),0 (~0%),12,14,20,14,off,off,1,1
08min 39sec,21163 (0.095ms),494031 (41%),523392 (22%),72 (1%),2852 (41%),0 (~0%),10,14,20,10,off,off,1,1
10min 12sec,20683 (0.089ms),649722 (54%),645941 (27%),72 (1%),3864 (56%),0 (~0%),10,14,20,14,off,off,1,1
10min 16sec,21566 (0.093ms),649707 (54%),645935 (27%),72 (1%),3864 (56%),0 (~0%),12,14,20,14,off,off,1,1
10min 17sec,21566 (0.093ms),649707 (54%),645935 (27%),72 (1%),3864 (56%),0 (~0%),12,14,20,14,off,off,1,1
10min 11sec,21566 (0.093ms),649707 (54%),645935 (27%),72 (1%),3864 (56%),0 (~0%),12,14,20,14,off,off,1,1
10min 12sec,21566 (0.093ms),649707 (54%),645935 (27%),72 (1%),3864 (56%),0 (~0%),12,14,20,14,off,off,1,1
10min 02sec,20683 (0.089ms),649722 (54%),645941 (27%),72 (1%),3864 (56%),0 (~0%),10,14,20,14,off,off,1,1
10min 01sec,21566 (0.093ms),649707 (54%),645935 (27%),72 (1%),3864 (56%),0 (~0%),12,14,20,14,off,off,1,1
10min 06sec,21566 (0.093ms),649707 (54%),645935 (27%),72 (1%),3864 (56%),0 (~0%),12,14,20,14,off,off,1,1
10min 21sec,21566 (0.093ms),649707 (54%),645935 (27%),72 (1%),3864 (56%),0 (~0%),12,14,20,14,off,off,1,1
09min 53sec,21566 (0.093ms),649707 (54%),645935 (27%),72 (1%),3864 (56%),0 (~0%),12,14,20,14,off,off,1,1
09min 55sec,21566 (0.093ms),649707 (54%),645935 (27%),72 (1%),3864 (56%),0 (~0%),12,14,20,14,off,off,1,1
08min 28sec,23432 (0.105ms),491309 (41%),520797 (22%),156 (3%),2852 (41%),0 (~0%),15,14,20,10,off,off,1,1
09min 57sec,21566 (0.093ms),649707 (54%),645935 (27%),72 (1%),3864 (56%),0 (~0%),12,14,20,14,off,off,1,1
10min 02sec,21566 (0.093ms),649707 (54%),645935 (27%),72 (1%),3864 (56%),0 (~0%),12,14,20,14,off,off,1,1
10min 00sec,21566 (0.093ms),649707 (54%),645935 (27%),72 (1%),3864 (56%),0 (~0%),12,14,20,14,off,off,1,1
09min 54sec,21566 (0.093ms),649707 (54%),645935 (27%),72 (1%),3864 (56%),0 (~0%),12,14,20,14,off,off,1,1
17min 22sec,18341 (0.073ms),599482 (50%),919578 (38%),1966 (45%),6933 (101%),2 (~0%),60,14,1,1,off,off,1,1
05min 01sec,18341 (0.073ms),160227 (13%),144004 (6%),1952 (45%),663 (9%),2 (~0%),60,1,20,1,off,off,1,1
21min 49sec,13283 (0.059ms),869541 (73%),1009851 (42%),2446 (56%),6990 (102%),2 (~0%),60,1,1,10,off,off,1,1
15min 49sec,18349 (0.082ms),452177 (38%),675177 (28%),1952 (45%),5373 (78%),2 (~0%),60,10,20,1,off,off,1,1
16min 15sec,18343 (0.073ms),579985 (49%),903779 (38%),1952 (45%),6933 (101%),2 (~0%),60,14,20,1,off,off,1,1
20min 01sec,13284 (0.059ms),849297 (71%),993987 (42%),2432 (56%),6990 (102%),2 (~0%),60,1,20,10,off,off,1,1
04min 43sec,16363 (0.065ms),175752 (14%),169590 (7%),1944 (45%),1203 (17%),2 (~0%),60,1,10,1,off,off,1,1
16min 40sec,18347 (0.082ms),471674 (39%),690976 (29%),1966 (45%),5373 (78%),2 (~0%),60,10,1,1,off,off,1,1
15min 44sec,18349 (0.082ms),452177 (38%),675177 (28%),1952 (45%),5373 (78%),2 (~0%),60,10,20,1,off,off,1,1
15min 36sec,16371 (0.073ms),469802 (39%),693803 (29%),1944 (45%),5433 (79%),2 (~0%),60,10,10,1,off,off,1,1
21min 21sec,11386 (0.051ms),885642 (74%),1025633 (43%),2424 (56%),7470 (109%),2 (~0%),60,1,10,10,off,off,1,1
09min 07sec,14760 (0.059ms),489114 (41%),486528 (20%),78 (1%),3810 (55%),300 (31%),60,1,10,5,off,off,1,1
40min 00sec,,,,,,,60,10,10,5,off,off,1,1
40min 00sec,,,,,,,60,7,10,5,off,off,1,1
07min 28sec,16753 (0.067ms),440964 (37%),495496 (20%),100 (2%),3780 (55%),300 (31%),60,5,10,5,off,off,1,1
07min 35sec,16753 (0.067ms),440964 (37%),495496 (20%),100 (2%),3780 (55%),300 (31%),60,5,10,5,off,off,1,1
08min 36sec,16658 (0.067ms),472076 (39%),474044 (20%),100 (2%),3330 (48%),300 (31%),60,1,16,5,off,off,1,1
07min 22sec,16753 (0.067ms),440964 (37%),495496 (20%),100 (2%),3780 (55%),300 (31%),60,5,10,5,off,off,1,1
40min 00sec,,,,,,,60,14,16,5,off,off,1,1
40min 00sec,,,,,,,60,10,16,5,off,off,1,1
40min 00sec,,,,,,,60,7,16,5,off,off,1,1
21min 56sec,13284 (0.059ms),874210 (73%),1010674 (42%),2446 (56%),6990 (102%),2 (~0%),60,1,16,10,off,off,1,1
12min 56sec,14439 (0.058ms),727504 (61%),825347 (34%),1758 (40%),11430 (167%),0 (~0%),60,1,10,7,off,off,1,1
06min 52sec,18651 (0.075ms),441566 (37%),483372 (20%),122 (2%),3300 (48%),300 (31%),60,5,16,5,off,off,1,1
06min 46sec,18651 (0.075ms),441566 (37%),483372 (20%),122 (2%),3300 (48%),300 (31%),60,5,16,5,off,off,1,1
40min 00sec,,,,,,,60,5,16,10,off,off,1,1
07min 04sec,18651 (0.075ms),441566 (37%),483372 (20%),122 (2%),3300 (48%),300 (31%),60,5,16,5,off,off,1,1
18min 06sec,16676 (0.067ms),519356 (43%),556724 (23%),100 (2%),3330 (48%),300 (31%),60,2,16,5,off,off,1,1
13min 42sec,16337 (0.065ms),617921 (52%),628240 (26%),1780 (41%),4650 (67%),0 (~0%),60,1,16,7,off,off,1,1
18min 14sec,16676 (0.067ms),519356 (43%),556724 (23%),100 (2%),3330 (48%),300 (31%),60,2,16,5,off,off,1,1
06min 15sec,53406 (0.228ms),66126 (5%),55523 (2%),218 (5%),162 (2%),0 (~0%),20,1,1,1,off,flatten,1,1
06min 14sec,63499 (0.271ms),66131 (5%),55518 (2%),218 (5%),162 (2%),0 (~0%),30,1,1,1,off,flatten,1,1
80min 00sec,,,,,,,60,1,1,1,off,flatten,1,1
05min 41sec,31987 (0.137ms),39249 (3%),47047 (1%),218 (5%),162 (2%),0 (~0%),1,5,1,1,off,flatten,1,1
05min 43sec,31747 (0.136ms),39387 (3%),47431 (2%),218 (5%),162 (2%),0 (~0%),1,7,1,1,off,flatten,1,1
05min 40sec,31567 (0.135ms),39555 (3%),48073 (2%),218 (5%),162 (2%),0 (~0%),1,10,1,1,off,flatten,1,1
07min 13sec,23947 (0.103ms),98259 (8%),121912 (5%),78 (1%),382 (5%),0 (~0%),1,1,4,1,off,flatten,1,1
08min 53sec,15487 (0.066ms),205351 (17%),296642 (12%),78 (1%),1248 (18%),0 (~0%),1,1,8,1,off,flatten,1,1
05min 24sec,317921 (1.272ms),30537 (2%),34016 (1%),130 (3%),115 (1%),5 (~0%),20,1,1,5,off,off,1,1
05min 29sec,380354 (1.521ms),30542 (2%),34012 (1%),130 (3%),115 (1%),5 (~0%),30,1,1,5,off,off,1,1
11min 14sec,16658 (0.067ms),467467 (39%),473221 (20%),100 (2%),3330 (48%),300 (31%),60,1,1,5,off,off,1,1
05min 04sec,193938 (0.776ms),15938 (1%),17282 (~0%),142 (3%),55 (~0%),5 (~0%),1,5,1,5,off,off,1,1
05min 34sec,638048 (2.727ms),27870 (2%),33936 (1%),128 (2%),89 (1%),5 (~0%),1,7,1,5,off,off,1,1
05min 26sec,205868 (0.823ms),31134 (2%),36618 (1%),120 (2%),125 (1%),5 (~0%),1,10,1,5,off,off,1,1
05min 22sec,195248 (0.781ms),30704 (2%),33052 (1%),120 (2%),85 (1%),5 (~0%),1,1,4,5,off,off,1,1
09min 33sec,14171 (0.061ms),232436 (19%),305394 (12%),78 (1%),1250 (18%),0 (~0%),2,1,8,1,off,flatten,1,1
09min 40sec,14469 (0.062ms),232473 (19%),305533 (12%),78 (1%),1250 (18%),0 (~0%),3,1,8,1,off,flatten,1,1
09min 40sec,14810 (0.063ms),232424 (19%),305529 (12%),78 (1%),1250 (18%),0 (~0%),4,1,8,1,off,flatten,1,1
07min 43sec,12127 (0.052ms),205565 (17%),297472 (12%),78 (1%),1248 (18%),0 (~0%),1,5,8,1,off,flatten,1,1
07min 50sec,11887 (0.051ms),205703 (17%),297856 (12%),78 (1%),1248 (18%),0 (~0%),1,7,8,1,off,flatten,1,1
07min 50sec,11707 (0.05ms),205871 (17%),298498 (12%),78 (1%),1248 (18%),0 (~0%),1,10,8,1,off,flatten,1,1
08min 42sec,14947 (0.064ms),251182 (21%),370137 (15%),44 (1%),1556 (22%),0 (~0%),1,1,10,1,off,flatten,1,1
07min 50sec,15487 (0.066ms),205351 (17%),296642 (12%),78 (1%),1248 (18%),0 (~0%),1,1,8,2,off,flatten,1,1
06min 50sec,28193 (0.121ms),123453 (10%),130673 (5%),78 (1%),382 (5%),0 (~0%),10,1,4,1,off,flatten,1,1
06min 49sec,29448 (0.126ms),123449 (10%),130671 (5%),78 (1%),382 (5%),0 (~0%),12,1,4,1,off,flatten,1,1
06min 51sec,31332 (0.134ms),123438 (10%),130672 (5%),78 (1%),382 (5%),0 (~0%),15,1,4,1,off,flatten,1,1
05min 52sec,20167 (0.087ms),98779 (8%),123768 (5%),78 (1%),382 (5%),0 (~0%),1,10,4,1,off,flatten,1,1
05min 53sec,20047 (0.086ms),98901 (8%),124538 (5%),78 (1%),382 (5%),0 (~0%),1,14,4,1,off,flatten,1,1
09min 00sec,14947 (0.064ms),251182 (21%),370137 (15%),44 (1%),1556 (22%),0 (~0%),1,1,10,1,off,flatten,1,1
05min 53sec,23947 (0.103ms),98259 (8%),121912 (5%),78 (1%),382 (5%),0 (~0%),1,1,4,10,off,flatten,1,1
05min 52sec,23947 (0.103ms),98259 (8%),121912 (5%),78 (1%),382 (5%),0 (~0%),1,1,4,14,off,flatten,1,1
10min 31sec,10730 (0.046ms),232776 (19%),306743 (12%),78 (1%),1250 (18%),0 (~0%),4,7,8,1,off,flatten,1,1
10min 31sec,10940 (0.047ms),232808 (19%),306880 (12%),78 (1%),1249 (18%),0 (~0%),5,7,8,1,off,flatten,1,1
10min 26sec,11156 (0.048ms),232818 (19%),306884 (12%),78 (1%),1249 (18%),0 (~0%),6,7,8,1,off,flatten,1,1
08min 39sec,11227 (0.048ms),202447 (17%),295900 (12%),78 (1%),1248 (18%),0 (~0%),1,70,8,1,off,flatten,1,1
09min 51sec,11347 (0.048ms),251534 (21%),371351 (15%),44 (1%),1556 (22%),0 (~0%),1,7,10,1,off,flatten,1,1
08min 46sec,11887 (0.051ms),205703 (17%),297856 (12%),78 (1%),1248 (18%),0 (~0%),1,7,8,10,off,flatten,1,1
10min 27sec,10139 (0.043ms),232956 (19%),307250 (12%),78 (1%),1250 (18%),0 (~0%),2,10,8,1,off,flatten,1,1
10min 31sec,10311 (0.044ms),232993 (19%),307389 (13%),78 (1%),1250 (18%),0 (~0%),3,10,8,1,off,flatten,1,1
10min 27sec,10526 (0.045ms),232944 (19%),307385 (13%),78 (1%),1250 (18%),0 (~0%),4,10,8,1,off,flatten,1,1
08min 49sec,11587 (0.05ms),205993 (17%),299268 (12%),78 (1%),1248 (18%),0 (~0%),1,14,8,1,off,flatten,1,1
08min 46sec,11227 (0.048ms),202447 (17%),295900 (12%),78 (1%),1248 (18%),0 (~0%),1,70,8,1,off,flatten,1,1
09min 47sec,11167 (0.048ms),251702 (21%),371993 (15%),44 (1%),1556 (22%),0 (~0%),1,10,10,1,off,flatten,1,1
15min 22sec,10807 (0.046ms),388355 (32%),573198 (24%),78 (1%),2496 (36%),0 (~0%),1,10,16,1,off,flatten,1,1
08min 47sec,11707 (0.05ms),205871 (17%),298498 (12%),78 (1%),1248 (18%),0 (~0%),1,10,8,2,off,flatten,1,1
08min 44sec,10730 (0.046ms),232976 (19%),307522 (13%),78 (1%),1249 (18%),0 (~0%),5,10,8,1,off,flatten,1,1
08min 45sec,10940 (0.047ms),232986 (19%),307526 (13%),78 (1%),1249 (18%),0 (~0%),6,10,8,1,off,flatten,1,1
08min 44sec,11803 (0.05ms),232989 (19%),307668 (13%),78 (1%),1248 (18%),0 (~0%),10,10,8,1,off,flatten,1,1
08min 44sec,10587 (0.045ms),232650 (19%),306224 (12%),78 (1%),1250 (18%),0 (~0%),2,5,8,1,off,flatten,1,1
08min 45sec,10331 (0.044ms),232788 (19%),306608 (12%),78 (1%),1250 (18%),0 (~0%),2,7,8,1,off,flatten,1,1
18min 10sec,9179 (0.039ms),415428 (35%),581949 (24%),78 (1%),2498 (36%),0 (~0%),2,10,16,1,off,flatten,1,1
08min 41sec,10139 (0.043ms),232956 (19%),307250 (12%),78 (1%),1250 (18%),0 (~0%),2,10,8,5,off,flatten,1,1
08min 31sec,10730 (0.046ms),232976 (19%),307522 (13%),78 (1%),1249 (18%),0 (~0%),5,10,8,1,off,flatten,1,1
08min 32sec,10940 (0.047ms),232986 (19%),307526 (13%),78 (1%),1249 (18%),0 (~0%),6,10,8,1,off,flatten,1,1
08min 37sec,10773 (0.046ms),232687 (19%),306363 (12%),78 (1%),1250 (18%),0 (~0%),3,5,8,1,off,flatten,1,1
08min 34sec,10509 (0.045ms),232825 (19%),306747 (12%),78 (1%),1250 (18%),0 (~0%),3,7,8,1,off,flatten,1,1
08min 41sec,10179 (0.043ms),233115 (19%),308159 (13%),78 (1%),1250 (18%),0 (~0%),3,14,8,1,off,flatten,1,1
08min 44sec,10311 (0.044ms),232993 (19%),307389 (13%),78 (1%),1250 (18%),0 (~0%),3,10,8,5,off,flatten,1,1
08min 38sec,10311 (0.044ms),232993 (19%),307389 (13%),78 (1%),1250 (18%),0 (~0%),3,10,8,7,off,flatten,1,1
09min 42sec,12242 (0.052ms),232986 (19%),307666 (13%),78 (1%),1248 (18%),0 (~0%),12,10,8,1,off,flatten,1,1
09min 32sec,12902 (0.055ms),232975 (19%),307667 (13%),78 (1%),1248 (18%),0 (~0%),15,10,8,1,off,flatten,1,1
09min 42sec,14006 (0.06ms),232962 (19%),307804 (13%),78 (1%),1248 (18%),0 (~0%),20,10,8,1,off,flatten,1,1
09min 43sec,10011 (0.043ms),233078 (19%),308020 (13%),78 (1%),1250 (18%),0 (~0%),2,14,8,1,off,flatten,1,1
09min 46sec,9403 (0.04ms),254250 (21%),435083 (18%),78 (1%),1250 (18%),0 (~0%),2,70,8,1,off,flatten,1,1
09min 46sec,10139 (0.043ms),232956 (19%),307250 (12%),78 (1%),1250 (18%),0 (~0%),2,10,8,2,off,flatten,1,1
09min 43sec,10139 (0.043ms),232956 (19%),307250 (12%),78 (1%),1250 (18%),0 (~0%),2,10,8,7,off,flatten,1,1
09min 46sec,10139 (0.043ms),232956 (19%),307250 (12%),78 (1%),1250 (18%),0 (~0%),2,10,8,10,off,flatten,1,1
09min 43sec,11002 (0.047ms),232638 (19%),306359 (12%),78 (1%),1250 (18%),0 (~0%),4,5,8,1,off,flatten,1,1
09min 43sec,11220 (0.048ms),232670 (19%),306496 (12%),78 (1%),1249 (18%),0 (~0%),5,5,8,1,off,flatten,1,1
09min 29sec,11444 (0.049ms),232680 (19%),306500 (12%),78 (1%),1249 (18%),0 (~0%),6,5,8,1,off,flatten,1,1
09min 35sec,10011 (0.043ms),233078 (19%),308020 (13%),78 (1%),1250 (18%),0 (~0%),2,14,8,1,off,flatten,1,1
09min 54sec,9403 (0.04ms),254250 (21%),435083 (18%),78 (1%),1250 (18%),0 (~0%),2,70,8,1,off,flatten,1,1
11min 05sec,10011 (0.043ms),278463 (23%),379717 (16%),44 (1%),1558 (22%),0 (~0%),2,5,10,1,off,flatten,1,1
09min 35sec,10587 (0.045ms),232650 (19%),306224 (12%),78 (1%),1250 (18%),0 (~0%),2,5,8,2,off,flatten,1,1
09min 42sec,10587 (0.045ms),232650 (19%),306224 (12%),78 (1%),1250 (18%),0 (~0%),2,5,8,5,off,flatten,1,1
80min 00sec,,,,,,,60,10,8,1,off,flatten,1,1
09min 56sec,10587 (0.045ms),232650 (19%),306224 (12%),78 (1%),1250 (18%),0 (~0%),2,5,8,1,off,flatten,1,1
11min 36sec,9563 (0.041ms),278769 (23%),380743 (16%),44 (1%),1558 (22%),0 (~0%),2,10,10,1,off,flatten,1,1
09min 59sec,10139 (0.043ms),232956 (19%),307250 (12%),78 (1%),1250 (18%),0 (~0%),2,10,8,70,off,flatten,1,1
80min 00sec,,,,,,,2,10,8,1,flatten,flatten,1,1
13min 32sec,20770 (0.089ms),324446 (27%),499669 (21%),78 (1%),1249 (18%),0 (~0%),2,10,8,1,off,flatten,4,1
09min 45sec,14555 (0.062ms),230290 (19%),326780 (13%),110 (2%),1250 (18%),0 (~0%),2,10,8,1,off,flatten,1,4
09min 48sec,10364 (0.044ms),225734 (19%),305222 (12%),78 (1%),1249 (18%),0 (~0%),6,70,8,1,off,flatten,1,1
12min 16sec,9727 (0.042ms),302486 (25%),578585 (24%),78 (1%),1250 (18%),0 (~0%),4,70,8,1,off,flatten,1,1
09min 55sec,10011 (0.043ms),233078 (19%),308020 (13%),78 (1%),1250 (18%),0 (~0%),2,14,8,1,off,flatten,1,1
10min 05sec,10587 (0.045ms),232650 (19%),306224 (12%),78 (1%),1250 (18%),0 (~0%),2,5,8,1,off,flatten,1,1
12min 01sec,8827 (0.038ms),299811 (25%),508576 (21%),44 (1%),1558 (22%),0 (~0%),2,70,10,1,off,flatten,1,1
10min 05sec,9403 (0.04ms),254250 (21%),435083 (18%),78 (1%),1250 (18%),0 (~0%),2,70,8,5,off,flatten,1,1
14min 32sec,9115 (0.039ms),348046 (29%),652078 (27%),44 (1%),1558 (22%),0 (~0%),4,70,10,1,off,flatten,1,1
12min 02sec,9435 (0.04ms),278891 (23%),381513 (16%),44 (1%),1558 (22%),0 (~0%),2,14,10,1,off,flatten,1,1
20min 04sec,8443 (0.036ms),435696 (36%),709782 (30%),78 (1%),2498 (36%),0 (~0%),2,70,16,1,off,flatten,1,1
12min 16sec,8827 (0.038ms),299811 (25%),508576 (21%),44 (1%),1558 (22%),0 (~0%),2,70,10,5,off,flatten,1,1
15min 39sec,19538 (0.083ms),441434 (37%),704716 (29%),44 (1%),1557 (22%),0 (~0%),2,70,10,1,off,flatten,4,1
09min 38sec,23467 (0.1ms),381158 (32%),587128 (24%),36 (~0%),4202 (61%),0 (~0%),2,70,10,1,off,flatten,1,4
10min 24sec,11163 (0.048ms),225737 (19%),305266 (12%),78 (1%),1248 (18%),0 (~0%),10,70,8,1,off,flatten,1,1
10min 14sec,12182 (0.052ms),225723 (19%),305265 (12%),78 (1%),1248 (18%),0 (~0%),15,70,8,1,off,flatten,1,1
10min 29sec,10011 (0.043ms),233078 (19%),308020 (13%),78 (1%),1250 (18%),0 (~0%),2,14,8,1,off,flatten,1,1
19min 58sec,8443 (0.036ms),435696 (36%),709782 (30%),78 (1%),2498 (36%),0 (~0%),2,70,16,1,off,flatten,1,1
10min 44sec,9403 (0.04ms),254250 (21%),435083 (18%),78 (1%),1250 (18%),0 (~0%),2,70,8,7,off,flatten,1,1
10min 41sec,9403 (0.04ms),254250 (21%),435083 (18%),78 (1%),1250 (18%),0 (~0%),2,70,8,10,off,flatten,1,1
80min 00sec,,,,,,,2,70,8,1,flatten,flatten,1,1
10min 35sec,13755 (0.059ms),251800 (21%),454605 (19%),110 (2%),1250 (18%),0 (~0%),2,70,8,1,off,flatten,1,8
10min 12sec,9541 (0.041ms),267179 (22%),506843 (21%),78 (1%),1250 (18%),0 (~0%),3,70,8,1,off,flatten,1,1
08min 53sec,11570 (0.049ms),225734 (19%),305264 (12%),78 (1%),1248 (18%),0 (~0%),12,70,8,1,off,flatten,1,1
08min 53sec,13206 (0.056ms),225710 (19%),305304 (12%),78 (1%),1248 (18%),0 (~0%),20,70,8,1,off,flatten,1,1
09min 11sec,11931 (0.051ms),232622 (19%),305649 (12%),78 (1%),1250 (18%),0 (~0%),2,2,8,1,off,flatten,1,1
09min 13sec,10587 (0.045ms),232650 (19%),306224 (12%),78 (1%),1250 (18%),0 (~0%),2,5,8,1,off,flatten,1,1
09min 07sec,10331 (0.044ms),232788 (19%),306608 (12%),78 (1%),1250 (18%),0 (~0%),2,7,8,1,off,flatten,1,1
07min 22sec,18497 (0.079ms),149360 (12%),275237 (11%),78 (1%),712 (10%),0 (~0%),2,70,4,1,off,flatten,1,1
09min 17sec,9403 (0.04ms),254250 (21%),435083 (18%),78 (1%),1250 (18%),0 (~0%),2,70,8,2,off,flatten,1,1
10min 23sec,9716 (0.042ms),271285 (22%),378792 (16%),44 (1%),1557 (22%),0 (~0%),6,70,10,1,off,flatten,1,1
10min 27sec,9755 (0.042ms),278601 (23%),380101 (16%),44 (1%),1558 (22%),0 (~0%),2,7,10,1,off,flatten,1,1
10min 48sec,8827 (0.038ms),299811 (25%),508576 (21%),44 (1%),1558 (22%),0 (~0%),2,70,10,10,off,flatten,1,1
13min 46sec,18662 (0.08ms),405426 (34%),637361 (26%),64 (1%),1557 (22%),0 (~0%),2,70,10,1,off,flatten,8,1
10min 54sec,8827 (0.038ms),299811 (25%),508576 (21%),44 (1%),1558 (22%),0 (~0%),2,70,10,1,off,flatten,1,8
05min 07sec,519915 (2.08ms),9586 (~0%),7864 (~0%),90 (2%),24 (~0%),2 (~0%),1,1,1,1,off,off,4,1
05min 44sec,2428036 (10.839ms),34107 (2%),55078 (2%),124 (2%),12 (~0%),0 (~0%),1,1,1,1,off,off,1,4
06min 24sec,224315 (0.897ms),30533 (2%),33982 (1%),130 (3%),116 (1%),5 (~0%),5,1,1,5,off,off,1,1
06min 17sec,293231 (1.173ms),9475 (~0%),8072 (~0%),78 (1%),25 (~0%),4 (~0%),1,1,1,2,off,off,1,1
06min 44sec,35347 (0.151ms),39035 (3%),46217 (1%),218 (5%),162 (2%),0 (~0%),1,1,1,5,off,flatten,1,1
06min 32sec,218089 (0.872ms),31471 (2%),34928 (1%),100 (2%),117 (1%),5 (~0%),1,1,1,5,off,off,4,1
06min 14sec,552976 (2.415ms),14919 (1%),11651 (~0%),68 (1%),55 (~0%),5 (~0%),1,1,1,5,off,off,1,4
06min 18sec,531181 (2.125ms),26394 (2%),29421 (1%),108 (2%),105 (1%),2 (~0%),5,5,1,1,off,off,1,1
06min 17sec,472274 (2.108ms),26556 (2%),28475 (1%),98 (2%),75 (1%),2 (~0%),1,5,4,1,off,off,1,1
06min 08sec,823216 (3.675ms),12096 (1%),9319 (~0%),100 (2%),44 (~0%),0 (~0%),1,5,1,1,off,off,1,4
06min 23sec,516107 (2.064ms),27332 (2%),30367 (1%),78 (1%),106 (1%),2 (~0%),1,5,1,1,off,off,4,1
06min 26sec,546261 (2.185ms),26404 (2%),29425 (1%),108 (2%),105 (1%),2 (~0%),6,5,1,1,off,off,1,1
04min 31sec,205658 (0.823ms),31474 (2%),34918 (1%),100 (2%),117 (1%),5 (~0%),2,1,1,5,off,off,1,1
04min 24sec,211852 (0.847ms),31522 (2%),34934 (1%),100 (2%),117 (1%),5 (~0%),3,1,1,5,off,off,1,1
04min 26sec,213040 (0.852ms),32362 (2%),36027 (1%),100 (2%),117 (1%),5 (~0%),3,2,1,5,off,off,1,1
04min 55sec,698932 (2.987ms),32209 (2%),36291 (1%),100 (2%),121 (1%),5 (~0%),3,7,1,5,off,off,1,1
04min 27sec,380614 (1.627ms),32761 (2%),36883 (1%),100 (2%),121 (1%),5 (~0%),3,7,5,5,off,off,1,1
04min 11sec,214298 (0.857ms),17212 (1%),15660 (~0%),96 (2%),55 (~0%),5 (~0%),4,5,1,5,off,off,1,1
04min 26sec,219313 (0.877ms),32311 (2%),36021 (1%),100 (2%),117 (1%),5 (~0%),4,2,1,5,off,off,1,1
04min 31sec,219383 (0.878ms),32602 (2%),36006 (1%),100 (2%),117 (1%),5 (~0%),4,2,4,5,off,off,1,1
04min 49sec,327205 (1.461ms),10144 (~0%),8479 (~0%),90 (2%),28 (~0%),2 (~0%),4,2,4,2,off,off,1,1
04min 27sec,202138 (0.809ms),17169 (1%),15577 (~0%),96 (2%),55 (~0%),5 (~0%),2,5,1,5,off,off,1,1
04min 27sec,196268 (0.785ms),29201 (2%),33456 (1%),120 (2%),85 (1%),5 (~0%),1,2,1,5,off,off,1,1
04min 25sec,193938 (0.776ms),18154 (1%),17676 (~0%),142 (3%),55 (~0%),5 (~0%),1,5,4,5,off,off,1,1
04min 27sec,515474 (2.062ms),25026 (2%),29146 (1%),98 (2%),74 (1%),2 (~0%),1,5,1,2,off,off,1,1
04min 46sec,31987 (0.137ms),39249 (3%),47047 (1%),218 (5%),162 (2%),0 (~0%),1,5,1,5,off,flatten,1,1
04min 27sec,214298 (0.857ms),17212 (1%),15660 (~0%),96 (2%),55 (~0%),5 (~0%),1,5,1,5,off,off,4,1
04min 26sec,290116 (1.267ms),14306 (1%),11899 (~0%),66 (1%),55 (~0%),5 (~0%),1,5,4,5,off,off,1,4
04min 27sec,218089 (0.872ms),31471 (2%),34928 (1%),100 (2%),117 (1%),5 (~0%),4,1,1,5,off,off,1,1
04min 24sec,81428 (0.326ms),28902 (2%),33835 (1%),120 (2%),93 (1%),5 (~0%),1,1,5,5,off,off,1,1
04min 27sec,158833 (0.635ms),32822 (2%),36608 (1%),138 (3%),140 (2%),0 (~0%),1,1,1,10,off,off,1,1
04min 28sec,205658 (0.823ms),31474 (2%),34918 (1%),100 (2%),117 (1%),5 (~0%),1,1,1,5,off,off,2,1
04min 26sec,905775 (3.955ms),19392 (1%),12718 (~0%),68 (1%),55 (~0%),5 (~0%),1,1,1,5,off,off,1,2
03min 54sec,255498 (1.022ms),30554 (2%),34004 (1%),130 (3%),115 (1%),5 (~0%),10,1,1,5,off,off,1,1
03min 46sec,251018 (1.004ms),16302 (1%),14887 (~0%),126 (2%),55 (~0%),5 (~0%),10,5,1,5,off,off,1,1
03min 53sec,257418 (1.03ms),16349 (1%),14882 (~0%),126 (2%),55 (~0%),5 (~0%),10,5,8,5,off,off,1,1
04min 21sec,240056 (0.992ms),35190 (2%),38236 (1%),170 (3%),137 (2%),0 (~0%),10,5,8,7,off,off,1,1
03min 53sec,220409 (0.882ms),16331 (1%),14792 (~0%),126 (2%),55 (~0%),5 (~0%),5,5,1,5,off,off,1,1
03min 28sec,80118 (0.32ms),16352 (1%),18459 (~0%),142 (3%),63 (~0%),5 (~0%),1,5,5,5,off,off,1,1
04min 06sec,178866 (0.739ms),32154 (2%),37067 (1%),156 (3%),107 (1%),0 (~0%),1,5,1,7,off,off,1,1
60min 00sec,,,,,,,1,5,1,5,flatten,off,1,1
04min 22sec,31987 (0.137ms),39249 (3%),47047 (1%),218 (5%),162 (2%),0 (~0%),1,5,1,5,off,flatten,1,1
03min 53sec,202138 (0.809ms),17169 (1%),15577 (~0%),96 (2%),55 (~0%),5 (~0%),1,5,1,5,off,off,2,1
03min 42sec,902415 (3.941ms),20457 (1%),13847 (~0%),66 (1%),55 (~0%),5 (~0%),1,5,1,5,off,off,1,2
04min 41sec,230547 (0.922ms),30543 (2%),33986 (1%),130 (3%),116 (1%),5 (~0%),6,1,1,5,off,off,1,1
04min 46sec,256858 (1.027ms),31265 (2%),34792 (1%),130 (3%),115 (1%),5 (~0%),10,2,1,5,off,off,1,1
04min 47sec,255568 (1.022ms),30846 (2%),33989 (1%),130 (3%),115 (1%),5 (~0%),10,1,4,5,off,off,1,1
04min 44sec,387084 (1.548ms),10072 (~0%),8469 (~0%),90 (2%),25 (~0%),2 (~0%),10,1,1,2,off,off,1,1
05min 35sec,43323 (0.185ms),66153 (5%),55387 (2%),218 (5%),162 (2%),0 (~0%),10,1,1,5,off,flatten,1,1
04min 32sec,198512 (0.794ms),28502 (2%),33078 (1%),110 (2%),86 (1%),5 (~0%),10,1,1,5,off,off,2,1
04min 48sec,98724 (0.395ms),29849 (2%),32258 (1%),100 (2%),123 (1%),5 (~0%),10,1,2,5,off,off,1,2
04min 52sec,255498 (1.022ms),30554 (2%),34004 (1%),130 (3%),115 (1%),5 (~0%),10,1,1,5,off,off,1,1
04min 33sec,200048 (0.8ms),28540 (2%),32653 (1%),120 (2%),85 (1%),5 (~0%),1,1,8,5,off,off,1,1
04min 29sec,81368 (0.325ms),28459 (2%),32326 (1%),66 (1%),93 (1%),7 (~0%),1,1,10,5,off,off,1,1
04min 30sec,208201 (0.833ms),17222 (1%),15654 (~0%),96 (2%),55 (~0%),5 (~0%),3,5,1,5,off,off,1,1
05min 25sec,637748 (2.725ms),31126 (2%),39346 (1%),128 (2%),145 (2%),5 (~0%),1,14,1,5,off,off,1,1
04min 29sec,198738 (0.795ms),15990 (1%),17277 (~0%),142 (3%),55 (~0%),5 (~0%),1,5,8,5,off,off,1,1
04min 51sec,156013 (0.624ms),33638 (2%),37360 (1%),138 (3%),140 (2%),0 (~0%),1,5,1,10,off,off,1,1
05min 05sec,244823 (0.979ms),32416 (2%),29666 (1%),152 (3%),110 (1%),10 (1%),1,5,1,5,off,off,8,1
04min 29sec,549616 (2.4ms),15984 (1%),12780 (~0%),66 (1%),55 (~0%),5 (~0%),1,5,1,5,off,off,1,4
05min 07sec,230547 (0.922ms),30543 (2%),33986 (1%),130 (3%),116 (1%),5 (~0%),6,1,1,5,off,off,1,1
05min 03sec,218089 (0.872ms),31471 (2%),34928 (1%),100 (2%),117 (1%),5 (~0%),1,1,1,5,off,off,4,1
05min 00sec,552976 (2.415ms),14919 (1%),11651 (~0%),68 (1%),55 (~0%),5 (~0%),1,1,1,5,off,off,1,4
05min 01sec,208201 (0.833ms),17222 (1%),15654 (~0%),96 (2%),55 (~0%),5 (~0%),3,5,1,5,off,off,1,1
04min 30sec,80058 (0.32ms),15909 (1%),16950 (~0%),88 (2%),63 (~0%),7 (~0%),1,5,10,5,off,off,1,1
05min 02sec,156013 (0.624ms),33638 (2%),37360 (1%),138 (3%),140 (2%),0 (~0%),1,5,1,10,off,off,1,1
05min 01sec,202138 (0.809ms),17169 (1%),15577 (~0%),96 (2%),55 (~0%),5 (~0%),1,5,1,5,off,off,2,1
04min 54sec,902415 (3.941ms),20457 (1%),13847 (~0%),66 (1%),55 (~0%),5 (~0%),1,5,1,5,off,off,1,2
06min 13sec,230547 (0.922ms),30543 (2%),33986 (1%),130 (3%),116 (1%),5 (~0%),6,1,1,5,off,off,1,1
06min 13sec,81368 (0.325ms),28459 (2%),32326 (1%),66 (1%),93 (1%),7 (~0%),1,1,10,5,off,off,1,1
06min 17sec,158833 (0.635ms),32822 (2%),36608 (1%),138 (3%),140 (2%),0 (~0%),1,1,1,10,off,off,1,1
06min 15sec,248984 (0.996ms),55883 (4%),63397 (2%),130 (3%),200 (2%),10 (1%),1,1,1,5,off,off,8,1
06min 10sec,552976 (2.415ms),14919 (1%),11651 (~0%),68 (1%),55 (~0%),5 (~0%),1,1,1,5,off,off,1,4
06min 16sec,226527 (0.906ms),16341 (1%),14796 (~0%),126 (2%),55 (~0%),5 (~0%),6,5,1,5,off,off,1,1
06min 11sec,263277 (1.053ms),16299 (1%),14885 (~0%),126 (2%),55 (~0%),5 (~0%),12,5,1,5,off,off,1,1
06min 11sec,196268 (0.785ms),29201 (2%),33456 (1%),120 (2%),85 (1%),5 (~0%),1,2,1,5,off,off,1,1
06min 11sec,80058 (0.32ms),15909 (1%),16950 (~0%),88 (2%),63 (~0%),7 (~0%),1,5,10,5,off,off,1,1
06min 13sec,156013 (0.624ms),33638 (2%),37360 (1%),138 (3%),140 (2%),0 (~0%),1,5,1,10,off,off,1,1
06min 12sec,202138 (0.809ms),17169 (1%),15577 (~0%),96 (2%),55 (~0%),5 (~0%),1,5,1,5,off,off,2,1
06min 03sec,263277 (1.053ms),16299 (1%),14885 (~0%),126 (2%),55 (~0%),5 (~0%),12,5,1,5,off,off,1,1
05min 57sec,196268 (0.785ms),29201 (2%),33456 (1%),120 (2%),85 (1%),5 (~0%),1,2,1,5,off,off,1,1
05min 46sec,193938 (0.776ms),18154 (1%),17676 (~0%),142 (3%),55 (~0%),5 (~0%),1,5,4,5,off,off,1,1
06min 21sec,156013 (0.624ms),33638 (2%),37360 (1%),138 (3%),140 (2%),0 (~0%),1,5,1,10,off,off,1,1
06min 08sec,214298 (0.857ms),17212 (1%),15660 (~0%),96 (2%),55 (~0%),5 (~0%),1,5,1,5,off,off,4,1
05min 25sec,373215 (1.63ms),13764 (1%),12378 (~0%),66 (1%),55 (~0%),5 (~0%),1,5,1,5,off,off,1,8
05min 53sec,226527 (0.906ms),16341 (1%),14796 (~0%),126 (2%),55 (~0%),5 (~0%),6,5,1,5,off,off,1,1
06min 13sec,196268 (0.785ms),29201 (2%),33456 (1%),120 (2%),85 (1%),5 (~0%),1,2,1,5,off,off,1,1
05min 14sec,193938 (0.776ms),22631 (1%),18748 (~0%),142 (3%),55 (~0%),5 (~0%),1,5,2,5,off,off,1,1
06min 24sec,178866 (0.739ms),32154 (2%),37067 (1%),156 (3%),107 (1%),0 (~0%),1,5,1,7,off,off,1,1
05min 48sec,202138 (0.809ms),17169 (1%),15577 (~0%),96 (2%),55 (~0%),5 (~0%),1,5,1,5,off,off,2,1
05min 45sec,902415 (3.941ms),20457 (1%),13847 (~0%),66 (1%),55 (~0%),5 (~0%),1,5,1,5,off,off,1,2
06min 37sec,230547 (0.922ms),30543 (2%),33986 (1%),130 (3%),116 (1%),5 (~0%),6,1,1,5,off,off,1,1
06min 06sec,81368 (0.325ms),28459 (2%),32326 (1%),66 (1%),93 (1%),7 (~0%),1,1,10,5,off,off,1,1
06min 59sec,205658 (0.823ms),31474 (2%),34918 (1%),100 (2%),117 (1%),5 (~0%),1,1,1,5,off,off,2,1
06min 08sec,552976 (2.415ms),14919 (1%),11651 (~0%),68 (1%),55 (~0%),5 (~0%),1,1,1,5,off,off,1,4
06min 06sec,226527 (0.906ms),16341 (1%),14796 (~0%),126 (2%),55 (~0%),5 (~0%),6,5,1,5,off,off,1,1
06min 39sec,196268 (0.785ms),29201 (2%),33456 (1%),120 (2%),85 (1%),5 (~0%),1,2,1,5,off,off,1,1
06min 11sec,193938 (0.776ms),18154 (1%),17676 (~0%),142 (3%),55 (~0%),5 (~0%),1,5,4,5,off,off,1,1
07min 00sec,156013 (0.624ms),33638 (2%),37360 (1%),138 (3%),140 (2%),0 (~0%),1,5,1,10,off,off,1,1
06min 35sec,202138 (0.809ms),17169 (1%),15577 (~0%),96 (2%),55 (~0%),5 (~0%),1,5,1,5,off,off,2,1
06min 05sec,290116 (1.267ms),14306 (1%),11899 (~0%),66 (1%),55 (~0%),5 (~0%),1,5,4,5,off,off,1,4
04min 26sec,230547 (0.922ms),30543 (2%),33986 (1%),130 (3%),116 (1%),5 (~0%),6,1,1,5,off,off,1,1
04min 08sec,226527 (0.906ms),16341 (1%),14796 (~0%),126 (2%),55 (~0%),5 (~0%),6,5,1,5,off,off,1,1
04min 09sec,89871 (0.359ms),16515 (1%),14552 (~0%),72 (1%),63 (~0%),7 (~0%),6,5,10,5,off,off,1,1
04min 28sec,74233 (0.307ms),36678 (3%),39270 (1%),74 (1%),146 (2%),2 (~0%),6,5,10,7,off,off,1,1
04min 07sec,226527 (0.906ms),16341 (1%),14796 (~0%),126 (2%),55 (~0%),5 (~0%),6,5,1,5,off,off,1,1
04min 24sec,196268 (0.785ms),29201 (2%),33456 (1%),120 (2%),85 (1%),5 (~0%),1,2,1,5,off,off,1,1
04min 01sec,80058 (0.32ms),15909 (1%),16950 (~0%),88 (2%),63 (~0%),7 (~0%),1,5,10,5,off,off,1,1
04min 24sec,178866 (0.739ms),32154 (2%),37067 (1%),156 (3%),107 (1%),0 (~0%),1,5,1,7,off,off,1,1
04min 02sec,202138 (0.809ms),17169 (1%),15577 (~0%),96 (2%),55 (~0%),5 (~0%),1,5,1,5,off,off,2,1
04min 02sec,290116 (1.267ms),14306 (1%),11899 (~0%),66 (1%),55 (~0%),5 (~0%),1,5,4,5,off,off,1,4
04min 15sec,230547 (0.922ms),30543 (2%),33986 (1%),130 (3%),116 (1%),5 (~0%),6,1,1,5,off,off,1,1
03min 57sec,81368 (0.325ms),28459 (2%),32326 (1%),66 (1%),93 (1%),7 (~0%),1,1,10,5,off,off,1,1
04min 14sec,158833 (0.635ms),32822 (2%),36608 (1%),138 (3%),140 (2%),0 (~0%),1,1,1,10,off,off,1,1
04min 20sec,218089 (0.872ms),31471 (2%),34928 (1%),100 (2%),117 (1%),5 (~0%),1,1,1,5,off,off,4,1
03min 54sec,905775 (3.955ms),19392 (1%),12718 (~0%),68 (1%),55 (~0%),5 (~0%),1,1,1,5,off,off,1,2
04min 25sec,515631 (2.063ms),31637 (2%),34507 (1%),78 (1%),146 (2%),2 (~0%),4,10,1,1,off,off,1,1
04min 29sec,531951 (2.375ms),31635 (2%),34486 (1%),78 (1%),147 (2%),2 (~0%),4,10,8,1,off,off,1,1
04min 42sec,178350 (0.713ms),23087 (1%),21421 (~0%),118 (2%),112 (1%),0 (~0%),4,10,8,10,off,off,1,1
05min 52sec,230547 (0.922ms),30543 (2%),33986 (1%),130 (3%),116 (1%),5 (~0%),6,1,1,5,off,off,1,1
05min 47sec,158833 (0.635ms),32822 (2%),36608 (1%),138 (3%),140 (2%),0 (~0%),1,1,1,10,off,off,1,1
05min 53sec,205658 (0.823ms),31474 (2%),34918 (1%),100 (2%),117 (1%),5 (~0%),1,1,1,5,off,off,2,1
05min 47sec,552976 (2.415ms),14919 (1%),11651 (~0%),68 (1%),55 (~0%),5 (~0%),1,1,1,5,off,off,1,4
05min 42sec,226527 (0.906ms),16341 (1%),14796 (~0%),126 (2%),55 (~0%),5 (~0%),6,5,1,5,off,off,1,1
05min 51sec,196268 (0.785ms),29201 (2%),33456 (1%),120 (2%),85 (1%),5 (~0%),1,2,1,5,off,off,1,1
05min 42sec,193938 (0.776ms),18154 (1%),17676 (~0%),142 (3%),55 (~0%),5 (~0%),1,5,4,5,off,off,1,1
05min 49sec,178866 (0.739ms),32154 (2%),37067 (1%),156 (3%),107 (1%),0 (~0%),1,5,1,7,off,off,1,1
05min 53sec,202138 (0.809ms),17169 (1%),15577 (~0%),96 (2%),55 (~0%),5 (~0%),1,5,1,5,off,off,2,1
05min 47sec,549616 (2.4ms),15984 (1%),12780 (~0%),66 (1%),55 (~0%),5 (~0%),1,5,1,5,off,off,1,4
05min 29sec,230547 (0.922ms),30543 (2%),33986 (1%),130 (3%),116 (1%),5 (~0%),6,1,1,5,off,off,1,1
05min 24sec,218089 (0.872ms),31471 (2%),34928 (1%),100 (2%),117 (1%),5 (~0%),1,1,1,5,off,off,4,1
05min 05sec,552976 (2.415ms),14919 (1%),11651 (~0%),68 (1%),55 (~0%),5 (~0%),1,1,1,5,off,off,1,4
05min 16sec,226527 (0.906ms),16341 (1%),14796 (~0%),126 (2%),55 (~0%),5 (~0%),6,5,1,5,off,off,1,1
05min 16sec,196268 (0.785ms),29201 (2%),33456 (1%),120 (2%),85 (1%),5 (~0%),1,2,1,5,off,off,1,1
05min 05sec,193938 (0.776ms),18154 (1%),17676 (~0%),142 (3%),55 (~0%),5 (~0%),1,5,4,5,off,off,1,1
05min 28sec,156013 (0.624ms),33638 (2%),37360 (1%),138 (3%),140 (2%),0 (~0%),1,5,1,10,off,off,1,1
05min 23sec,202138 (0.809ms),17169 (1%),15577 (~0%),96 (2%),55 (~0%),5 (~0%),1,5,1,5,off,off,2,1
05min 23sec,290116 (1.267ms),14306 (1%),11899 (~0%),66 (1%),55 (~0%),5 (~0%),1,5,4,5,off,off,1,4
05min 43sec,230547 (0.922ms),30543 (2%),33986 (1%),130 (3%),116 (1%),5 (~0%),6,1,1,5,off,off,1,1
05min 24sec,81368 (0.325ms),28459 (2%),32326 (1%),66 (1%),93 (1%),7 (~0%),1,1,10,5,off,off,1,1
05min 34sec,293231 (1.173ms),9475 (~0%),8072 (~0%),78 (1%),25 (~0%),4 (~0%),1,1,1,2,off,off,1,1
05min 42sec,218089 (0.872ms),31471 (2%),34928 (1%),100 (2%),117 (1%),5 (~0%),1,1,1,5,off,off,4,1
05min 19sec,552976 (2.415ms),14919 (1%),11651 (~0%),68 (1%),55 (~0%),5 (~0%),1,1,1,5,off,off,1,4
05min 23sec,226527 (0.906ms),16341 (1%),14796 (~0%),126 (2%),55 (~0%),5 (~0%),6,5,1,5,off,off,1,1
05min 42sec,231771 (0.927ms),31253 (2%),34769 (1%),130 (3%),116 (1%),5 (~0%),6,2,1,5,off,off,1,1
05min 48sec,231841 (0.927ms),31544 (2%),34754 (1%),130 (3%),116 (1%),5 (~0%),6,2,4,5,off,off,1,1
05min 45sec,185682 (0.743ms),38904 (3%),41621 (1%),118 (2%),171 (2%),0 (~0%),6,2,4,10,off,off,1,1
06min 38sec,201550 (0.806ms),28860 (2%),33366 (1%),100 (2%),86 (1%),5 (~0%),3,1,1,5,off,off,2,1
06min 40sec,216986 (0.868ms),36589 (3%),39788 (1%),100 (2%),157 (2%),5 (~0%),1,10,1,5,off,off,2,1
06min 42sec,205728 (0.823ms),31765 (2%),34903 (1%),100 (2%),117 (1%),5 (~0%),1,1,4,5,off,off,2,1
06min 53sec,167003 (0.668ms),38293 (3%),39778 (1%),118 (2%),172 (2%),0 (~0%),1,1,1,10,off,off,2,1
60min 00sec,,,,,,,1,1,1,5,flatten,off,2,1
07min 23sec,35355 (0.151ms),66120 (5%),54969 (2%),218 (5%),164 (2%),0 (~0%),1,1,1,5,off,flatten,2,1
06min 41sec,218089 (0.872ms),31471 (2%),34928 (1%),100 (2%),117 (1%),5 (~0%),1,1,1,5,off,off,4,1
06min 48sec,84320 (0.337ms),33694 (2%),36459 (1%),100 (2%),125 (1%),5 (~0%),1,1,2,5,off,off,2,2
06min 31sec,226527 (0.906ms),16341 (1%),14796 (~0%),126 (2%),55 (~0%),5 (~0%),6,5,1,5,off,off,1,1
06min 36sec,196268 (0.785ms),29201 (2%),33456 (1%),120 (2%),85 (1%),5 (~0%),1,2,1,5,off,off,1,1
06min 20sec,193938 (0.776ms),18154 (1%),17676 (~0%),142 (3%),55 (~0%),5 (~0%),1,5,4,5,off,off,1,1
06min 53sec,178866 (0.739ms),32154 (2%),37067 (1%),156 (3%),107 (1%),0 (~0%),1,5,1,7,off,off,1,1
06min 33sec,214298 (0.857ms),17212 (1%),15660 (~0%),96 (2%),55 (~0%),5 (~0%),1,5,1,5,off,off,4,1
06min 21sec,549616 (2.4ms),15984 (1%),12780 (~0%),66 (1%),55 (~0%),5 (~0%),1,5,1,5,off,off,1,4
04min 10sec,230547 (0.922ms),30543 (2%),33986 (1%),130 (3%),116 (1%),5 (~0%),6,1,1,5,off,off,1,1
04min 17sec,223534 (0.894ms),36627 (3%),39814 (1%),100 (2%),157 (2%),5 (~0%),3,10,1,5,off,off,1,1
04min 11sec,211922 (0.848ms),31813 (2%),34919 (1%),100 (2%),117 (1%),5 (~0%),3,1,4,5,off,off,1,1
04min 15sec,319918 (1.28ms),10077 (~0%),8447 (~0%),90 (2%),27 (~0%),2 (~0%),3,1,1,2,off,off,1,1
60min 00sec,,,,,,,3,1,1,5,flatten,off,1,1
04min 49sec,36315 (0.155ms),66157 (5%),55108 (2%),218 (5%),164 (2%),0 (~0%),3,1,1,5,off,flatten,1,1
04min 12sec,201550 (0.806ms),28805 (2%),33366 (1%),100 (2%),86 (1%),5 (~0%),3,1,1,5,off,off,4,1
04min 08sec,206838 (0.827ms),28930 (2%),31661 (1%),70 (1%),117 (1%),5 (~0%),3,1,1,5,off,off,1,4
03min 44sec,220479 (0.882ms),16622 (1%),14777 (~0%),126 (2%),55 (~0%),5 (~0%),5,5,4,5,off,off,1,1
04min 11sec,205868 (0.823ms),33350 (2%),37012 (1%),120 (2%),125 (1%),5 (~0%),1,10,4,5,off,off,1,1
03min 35sec,198738 (0.795ms),15990 (1%),17277 (~0%),142 (3%),55 (~0%),5 (~0%),1,5,8,5,off,off,1,1
04min 14sec,515474 (2.301ms),27232 (2%),29510 (1%),98 (2%),75 (1%),2 (~0%),1,5,4,2,off,off,1,1
60min 00sec,,,,,,,1,5,4,5,flatten,off,1,1
03min 45sec,214368 (0.857ms),17503 (1%),15645 (~0%),96 (2%),55 (~0%),5 (~0%),1,5,4,5,off,off,4,1
03min 43sec,373216 (1.63ms),14083 (1%),12334 (~0%),66 (1%),55 (~0%),5 (~0%),1,5,4,5,off,off,1,2
04min 47sec,637748 (2.725ms),33342 (2%),39740 (1%),128 (2%),145 (2%),5 (~0%),1,14,4,5,off,off,1,1
04min 26sec,255498 (1.022ms),30554 (2%),34004 (1%),130 (3%),115 (1%),5 (~0%),10,1,1,5,off,off,1,1
04min 04sec,81368 (0.325ms),28459 (2%),32326 (1%),66 (1%),93 (1%),7 (~0%),1,1,10,5,off,off,1,1
04min 15sec,158833 (0.635ms),32822 (2%),36608 (1%),138 (3%),140 (2%),0 (~0%),1,1,1,10,off,off,1,1
04min 21sec,218089 (0.872ms),31471 (2%),34928 (1%),100 (2%),117 (1%),5 (~0%),1,1,1,5,off,off,4,1
04min 02sec,552976 (2.415ms),14919 (1%),11651 (~0%),68 (1%),55 (~0%),5 (~0%),1,1,1,5,off,off,1,4
04min 34sec,179010 (0.716ms),39121 (3%),40574 (1%),118 (2%),171 (2%),0 (~0%),5,5,1,10,off,off,1,1
04min 16sec,157333 (0.629ms),33075 (2%),38443 (1%),138 (3%),140 (2%),0 (~0%),1,2,1,10,off,off,1,1
04min 22sec,156013 (0.624ms),35890 (3%),37737 (1%),138 (3%),140 (2%),0 (~0%),1,5,4,10,off,off,1,1
04min 37sec,31987 (0.137ms),39249 (3%),47047 (1%),218 (5%),162 (2%),0 (~0%),1,5,1,10,off,flatten,1,1
04min 32sec,173998 (0.696ms),39080 (3%),40550 (1%),118 (2%),172 (2%),0 (~0%),1,5,1,10,off,off,4,1
04min 05sec,516016 (2.064ms),21007 (1%),18859 (~0%),106 (2%),110 (1%),0 (~0%),1,5,1,10,off,off,1,4
04min 47sec,226527 (0.906ms),16341 (1%),14796 (~0%),126 (2%),55 (~0%),5 (~0%),6,5,1,5,off,off,1,1
04min 34sec,196268 (0.785ms),29201 (2%),33456 (1%),120 (2%),85 (1%),5 (~0%),1,2,1,5,off,off,1,1
04min 18sec,193938 (0.776ms),18154 (1%),17676 (~0%),142 (3%),55 (~0%),5 (~0%),1,5,4,5,off,off,1,1
04min 58sec,156013 (0.624ms),33638 (2%),37360 (1%),138 (3%),140 (2%),0 (~0%),1,5,1,10,off,off,1,1
04min 35sec,214298 (0.857ms),17212 (1%),15660 (~0%),96 (2%),55 (~0%),5 (~0%),1,5,1,5,off,off,4,1
04min 25sec,290116 (1.267ms),14306 (1%),11899 (~0%),66 (1%),55 (~0%),5 (~0%),1,5,4,5,off,off,1,4
04min 52sec,230547 (0.922ms),30543 (2%),33986 (1%),130 (3%),116 (1%),5 (~0%),6,1,1,5,off,off,1,1
04min 43sec,293231 (1.173ms),9475 (~0%),8072 (~0%),78 (1%),25 (~0%),4 (~0%),1,1,1,2,off,off,1,1
04min 53sec,218089 (0.872ms),31471 (2%),34928 (1%),100 (2%),117 (1%),5 (~0%),1,1,1,5,off,off,4,1
04min 24sec,552976 (2.415ms),14919 (1%),11651 (~0%),68 (1%),55 (~0%),5 (~0%),1,1,1,5,off,off,1,4
04min 19sec,36315 (0.155ms),66157 (5%),55108 (2%),218 (5%),164 (2%),0 (~0%),3,1,1,1,off,flatten,1,1
04min 19sec,37318 (0.159ms),66108 (5%),55104 (2%),218 (5%),164 (2%),0 (~0%),4,1,1,1,off,flatten,1,1
03min 40sec,35347 (0.151ms),39035 (3%),46217 (1%),218 (5%),162 (2%),0 (~0%),1,1,1,2,off,flatten,1,1
03min 40sec,230547 (0.922ms),30543 (2%),33986 (1%),130 (3%),116 (1%),5 (~0%),6,1,1,5,off,off,1,1
03min 24sec,81428 (0.326ms),28902 (2%),33835 (1%),120 (2%),93 (1%),5 (~0%),1,1,5,5,off,off,1,1
03min 42sec,205658 (0.823ms),31474 (2%),34918 (1%),100 (2%),117 (1%),5 (~0%),1,1,1,5,off,off,2,1
03min 27sec,552976 (2.415ms),14919 (1%),11651 (~0%),68 (1%),55 (~0%),5 (~0%),1,1,1,5,off,off,1,4
04min 32sec,38310 (0.164ms),66140 (5%),55241 (2%),218 (5%),163 (2%),0 (~0%),5,1,1,1,off,flatten,1,1
03min 58sec,33247 (0.142ms),39221 (3%),46472 (1%),218 (5%),162 (2%),0 (~0%),1,2,1,1,off,flatten,1,1
05min 05sec,19109 (0.082ms),128033 (10%),177750 (7%),66 (1%),778 (11%),0 (~0%),1,1,5,1,off,flatten,1,1
03min 59sec,35347 (0.151ms),39035 (3%),46217 (1%),218 (5%),162 (2%),0 (~0%),1,1,1,7,off,flatten,1,1
04min 31sec,37318 (0.159ms),66108 (5%),55104 (2%),218 (5%),164 (2%),0 (~0%),1,1,1,1,off,flatten,4,1
04min 25sec,520628 (2.324ms),9929 (~0%),7827 (~0%),90 (2%),25 (~0%),2 (~0%),3,1,4,1,off,off,1,1
04min 17sec,473531 (2.114ms),11166 (~0%),7923 (~0%),78 (1%),23 (~0%),4 (~0%),1,2,4,1,off,off,1,1
04min 16sec,472034 (2.107ms),27274 (2%),29764 (1%),106 (2%),91 (1%),2 (~0%),1,7,4,1,off,off,1,1
04min 13sec,293231 (1.309ms),11681 (~0%),8436 (~0%),78 (1%),26 (~0%),4 (~0%),1,1,4,2,off,off,1,1
05min 03sec,1024636 (4.574ms),32020 (2%),54133 (2%),124 (2%),12 (~0%),0 (~0%),1,1,4,1,off,off,1,4
04min 28sec,230547 (0.922ms),30543 (2%),33986 (1%),130 (3%),116 (1%),5 (~0%),6,1,1,5,off,off,1,1
04min 09sec,195248 (0.781ms),35181 (2%),34124 (1%),120 (2%),85 (1%),5 (~0%),1,1,2,5,off,off,1,1
03min 49sec,552976 (2.415ms),14919 (1%),11651 (~0%),68 (1%),55 (~0%),5 (~0%),1,1,1,5,off,off,1,4
03min 44sec,230547 (0.922ms),30543 (2%),33986 (1%),130 (3%),116 (1%),5 (~0%),6,1,1,5,off,off,1,1
03min 28sec,81428 (0.326ms),28902 (2%),33835 (1%),120 (2%),93 (1%),5 (~0%),1,1,5,5,off,off,1,1
03min 43sec,158833 (0.635ms),32822 (2%),36608 (1%),138 (3%),140 (2%),0 (~0%),1,1,1,10,off,off,1,1
03min 44sec,205658 (0.823ms),31474 (2%),34918 (1%),100 (2%),117 (1%),5 (~0%),1,1,1,5,off,off,2,1
03min 30sec,552976 (2.415ms),14919 (1%),11651 (~0%),68 (1%),55 (~0%),5 (~0%),1,1,1,5,off,off,1,4
03min 26sec,226527 (0.906ms),16341 (1%),14796 (~0%),126 (2%),55 (~0%),5 (~0%),6,5,1,5,off,off,1,1
03min 42sec,196268 (0.785ms),29201 (2%),33456 (1%),120 (2%),85 (1%),5 (~0%),1,2,1,5,off,off,1,1
03min 20sec,193938 (0.776ms),18154 (1%),17676 (~0%),142 (3%),55 (~0%),5 (~0%),1,5,4,5,off,off,1,1
03min 48sec,178866 (0.739ms),32154 (2%),37067 (1%),156 (3%),107 (1%),0 (~0%),1,5,1,7,off,off,1,1
03min 32sec,214298 (0.857ms),17212 (1%),15660 (~0%),96 (2%),55 (~0%),5 (~0%),1,5,1,5,off,off,4,1
03min 29sec,549616 (2.4ms),15984 (1%),12780 (~0%),66 (1%),55 (~0%),5 (~0%),1,5,1,5,off,off,1,4
03min 45sec,202208 (0.809ms),17461 (1%),15562 (~0%),96 (2%),55 (~0%),5 (~0%),2,5,4,5,off,off,1,1
03min 50sec,196268 (0.785ms),31417 (2%),33850 (1%),120 (2%),85 (1%),5 (~0%),1,2,4,5,off,off,1,1
03min 39sec,80058 (0.32ms),15909 (1%),16950 (~0%),88 (2%),63 (~0%),7 (~0%),1,5,10,5,off,off,1,1
03min 58sec,178866 (0.739ms),34370 (2%),37461 (1%),156 (3%),107 (1%),0 (~0%),1,5,4,7,off,off,1,1
05min 40sec,20587 (0.088ms),98473 (8%),122742 (5%),78 (1%),382 (5%),0 (~0%),1,5,4,5,off,flatten,1,1
03min 46sec,202208 (0.809ms),17461 (1%),15562 (~0%),96 (2%),55 (~0%),5 (~0%),1,5,4,5,off,off,2,1
03min 50sec,242354 (0.969ms),20925 (1%),18285 (~0%),158 (3%),55 (~0%),0 (~0%),1,5,8,5,off,off,1,8
03min 53sec,230547 (0.922ms),30543 (2%),33986 (1%),130 (3%),116 (1%),5 (~0%),6,1,1,5,off,off,1,1
03min 45sec,81368 (0.325ms),28459 (2%),32326 (1%),66 (1%),93 (1%),7 (~0%),1,1,10,5,off,off,1,1
03min 58sec,205658 (0.823ms),31474 (2%),34918 (1%),100 (2%),117 (1%),5 (~0%),1,1,1,5,off,off,2,1
03min 44sec,905775 (3.955ms),19392 (1%),12718 (~0%),68 (1%),55 (~0%),5 (~0%),1,1,1,5,off,off,1,2
03min 52sec,158833 (0.635ms),32822 (2%),36608 (1%),138 (3%),140 (2%),0 (~0%),1,1,1,10,off,off,1,1
60min 00sec,,,,,,,1,1,1,5,flatten,off,1,1
05min 00sec,230547 (0.922ms),30543 (2%),33986 (1%),130 (3%),116 (1%),5 (~0%),6,1,1,5,off,off,1,1
04min 35sec,81428 (0.326ms),28902 (2%),33835 (1%),120 (2%),93 (1%),5 (~0%),1,1,5,5,off,off,1,1
04min 49sec,293231 (1.173ms),9475 (~0%),8072 (~0%),78 (1%),25 (~0%),4 (~0%),1,1,1,2,off,off,1,1
05min 01sec,205658 (0.823ms),31474 (2%),34918 (1%),100 (2%),117 (1%),5 (~0%),1,1,1,5,off,off,2,1
04min 34sec,552976 (2.415ms),14919 (1%),11651 (~0%),68 (1%),55 (~0%),5 (~0%),1,1,1,5,off,off,1,4
04min 31sec,230547 (0.922ms),30543 (2%),33986 (1%),130 (3%),116 (1%),5 (~0%),6,1,1,5,off,off,1,1
04min 31sec,158833 (0.635ms),32822 (2%),36608 (1%),138 (3%),140 (2%),0 (~0%),1,1,1,10,off,off,1,1
04min 31sec,218089 (0.872ms),31471 (2%),34928 (1%),100 (2%),117 (1%),5 (~0%),1,1,1,5,off,off,4,1
04min 01sec,552976 (2.415ms),14919 (1%),11651 (~0%),68 (1%),55 (~0%),5 (~0%),1,1,1,5,off,off,1,4
04min 33sec,548051 (2.447ms),26691 (2%),29390 (1%),108 (2%),106 (1%),2 (~0%),5,5,4,1,off,off,1,1
04min 37sec,563611 (2.516ms),26701 (2%),29394 (1%),108 (2%),106 (1%),2 (~0%),6,5,4,1,off,off,1,1
04min 32sec,471854 (2.106ms),28386 (2%),31695 (1%),98 (2%),115 (1%),2 (~0%),1,10,4,1,off,off,1,1
04min 32sec,471734 (2.106ms),29827 (2%),34283 (1%),106 (2%),147 (2%),2 (~0%),1,14,4,1,off,off,1,1
04min 32sec,472274 (2.108ms),31033 (2%),29546 (1%),98 (2%),75 (1%),2 (~0%),1,5,2,1,off,off,1,1
04min 39sec,156013 (0.624ms),35890 (3%),37737 (1%),138 (3%),140 (2%),0 (~0%),1,5,4,10,off,off,1,1
04min 38sec,532497 (2.377ms),27629 (2%),30336 (1%),78 (1%),107 (1%),2 (~0%),1,5,4,1,off,off,4,1
04min 39sec,226527 (0.906ms),16341 (1%),14796 (~0%),126 (2%),55 (~0%),5 (~0%),6,5,1,5,off,off,1,1
04min 41sec,89871 (0.359ms),16515 (1%),14552 (~0%),72 (1%),63 (~0%),7 (~0%),6,5,10,5,off,off,1,1
05min 01sec,47372 (0.189ms),39241 (3%),40146 (1%),64 (1%),179 (2%),2 (~0%),6,5,10,10,off,off,1,1
04min 19sec,230547 (0.922ms),30543 (2%),33986 (1%),130 (3%),116 (1%),5 (~0%),6,1,1,5,off,off,1,1
03min 50sec,226527 (0.906ms),16341 (1%),14796 (~0%),126 (2%),55 (~0%),5 (~0%),6,5,1,5,off,off,1,1
03min 54sec,89871 (0.359ms),16515 (1%),14552 (~0%),72 (1%),63 (~0%),7 (~0%),6,5,10,5,off,off,1,1
04min 27sec,47372 (0.189ms),39241 (3%),40146 (1%),64 (1%),179 (2%),2 (~0%),6,5,10,10,off,off,1,1
03min 52sec,226527 (0.906ms),16341 (1%),14796 (~0%),126 (2%),55 (~0%),5 (~0%),6,5,1,5,off,off,1,1
03min 58sec,196268 (0.785ms),29201 (2%),33456 (1%),120 (2%),85 (1%),5 (~0%),1,2,1,5,off,off,1,1
03min 52sec,193938 (0.776ms),18154 (1%),17676 (~0%),142 (3%),55 (~0%),5 (~0%),1,5,4,5,off,off,1,1
03min 51sec,465016 (1.86ms),15524 (1%),12902 (~0%),66 (1%),63 (~0%),5 (~0%),1,5,2,5,off,off,1,2
04min 33sec,163995 (0.656ms),39093 (3%),40530 (1%),118 (2%),172 (2%),0 (~0%),2,5,1,10,off,off,1,1
06min 08sec,174683 (0.728ms),48744 (4%),52910 (2%),118 (2%),277 (4%),0 (~0%),2,7,1,10,off,off,1,1
05min 45sec,55277 (0.23ms),49220 (4%),53939 (2%),118 (2%),285 (4%),0 (~0%),2,7,5,10,off,off,1,1
04min 22sec,369306 (1.578ms),32567 (2%),36549 (1%),100 (2%),121 (1%),5 (~0%),2,7,5,5,off,off,1,1
04min 32sec,163995 (0.656ms),39093 (3%),40530 (1%),118 (2%),172 (2%),0 (~0%),2,5,1,10,off,off,1,1
05min 44sec,166033 (0.692ms),42410 (3%),49543 (2%),138 (3%),215 (3%),0 (~0%),1,7,1,10,off,off,1,1
04min 09sec,44195 (0.177ms),33989 (2%),38355 (1%),138 (3%),148 (2%),0 (~0%),1,5,5,10,off,off,1,1
04min 37sec,163995 (0.656ms),39093 (3%),40530 (1%),118 (2%),172 (2%),0 (~0%),1,5,1,10,off,off,2,1
04min 08sec,431416 (1.726ms),20543 (1%),18975 (~0%),106 (2%),118 (1%),0 (~0%),1,5,2,10,off,off,1,2
04min 02sec,230547 (0.922ms),30543 (2%),33986 (1%),130 (3%),116 (1%),5 (~0%),6,1,1,5,off,off,1,1
03min 40sec,81428 (0.326ms),28902 (2%),33835 (1%),120 (2%),93 (1%),5 (~0%),1,1,5,5,off,off,1,1
04min 01sec,218089 (0.872ms),31471 (2%),34928 (1%),100 (2%),117 (1%),5 (~0%),1,1,1,5,off,off,4,1
03min 36sec,552976 (2.415ms),14919 (1%),11651 (~0%),68 (1%),55 (~0%),5 (~0%),1,1,1,5,off,off,1,4
04min 45sec,35355 (0.151ms),66120 (5%),54969 (2%),218 (5%),164 (2%),0 (~0%),2,1,1,1,off,flatten,1,1
05min 27sec,19109 (0.082ms),128033 (10%),177750 (7%),66 (1%),778 (11%),0 (~0%),1,1,5,1,off,flatten,1,1
04min 19sec,35347 (0.151ms),39035 (3%),46217 (1%),218 (5%),162 (2%),0 (~0%),1,1,1,10,off,flatten,1,1
04min 46sec,35355 (0.151ms),66120 (5%),54969 (2%),218 (5%),164 (2%),0 (~0%),1,1,1,1,off,flatten,2,1
06min 05sec,2018836 (8.628ms),239140 (20%),103629 (4%),232 (5%),162 (2%),0 (~0%),1,1,1,1,off,flatten,1,4
04min 17sec,35347 (0.151ms),39035 (3%),46217 (1%),218 (5%),162 (2%),0 (~0%),1,1,1,14,off,flatten,1,1
03min 59sec,230547 (0.922ms),30543 (2%),33986 (1%),130 (3%),116 (1%),5 (~0%),6,1,1,5,off,off,1,1
03min 37sec,81368 (0.325ms),28459 (2%),32326 (1%),66 (1%),93 (1%),7 (~0%),1,1,10,5,off,off,1,1
03min 54sec,158833 (0.635ms),32822 (2%),36608 (1%),138 (3%),140 (2%),0 (~0%),1,1,1,10,off,off,1,1
03min 59sec,218089 (0.872ms),31471 (2%),34928 (1%),100 (2%),117 (1%),5 (~0%),1,1,1,5,off,off,4,1
03min 35sec,552976 (2.415ms),14919 (1%),11651 (~0%),68 (1%),55 (~0%),5 (~0%),1,1,1,5,off,off,1,4
03min 36sec,226527 (0.906ms),16341 (1%),14796 (~0%),126 (2%),55 (~0%),5 (~0%),6,5,1,5,off,off,1,1
03min 41sec,196268 (0.785ms),29201 (2%),33456 (1%),120 (2%),85 (1%),5 (~0%),1,2,1,5,off,off,1,1
03min 36sec,193938 (0.776ms),18154 (1%),17676 (~0%),142 (3%),55 (~0%),5 (~0%),1,5,4,5,off,off,1,1
04min 01sec,178866 (0.739ms),32154 (2%),37067 (1%),156 (3%),107 (1%),0 (~0%),1,5,1,7,off,off,1,1
03min 35sec,202138 (0.809ms),17169 (1%),15577 (~0%),96 (2%),55 (~0%),5 (~0%),1,5,1,5,off,off,2,1
03min 41sec,501022 (2.004ms),27383 (2%),30373 (1%),78 (1%),106 (1%),2 (~0%),3,5,1,1,off,off,1,1
03min 42sec,500758 (2.003ms),29097 (2%),32019 (1%),78 (1%),122 (1%),2 (~0%),3,7,1,1,off,off,1,1
03min 49sec,520628 (2.324ms),9868 (~0%),7826 (~0%),90 (2%),25 (~0%),2 (~0%),3,1,2,1,off,off,1,1
03min 35sec,381657 (1.527ms),10074 (~0%),8848 (~0%),90 (2%),25 (~0%),2 (~0%),3,1,5,1,off,off,1,1
03min 40sec,466276 (1.865ms),8989 (~0%),7805 (~0%),82 (1%),23 (~0%),2 (~0%),3,1,1,1,off,off,4,1
03min 51sec,507798 (2.267ms),8184 (~0%),6372 (~0%),114 (2%),16 (~0%),0 (~0%),3,1,1,1,off,off,1,4
03min 50sec,230547 (0.922ms),30543 (2%),33986 (1%),130 (3%),116 (1%),5 (~0%),6,1,1,5,off,off,1,1
03min 53sec,205658 (0.823ms),31474 (2%),34918 (1%),100 (2%),117 (1%),5 (~0%),1,1,1,5,off,off,2,1
03min 23sec,552976 (2.415ms),14919 (1%),11651 (~0%),68 (1%),55 (~0%),5 (~0%),1,1,1,5,off,off,1,4
60min 00sec,,,,,,,2,1,1,1,flatten,off,1,1
60min 00sec,,,,,,,3,1,1,1,flatten,off,1,1
60min 00sec,,,,,,,1,2,1,1,flatten,off,1,1
60min 00sec,,,,,,,1,5,1,1,flatten,off,1,1
60min 00sec,,,,,,,1,1,4,1,flatten,off,1,1
60min 00sec,,,,,,,1,1,5,1,flatten,off,1,1
60min 00sec,,,,,,,1,1,1,7,flatten,off,1,1
60min 00sec,,,,,,,1,1,1,10,flatten,off,1,1
03min 55sec,128121 (0.512ms),30705 (2%),33697 (1%),76 (1%),123 (1%),7 (~0%),20,1,10,5,off,off,1,1
03min 59sec,152594 (0.61ms),30716 (2%),33704 (1%),76 (1%),123 (1%),7 (~0%),30,1,10,5,off,off,1,1
03min 59sec,348728 (1.49ms),27809 (2%),32876 (1%),74 (1%),89 (1%),7 (~0%),1,7,10,5,off,off,1,1
03min 50sec,77588 (0.31ms),31043 (2%),35965 (1%),66 (1%),125 (1%),7 (~0%),1,10,10,5,off,off,1,1
03min 55sec,44953 (0.18ms),32729 (2%),36082 (1%),84 (1%),148 (2%),2 (~0%),1,1,10,10,off,off,1,1
03min 55sec,35353 (0.141ms),37132 (3%),41085 (1%),80 (1%),192 (2%),2 (~0%),1,1,10,14,off,off,1,1
04min 16sec,195083 (0.78ms),44680 (3%),45497 (1%),106 (2%),214 (3%),0 (~0%),10,1,1,14,off,off,1,1
60min 00sec,,,,,,,10,1,1,5,flatten,off,1,1
04min 42sec,50756 (0.203ms),38437 (3%),39394 (1%),64 (1%),179 (2%),2 (~0%),6,1,10,10,off,off,1,1
04min 43sec,56043 (0.224ms),36492 (3%),37428 (1%),124 (2%),178 (2%),2 (~0%),10,1,10,10,off,off,1,1
04min 31sec,43453 (0.174ms),32982 (2%),37917 (1%),84 (1%),148 (2%),2 (~0%),1,2,10,10,off,off,1,1
04min 30sec,42133 (0.169ms),33545 (2%),36834 (1%),84 (1%),148 (2%),2 (~0%),1,5,10,10,off,off,1,1
04min 38sec,158833 (0.635ms),35074 (2%),36985 (1%),138 (3%),140 (2%),0 (~0%),1,1,4,10,off,off,1,1
04min 29sec,179352 (0.717ms),9351 (~0%),7697 (~0%),24 (~0%),34 (~0%),6 (~0%),1,1,10,2,off,off,1,1
04min 26sec,84186 (0.337ms),31646 (2%),34602 (1%),46 (1%),125 (1%),7 (~0%),2,1,10,5,off,off,1,1
04min 28sec,86584 (0.346ms),31696 (2%),34691 (1%),46 (1%),125 (1%),7 (~0%),3,1,10,5,off,off,1,1
04min 33sec,89025 (0.356ms),31643 (2%),34611 (1%),46 (1%),125 (1%),7 (~0%),4,1,10,5,off,off,1,1
23min 45sec,14778 (0.059ms),536394 (45%),569208 (24%),78 (1%),3810 (55%),300 (31%),60,2,10,5,off,off,1,1
05min 43sec,43243 (0.173ms),44782 (3%),44990 (1%),52 (1%),222 (3%),2 (~0%),10,1,10,14,off,off,1,1
05min 46sec,45254 (0.181ms),44785 (3%),45061 (1%),52 (1%),222 (3%),2 (~0%),12,1,10,14,off,off,1,1
05min 57sec,48272 (0.193ms),42055 (3%),42408 (1%),136 (3%),222 (3%),2 (~0%),15,1,10,14,off,off,1,1
06min 34sec,38173 (0.158ms),39581 (3%),44387 (1%),80 (1%),192 (2%),2 (~0%),1,5,10,14,off,off,1,1
05min 46sec,35713 (0.143ms),45829 (3%),53022 (2%),80 (1%),267 (3%),2 (~0%),1,7,10,14,off,off,1,1
06min 19sec,32113 (0.143ms),41316 (3%),53016 (2%),80 (1%),198 (2%),2 (~0%),1,10,10,14,off,off,1,1
05min 50sec,149233 (0.597ms),37411 (3%),41573 (1%),134 (3%),184 (2%),0 (~0%),1,1,16,14,off,off,1,1
05min 48sec,154033 (0.616ms),36788 (3%),40814 (1%),88 (2%),184 (2%),4 (~0%),1,1,20,14,off,off,1,1
05min 31sec,122521 (0.49ms),16532 (1%),14683 (~0%),72 (1%),63 (~0%),7 (~0%),20,5,10,5,off,off,1,1
05min 45sec,413402 (1.767ms),34914 (2%),53053 (2%),46 (1%),563 (8%),7 (~0%),1,70,10,5,off,off,1,1
60min 00sec,,,,,,,1,5,10,5,flatten,off,1,1
05min 32sec,85234 (0.341ms),17384 (1%),15343 (~0%),42 (~0%),63 (~0%),7 (~0%),1,5,10,5,off,off,4,1
05min 19sec,126735 (0.507ms),13982 (1%),11428 (~0%),12 (~0%),63 (~0%),7 (~0%),1,5,10,5,off,off,1,4
04min 12sec,58694 (0.235ms),36495 (3%),37499 (1%),124 (2%),178 (2%),2 (~0%),12,1,10,10,off,off,1,1
04min 26sec,62672 (0.251ms),36484 (3%),37500 (1%),124 (2%),178 (2%),2 (~0%),15,1,10,10,off,off,1,1
04min 25sec,69306 (0.277ms),36475 (3%),37449 (1%),124 (2%),178 (2%),2 (~0%),20,1,10,10,off,off,1,1
60min 00sec,,,,,,,60,2,10,10,off,off,1,1
60min 00sec,,,,,,,60,5,10,10,off,off,1,1
60min 00sec,,,,,,,60,7,10,10,off,off,1,1
25min 24sec,13284 (0.059ms),877196 (74%),1010489 (42%),2446 (56%),6990 (102%),2 (~0%),60,1,8,10,off,off,1,1
41min 09sec,11226 (0.045ms),1326410 (112%),1606974 (67%),1704 (39%),16950 (247%),2 (~0%),60,1,10,14,off,off,1,1
60min 00sec,,,,,,,60,5,10,14,off,off,1,1
04min 21sec,151327 (0.647ms),34970 (2%),53383 (2%),52 (1%),569 (8%),2 (~0%),1,70,10,14,off,off,1,1
05min 07sec,156853 (0.648ms),39237 (3%),44116 (1%),88 (2%),184 (2%),4 (~0%),1,5,20,14,off,off,1,1
04min 12sec,64986 (0.269ms),32185 (2%),36802 (1%),102 (2%),115 (1%),2 (~0%),1,5,10,7,off,off,1,1
08min 09sec,47958 (0.198ms),85891 (7%),90254 (3%),84 (1%),414 (6%),2 (~0%),1,5,10,14,off,off,8,1
05min 05sec,38173 (0.158ms),39581 (3%),44387 (1%),80 (1%),192 (2%),2 (~0%),1,5,10,14,off,off,1,8
07min 59sec,369370 (1.579ms),32519 (2%),35643 (1%),46 (1%),121 (1%),7 (~0%),2,7,10,5,off,off,1,1
07min 53sec,380680 (1.627ms),32558 (2%),35716 (1%),46 (1%),121 (1%),7 (~0%),3,7,10,5,off,off,1,1
07min 45sec,392033 (1.675ms),32520 (2%),35705 (1%),46 (1%),121 (1%),7 (~0%),4,7,10,5,off,off,1,1
08min 10sec,348428 (1.489ms),31048 (2%),37835 (1%),74 (1%),145 (2%),7 (~0%),1,14,10,5,off,off,1,1
07min 44sec,348788 (1.491ms),28306 (2%),34234 (1%),128 (2%),89 (1%),5 (~0%),1,7,5,5,off,off,1,1
08min 15sec,642848 (2.747ms),27922 (2%),33931 (1%),128 (2%),89 (1%),5 (~0%),1,7,8,5,off,off,1,1
09min 43sec,52153 (0.217ms),42317 (3%),49017 (2%),84 (1%),223 (3%),2 (~0%),1,7,10,10,off,off,1,1
60min 00sec,,,,,,,1,7,10,5,flatten,off,1,1
07min 27sec,80154 (0.321ms),36699 (3%),39157 (1%),46 (1%),157 (2%),7 (~0%),2,10,10,5,off,off,1,1
07min 29sec,82426 (0.33ms),36739 (3%),39256 (1%),46 (1%),157 (2%),7 (~0%),3,10,10,5,off,off,1,1
07min 50sec,210668 (0.843ms),30799 (2%),36069 (1%),74 (1%),125 (1%),9 (~0%),1,10,20,5,off,off,1,1
07min 31sec,41107 (0.164ms),18622 (1%),18601 (~0%),84 (1%),118 (1%),2 (~0%),1,10,10,10,off,off,1,1
60min 00sec,,,,,,,1,10,10,5,flatten,off,1,1
14min 33sec,11167 (0.048ms),251702 (21%),371993 (15%),44 (1%),1556 (22%),0 (~0%),1,10,10,5,off,flatten,1,1
07min 33sec,77588 (0.31ms),31043 (2%),35965 (1%),66 (1%),125 (1%),7 (~0%),1,10,10,5,off,off,1,8
60min 00sec,,,,,,,1,1,10,10,flatten,off,1,1
13min 10sec,14947 (0.064ms),251182 (21%),370137 (15%),44 (1%),1556 (22%),0 (~0%),1,1,10,10,off,flatten,1,1
10min 41sec,32685 (0.146ms),48939 (4%),56626 (2%),52 (1%),230 (3%),2 (~0%),3,10,10,14,off,off,1,1
10min 01sec,33578 (0.15ms),48887 (4%),56636 (2%),52 (1%),230 (3%),2 (~0%),4,10,10,14,off,off,1,1
08min 39sec,31387 (0.126ms),22988 (1%),24116 (1%),80 (1%),162 (2%),2 (~0%),1,14,10,14,off,off,1,1
09min 34sec,34175 (0.153ms),41760 (3%),54531 (2%),134 (3%),198 (2%),0 (~0%),1,10,5,14,off,off,1,1
10min 19sec,352386 (1.519ms),37224 (3%),46476 (1%),94 (2%),188 (2%),2 (~0%),1,10,10,7,off,off,1,1
10min 14sec,33578 (0.15ms),48887 (4%),56636 (2%),52 (1%),230 (3%),2 (~0%),1,10,10,14,off,off,4,1
08min 52sec,69435 (0.278ms),24034 (2%),24312 (1%),44 (1%),162 (2%),2 (~0%),1,10,10,14,off,off,1,4
60min 00sec,,,,,,,2,5,10,5,flatten,off,1,1
60min 00sec,,,,,,,3,5,10,5,flatten,off,1,1
60min 00sec,,,,,,,1,14,10,5,flatten,off,1,1
60min 00sec,,,,,,,1,5,8,5,flatten,off,1,1
60min 00sec,,,,,,,1,5,10,10,flatten,off,1,1
60min 00sec,,,,,,,1,5,10,5,flatten,off,2,1
