compilation time,cycles,lut utilization,FF utilization,BRAM utilization,DSP utilization,URAM utilization,__PARA__L0,__PARA__L1,__PARA__L2,__PARA__L3,__PIPE__L0,__PIPE__L1,__TILE__L0,__TILE__L1
03min 19sec,1634101 (6.536ms),16207 (1%),16011 (~0%),218 (5%),30 (~0%),3 (~0%),1.0,1.0,1.0,1.0,off,off,1.0,1.0
03min 49sec,1634177 (6.537ms),87360 (7%),77958 (3%),226 (5%),254 (3%),2 (~0%),1.0,1.0,20.0,1.0,off,off,1.0,1.0
06min 37sec,1634101 (6.536ms),167634 (14%),115511 (4%),246 (5%),349 (5%),2 (~0%),1.0,1.0,30.0,1.0,off,off,1.0,1.0
03min 10sec,1634101 (6.536ms),16207 (1%),16011 (~0%),218 (5%),30 (~0%),3 (~0%),60.0,1.0,1.0,1.0,off,off,1.0,1.0
05min 40sec,4778101 (22.019ms),124479 (10%),64655 (2%),186 (4%),19 (~0%),2 (~0%),1.0,1.0,60.0,1.0,off,off,1.0,1.0
06min 21sec,1634101 (6.536ms),167634 (14%),115511 (4%),246 (5%),349 (5%),2 (~0%),1.0,1.0,30.0,1.0,off,off,1.0,1.0
03min 13sec,1634128 (6.537ms),17847 (1%),17112 (~0%),218 (5%),32 (~0%),3 (~0%),30.0,1.0,1.0,1.0,off,off,1.0,1.0
03min 15sec,1639502 (6.558ms),14898 (1%),13560 (~0%),62 (1%),30 (~0%),19 (1%),60.0,20.0,1.0,1.0,off,off,1.0,1.0
03min 10sec,1634101 (6.536ms),15869 (1%),15743 (~0%),218 (5%),30 (~0%),3 (~0%),60.0,8.0,1.0,1.0,off,off,1.0,1.0
03min 30sec,1634179 (6.537ms),54228 (4%),55048 (2%),206 (4%),129 (1%),2 (~0%),60.0,8.0,10.0,1.0,off,off,1.0,1.0
06min 23sec,1634101 (6.536ms),149016 (12%),114936 (4%),246 (5%),341 (4%),2 (~0%),60.0,8.0,30.0,1.0,off,off,1.0,1.0
05min 53sec,4773301 (21.997ms),105976 (8%),64859 (2%),186 (4%),19 (~0%),2 (~0%),60.0,8.0,60.0,1.0,off,off,1.0,1.0
08min 15sec,1634101 (6.536ms),149016 (12%),114936 (4%),246 (5%),341 (4%),2 (~0%),60.0,8.0,30.0,1.0,off,off,1.0,1.0
10min 59sec,1634101 (6.536ms),149016 (12%),114936 (4%),246 (5%),341 (4%),2 (~0%),60.0,8.0,30.0,1.0,off,off,1.0,1.0
12min 06sec,1634101 (6.536ms),167634 (14%),115511 (4%),246 (5%),349 (5%),2 (~0%),1.0,1.0,30.0,1.0,off,off,1.0,1.0
06min 47sec,1634101 (6.536ms),149016 (12%),114936 (4%),246 (5%),341 (4%),2 (~0%),60.0,8.0,30.0,1.0,off,off,1.0,1.0
06min 04sec,1634101 (6.536ms),149016 (12%),114936 (4%),246 (5%),341 (4%),2 (~0%),60.0,8.0,30.0,1.0,off,off,1.0,1.0
03min 10sec,1634101 (6.536ms),16207 (1%),16011 (~0%),218 (5%),30 (~0%),3 (~0%),60.0,1.0,1.0,1.0,off,off,1.0,1.0
02min 52sec,1639502 (6.558ms),14898 (1%),13560 (~0%),62 (1%),30 (~0%),19 (1%),1.0,20.0,1.0,1.0,off,off,1.0,1.0
03min 40sec,1634167 (6.537ms),72244 (6%),66506 (2%),216 (5%),199 (2%),2 (~0%),1.0,1.0,15.0,1.0,off,off,1.0,1.0
03min 21sec,1634101 (6.536ms),16207 (1%),16011 (~0%),218 (5%),30 (~0%),3 (~0%),60.0,1.0,1.0,1.0,off,off,1.0,1.0
03min 05sec,1634128 (6.537ms),17832 (1%),17116 (~0%),218 (5%),32 (~0%),3 (~0%),12.0,1.0,1.0,1.0,off,off,1.0,1.0
06min 23sec,1634101 (6.536ms),149016 (12%),114936 (4%),246 (5%),341 (4%),2 (~0%),60.0,8.0,30.0,1.0,off,off,1.0,1.0
03min 06sec,1634101 (6.536ms),16930 (1%),16180 (~0%),218 (5%),30 (~0%),3 (~0%),60.0,16.0,1.0,1.0,off,off,1.0,1.0
05min 47sec,1634101 (6.536ms),149016 (12%),114936 (4%),246 (5%),341 (4%),2 (~0%),60.0,8.0,30.0,1.0,off,off,1.0,1.0
06min 23sec,1634101 (6.536ms),168379 (14%),115626 (4%),246 (5%),349 (5%),2 (~0%),60.0,16.0,30.0,1.0,off,off,1.0,1.0
03min 31sec,1634178 (6.537ms),58295 (4%),55874 (2%),206 (4%),144 (2%),2 (~0%),60.0,16.0,10.0,1.0,off,off,1.0,1.0
03min 26sec,722111 (3.113ms),42116 (3%),37923 (1%),226 (5%),56 (~0%),2 (~0%),60.0,1.0,1.0,20.0,off,off,1.0,1.0
03min 59sec,453377 (1.954ms),93535 (7%),84830 (3%),224 (5%),196 (2%),1 (~0%),60.0,1.0,15.0,20.0,off,off,1.0,1.0
03min 48sec,453377 (1.954ms),88741 (7%),84616 (3%),224 (5%),196 (2%),1 (~0%),60.0,8.0,15.0,20.0,off,off,1.0,1.0
03min 15sec,453977 (1.957ms),63908 (5%),65720 (2%),252 (5%),196 (2%),9 (~0%),60.0,20.0,15.0,20.0,off,off,1.0,1.0
04min 34sec,444311 (1.915ms),112622 (9%),92787 (3%),162 (3%),346 (5%),9 (~0%),60.0,20.0,30.0,20.0,off,off,1.0,1.0
05min 31sec,357901 (1.529ms),158231 (13%),134712 (5%),122 (2%),603 (8%),9 (~0%),60.0,20.0,30.0,60.0,off,off,1.0,1.0
40min 00sec,,,,,,,60.0,20.0,60.0,60.0,off,off,1.0,1.0
40min 00sec,,,,,,,60.0,20.0,30.0,60.0,off,flatten,1.0,1.0
40min 00sec,,,,,,,60.0,20.0,30.0,60.0,flatten,off,1.0,1.0
04min 56sec,420301 (1.812ms),118990 (10%),99289 (4%),182 (4%),346 (5%),9 (~0%),60.0,20.0,30.0,30.0,off,off,1.0,1.0
04min 48sec,444301 (1.907ms),105284 (8%),85197 (3%),272 (6%),346 (5%),9 (~0%),60.0,20.0,30.0,15.0,off,off,1.0,1.0
04min 55sec,420301 (1.812ms),118990 (10%),99289 (4%),182 (4%),346 (5%),9 (~0%),60.0,20.0,30.0,30.0,off,off,1.0,1.0
04min 39sec,463512 (1.989ms),104416 (8%),84317 (3%),242 (5%),346 (5%),9 (~0%),60.0,20.0,30.0,12.0,off,off,1.0,1.0
04min 28sec,492312 (2.113ms),103580 (8%),83472 (3%),222 (5%),346 (5%),9 (~0%),60.0,20.0,30.0,10.0,off,off,1.0,1.0
04min 39sec,444311 (1.915ms),112622 (9%),92787 (3%),162 (3%),346 (5%),9 (~0%),60.0,20.0,30.0,20.0,off,off,1.0,1.0
03min 04sec,1634101 (6.536ms),16207 (1%),16011 (~0%),218 (5%),30 (~0%),3 (~0%),1.0,1.0,1.0,1.0,off,off,1.0,1.0
03min 00sec,1634101 (6.536ms),16207 (1%),16011 (~0%),218 (5%),30 (~0%),3 (~0%),60.0,1.0,1.0,1.0,off,off,1.0,1.0
02min 53sec,1634101 (6.536ms),16207 (1%),16011 (~0%),218 (5%),30 (~0%),3 (~0%),60.0,1.0,1.0,1.0,off,off,1.0,1.0
02min 59sec,1639502 (6.558ms),14898 (1%),13560 (~0%),62 (1%),30 (~0%),19 (1%),1.0,20.0,1.0,1.0,off,off,1.0,1.0
02min 56sec,1634101 (6.536ms),16207 (1%),16011 (~0%),218 (5%),30 (~0%),3 (~0%),1.0,80.0,1.0,1.0,off,off,1.0,1.0
04min 21sec,1639501 (6.558ms),99509 (8%),79611 (3%),122 (2%),349 (5%),14 (1%),1.0,20.0,30.0,1.0,off,off,1.0,1.0
03min 59sec,4783501 (22.044ms),64636 (5%),44469 (1%),62 (1%),19 (~0%),14 (1%),1.0,20.0,60.0,1.0,off,off,1.0,1.0
03min 29sec,1634177 (6.537ms),87360 (7%),77958 (3%),226 (5%),254 (3%),2 (~0%),1.0,80.0,20.0,1.0,off,off,1.0,1.0
05min 14sec,4778101 (22.019ms),124479 (10%),64655 (2%),186 (4%),19 (~0%),2 (~0%),1.0,80.0,60.0,1.0,off,off,1.0,1.0
02min 52sec,1634101 (6.536ms),15869 (1%),15743 (~0%),218 (5%),30 (~0%),3 (~0%),1.0,8.0,1.0,1.0,off,off,1.0,1.0
02min 55sec,1634128 (6.537ms),17847 (1%),17112 (~0%),218 (5%),32 (~0%),3 (~0%),30.0,1.0,1.0,1.0,off,off,1.0,1.0
03min 58sec,448587 (1.934ms),102347 (8%),96053 (4%),234 (5%),251 (3%),1 (~0%),1.0,8.0,20.0,20.0,off,off,1.0,1.0
03min 27sec,449187 (1.936ms),77359 (6%),78401 (3%),142 (3%),251 (3%),9 (~0%),1.0,20.0,20.0,20.0,off,off,1.0,1.0
04min 13sec,3521111 (16.078ms),82731 (6%),61991 (2%),102 (2%),56 (~0%),9 (~0%),1.0,20.0,60.0,20.0,off,off,1.0,1.0
03min 47sec,362777 (1.55ms),110564 (9%),114930 (4%),102 (2%),528 (7%),9 (~0%),1.0,20.0,20.0,60.0,off,off,1.0,1.0
40min 00sec,,,,,,,1.0,20.0,60.0,60.0,off,off,1.0,1.0
05min 00sec,357901 (1.529ms),158231 (13%),134712 (5%),122 (2%),603 (8%),9 (~0%),1.0,20.0,30.0,60.0,off,off,1.0,1.0
05min 00sec,362727 (1.55ms),161928 (13%),136348 (5%),122 (2%),605 (8%),9 (~0%),3.0,20.0,30.0,60.0,off,off,1.0,1.0
04min 26sec,444311 (1.915ms),112622 (9%),92787 (3%),162 (3%),346 (5%),9 (~0%),1.0,20.0,30.0,20.0,off,off,1.0,1.0
05min 02sec,362727 (1.55ms),161967 (13%),136433 (5%),122 (2%),605 (8%),9 (~0%),6.0,20.0,30.0,60.0,off,off,1.0,1.0
04min 57sec,362727 (1.55ms),161113 (13%),136090 (5%),122 (2%),605 (8%),9 (~0%),10.0,20.0,30.0,60.0,off,off,1.0,1.0
05min 00sec,362702 (1.55ms),160552 (13%),135229 (5%),122 (2%),604 (8%),9 (~0%),2.0,20.0,30.0,60.0,off,off,1.0,1.0
04min 59sec,362702 (1.55ms),160552 (13%),135229 (5%),122 (2%),604 (8%),9 (~0%),2.0,20.0,30.0,60.0,off,off,1.0,1.0
04min 59sec,362702 (1.55ms),160552 (13%),135229 (5%),122 (2%),604 (8%),9 (~0%),2.0,20.0,30.0,60.0,off,off,1.0,1.0
04min 41sec,434704 (1.941ms),119835 (10%),99606 (4%),182 (4%),349 (5%),9 (~0%),2.0,20.0,30.0,30.0,off,off,1.0,1.0
05min 06sec,362702 (1.55ms),160552 (13%),135229 (5%),122 (2%),604 (8%),9 (~0%),2.0,20.0,30.0,60.0,off,off,1.0,1.0
07min 19sec,357301 (1.527ms),251384 (21%),185694 (7%),214 (4%),603 (8%),1 (~0%),1.0,80.0,30.0,60.0,off,off,1.0,1.0
07min 30sec,362127 (1.548ms),254453 (21%),187580 (7%),214 (4%),605 (8%),1 (~0%),6.0,80.0,30.0,60.0,off,off,1.0,1.0
07min 27sec,357301 (1.527ms),251384 (21%),185694 (7%),214 (4%),603 (8%),1 (~0%),1.0,80.0,30.0,60.0,off,off,1.0,1.0
04min 32sec,362177 (1.548ms),158485 (13%),142725 (6%),194 (4%),528 (7%),1 (~0%),1.0,80.0,20.0,60.0,off,off,1.0,1.0
04min 43sec,482195 (2.061ms),174780 (14%),153698 (6%),194 (4%),590 (8%),1 (~0%),6.0,80.0,20.0,60.0,off,off,1.0,1.0
07min 26sec,362127 (1.548ms),254406 (21%),187575 (7%),214 (4%),605 (8%),1 (~0%),12.0,80.0,30.0,60.0,off,off,1.0,1.0
04min 40sec,3501902 (15.99ms),95666 (8%),72447 (3%),122 (2%),91 (1%),9 (~0%),2.0,20.0,60.0,30.0,off,off,1.0,1.0
06min 16sec,443711 (1.913ms),189195 (16%),133835 (5%),254 (5%),346 (5%),1 (~0%),1.0,80.0,30.0,20.0,off,off,1.0,1.0
07min 23sec,362127 (1.548ms),254453 (21%),187580 (7%),214 (4%),605 (8%),1 (~0%),6.0,80.0,30.0,60.0,off,off,1.0,1.0
04min 59sec,362727 (1.55ms),161928 (13%),136348 (5%),122 (2%),605 (8%),9 (~0%),3.0,20.0,30.0,60.0,off,off,1.0,1.0
03min 52sec,381979 (1.632ms),106228 (8%),108765 (4%),162 (3%),559 (8%),9 (~0%),2.0,20.0,10.0,60.0,off,off,1.0,1.0
07min 31sec,362127 (1.548ms),254453 (21%),187580 (7%),214 (4%),605 (8%),1 (~0%),6.0,80.0,30.0,60.0,off,off,1.0,1.0
07min 44sec,362127 (1.548ms),253457 (21%),186989 (7%),214 (4%),605 (8%),1 (~0%),10.0,80.0,30.0,60.0,off,off,1.0,1.0
07min 32sec,362127 (1.548ms),254453 (21%),187580 (7%),214 (4%),605 (8%),1 (~0%),6.0,80.0,30.0,60.0,off,off,1.0,1.0
07min 45sec,357301 (1.527ms),252355 (21%),185858 (7%),214 (4%),603 (8%),1 (~0%),1.0,16.0,30.0,60.0,off,off,1.0,1.0
07min 44sec,362127 (1.548ms),256327 (21%),187946 (7%),214 (4%),605 (8%),1 (~0%),6.0,16.0,30.0,60.0,off,off,1.0,1.0
07min 15sec,362102 (1.547ms),252850 (21%),186154 (7%),214 (4%),604 (8%),1 (~0%),2.0,80.0,30.0,60.0,off,off,1.0,1.0
07min 42sec,362102 (1.547ms),254572 (21%),186393 (7%),214 (4%),604 (8%),1 (~0%),2.0,16.0,30.0,60.0,off,off,1.0,1.0
07min 10sec,362102 (1.547ms),252850 (21%),186154 (7%),214 (4%),604 (8%),1 (~0%),2.0,80.0,30.0,60.0,off,off,1.0,1.0
07min 17sec,362102 (1.547ms),252850 (21%),186154 (7%),214 (4%),604 (8%),1 (~0%),2.0,80.0,30.0,60.0,off,off,1.0,1.0
07min 11sec,357301 (1.527ms),251384 (21%),185694 (7%),214 (4%),603 (8%),1 (~0%),1.0,80.0,30.0,60.0,off,off,1.0,1.0
04min 16sec,366967 (1.568ms),147100 (12%),135429 (5%),184 (4%),528 (7%),1 (~0%),1.0,80.0,15.0,60.0,off,off,1.0,1.0
06min 33sec,414901 (1.788ms),199869 (16%),142901 (6%),274 (6%),346 (5%),1 (~0%),1.0,80.0,30.0,30.0,off,off,1.0,1.0
03min 09sec,1634101 (6.536ms),16207 (1%),16011 (~0%),218 (5%),30 (~0%),3 (~0%),1.0,1.0,1.0,1.0,off,off,1.0,1.0
03min 26sec,1634167 (6.537ms),72244 (6%),66506 (2%),216 (5%),199 (2%),2 (~0%),1.0,1.0,15.0,1.0,off,off,1.0,1.0
03min 00sec,1634101 (6.536ms),16930 (1%),16180 (~0%),218 (5%),30 (~0%),3 (~0%),1.0,16.0,1.0,1.0,off,off,1.0,1.0
03min 38sec,698101 (3.009ms),57763 (4%),50648 (2%),246 (5%),90 (1%),2 (~0%),1.0,16.0,1.0,30.0,off,off,1.0,1.0
03min 33sec,693301 (2.988ms),57072 (4%),50477 (2%),246 (5%),90 (1%),2 (~0%),1.0,80.0,1.0,30.0,off,off,1.0,1.0
07min 02sec,414901 (1.788ms),199869 (16%),142901 (6%),274 (6%),346 (5%),1 (~0%),1.0,80.0,30.0,30.0,off,off,1.0,1.0
07min 16sec,419728 (1.809ms),202055 (17%),144653 (6%),274 (6%),348 (5%),1 (~0%),6.0,80.0,30.0,30.0,off,off,1.0,1.0
07min 11sec,419728 (1.809ms),201225 (17%),144104 (6%),274 (6%),348 (5%),1 (~0%),10.0,80.0,30.0,30.0,off,off,1.0,1.0
07min 12sec,434104 (1.938ms),200561 (16%),143213 (6%),274 (6%),349 (5%),1 (~0%),2.0,80.0,30.0,30.0,off,off,1.0,1.0
07min 10sec,419728 (1.809ms),202055 (17%),144653 (6%),274 (6%),348 (5%),1 (~0%),6.0,80.0,30.0,30.0,off,off,1.0,1.0
07min 11sec,419728 (1.809ms),202055 (17%),144653 (6%),274 (6%),348 (5%),1 (~0%),6.0,80.0,30.0,30.0,off,off,1.0,1.0
07min 12sec,419728 (1.809ms),202055 (17%),144653 (6%),274 (6%),348 (5%),1 (~0%),6.0,80.0,30.0,30.0,off,off,1.0,1.0
07min 06sec,419728 (1.809ms),202055 (17%),144653 (6%),274 (6%),348 (5%),1 (~0%),6.0,80.0,30.0,30.0,off,off,1.0,1.0
07min 06sec,419728 (1.809ms),202055 (17%),144653 (6%),274 (6%),348 (5%),1 (~0%),6.0,80.0,30.0,30.0,off,off,1.0,1.0
07min 05sec,419728 (1.809ms),202055 (17%),144653 (6%),274 (6%),348 (5%),1 (~0%),6.0,80.0,30.0,30.0,off,off,1.0,1.0
07min 13sec,419728 (1.809ms),202030 (17%),144654 (6%),274 (6%),348 (5%),1 (~0%),3.0,80.0,30.0,30.0,off,off,1.0,1.0
07min 09sec,419728 (1.809ms),202055 (17%),144653 (6%),274 (6%),348 (5%),1 (~0%),6.0,80.0,30.0,30.0,off,off,1.0,1.0
07min 10sec,419728 (1.809ms),202030 (17%),144654 (6%),274 (6%),348 (5%),1 (~0%),3.0,80.0,30.0,30.0,off,off,1.0,1.0
07min 06sec,419728 (1.809ms),202055 (17%),144653 (6%),274 (6%),348 (5%),1 (~0%),6.0,80.0,30.0,30.0,off,off,1.0,1.0
07min 09sec,419728 (1.809ms),202030 (17%),144654 (6%),274 (6%),348 (5%),1 (~0%),3.0,80.0,30.0,30.0,off,off,1.0,1.0
07min 14sec,419728 (1.809ms),202030 (17%),144654 (6%),274 (6%),348 (5%),1 (~0%),3.0,80.0,30.0,30.0,off,off,1.0,1.0
07min 10sec,419728 (1.809ms),202030 (17%),144654 (6%),274 (6%),348 (5%),1 (~0%),3.0,80.0,30.0,30.0,off,off,1.0,1.0
07min 12sec,419728 (1.809ms),202030 (17%),144654 (6%),274 (6%),348 (5%),1 (~0%),3.0,80.0,30.0,30.0,off,off,1.0,1.0
07min 09sec,419728 (1.809ms),202030 (17%),144654 (6%),274 (6%),348 (5%),1 (~0%),3.0,80.0,30.0,30.0,off,off,1.0,1.0
07min 11sec,419728 (1.809ms),202055 (17%),144653 (6%),274 (6%),348 (5%),1 (~0%),6.0,80.0,30.0,30.0,off,off,1.0,1.0
07min 07sec,419728 (1.809ms),202030 (17%),144654 (6%),274 (6%),348 (5%),1 (~0%),3.0,80.0,30.0,30.0,off,off,1.0,1.0
07min 16sec,419728 (1.809ms),202030 (17%),144654 (6%),274 (6%),348 (5%),1 (~0%),3.0,80.0,30.0,30.0,off,off,1.0,1.0
07min 07sec,419728 (1.809ms),202030 (17%),144654 (6%),274 (6%),348 (5%),1 (~0%),3.0,80.0,30.0,30.0,off,off,1.0,1.0
06min 05sec,3496501 (15.966ms),165963 (14%),99886 (4%),214 (4%),90 (1%),1 (~0%),1.0,80.0,60.0,30.0,off,off,1.0,1.0
07min 42sec,357301 (1.527ms),251384 (21%),185694 (7%),214 (4%),603 (8%),1 (~0%),1.0,80.0,30.0,60.0,off,off,1.0,1.0
08min 06sec,357301 (1.527ms),252355 (21%),185858 (7%),214 (4%),603 (8%),1 (~0%),1.0,16.0,30.0,60.0,off,off,1.0,1.0
08min 02sec,362127 (1.548ms),254453 (21%),187580 (7%),214 (4%),605 (8%),1 (~0%),6.0,80.0,30.0,60.0,off,off,1.0,1.0
07min 48sec,362102 (1.547ms),252879 (21%),186151 (7%),214 (4%),604 (8%),1 (~0%),4.0,80.0,30.0,60.0,off,off,1.0,1.0
07min 43sec,362102 (1.547ms),252879 (21%),186151 (7%),214 (4%),604 (8%),1 (~0%),4.0,80.0,30.0,60.0,off,off,1.0,1.0
07min 43sec,362127 (1.548ms),254453 (21%),187580 (7%),214 (4%),605 (8%),1 (~0%),6.0,80.0,30.0,60.0,off,off,1.0,1.0
08min 00sec,362127 (1.548ms),253457 (21%),186989 (7%),214 (4%),605 (8%),1 (~0%),10.0,80.0,30.0,60.0,off,off,1.0,1.0
05min 18sec,357901 (1.529ms),158231 (13%),134712 (5%),122 (2%),603 (8%),9 (~0%),1.0,20.0,30.0,60.0,off,off,1.0,1.0
05min 27sec,362727 (1.55ms),161068 (13%),136364 (5%),122 (2%),605 (8%),9 (~0%),12.0,20.0,30.0,60.0,off,off,1.0,1.0
08min 16sec,362127 (1.548ms),254453 (21%),187580 (7%),214 (4%),605 (8%),1 (~0%),6.0,80.0,30.0,60.0,off,off,1.0,1.0
08min 16sec,362127 (1.548ms),254453 (21%),187580 (7%),214 (4%),605 (8%),1 (~0%),6.0,80.0,30.0,60.0,off,off,1.0,1.0
05min 33sec,362727 (1.55ms),160376 (13%),136026 (5%),122 (2%),605 (8%),9 (~0%),10.0,20.0,30.0,60.0,off,off,1.0,1.0
08min 12sec,362102 (1.547ms),252879 (21%),186151 (7%),214 (4%),604 (8%),1 (~0%),4.0,80.0,30.0,60.0,off,off,1.0,1.0
05min 32sec,362727 (1.55ms),161115 (13%),136368 (5%),122 (2%),605 (8%),9 (~0%),6.0,20.0,30.0,60.0,off,off,1.0,1.0
06min 56sec,462912 (1.987ms),180656 (15%),126388 (5%),238 (5%),346 (5%),1 (~0%),1.0,80.0,30.0,12.0,off,off,1.0,1.0
08min 16sec,362127 (1.548ms),254453 (21%),187580 (7%),214 (4%),605 (8%),1 (~0%),6.0,80.0,30.0,60.0,off,off,1.0,1.0
08min 23sec,362127 (1.548ms),254430 (21%),187568 (7%),214 (4%),605 (8%),1 (~0%),3.0,80.0,30.0,60.0,off,off,1.0,1.0
04min 39sec,376579 (1.609ms),135837 (11%),128251 (5%),174 (4%),513 (7%),1 (~0%),1.0,80.0,10.0,60.0,off,off,1.0,1.0
08min 17sec,362127 (1.548ms),254453 (21%),187580 (7%),214 (4%),605 (8%),1 (~0%),6.0,80.0,30.0,60.0,off,off,1.0,1.0
08min 06sec,362102 (1.547ms),252850 (21%),186154 (7%),214 (4%),604 (8%),1 (~0%),2.0,80.0,30.0,60.0,off,off,1.0,1.0
08min 06sec,362102 (1.547ms),252850 (21%),186154 (7%),214 (4%),604 (8%),1 (~0%),2.0,80.0,30.0,60.0,off,off,1.0,1.0
04min 27sec,1634128 (6.537ms),17877 (1%),17117 (~0%),218 (5%),32 (~0%),3 (~0%),6.0,1.0,1.0,1.0,off,off,1.0,1.0
04min 28sec,1634128 (6.537ms),17787 (1%),17107 (~0%),218 (5%),32 (~0%),3 (~0%),10.0,1.0,1.0,1.0,off,off,1.0,1.0
04min 20sec,1634702 (6.539ms),27420 (2%),18223 (~0%),218 (5%),30 (~0%),3 (~0%),1.0,4.0,1.0,1.0,off,off,1.0,1.0
04min 20sec,1640702 (6.563ms),14148 (1%),12165 (~0%),46 (1%),30 (~0%),11 (1%),1.0,10.0,1.0,1.0,off,off,1.0,1.0
04min 39sec,1634179 (6.537ms),57186 (4%),55178 (2%),206 (4%),129 (1%),2 (~0%),1.0,1.0,10.0,1.0,off,off,1.0,1.0
05min 21sec,1638928 (6.556ms),17545 (1%),16854 (~0%),218 (5%),32 (~0%),3 (~0%),10.0,8.0,1.0,1.0,off,off,1.0,1.0
05min 18sec,1634128 (6.537ms),17563 (1%),16935 (~0%),218 (5%),32 (~0%),3 (~0%),12.0,8.0,1.0,1.0,off,off,1.0,1.0
05min 20sec,1638928 (6.556ms),17604 (1%),16863 (~0%),218 (5%),32 (~0%),3 (~0%),15.0,8.0,1.0,1.0,off,off,1.0,1.0
05min 25sec,1634179 (6.537ms),54228 (4%),55048 (2%),206 (4%),129 (1%),2 (~0%),1.0,8.0,10.0,1.0,off,off,1.0,1.0
05min 34sec,1634167 (6.537ms),67462 (5%),66302 (2%),216 (5%),199 (2%),2 (~0%),1.0,8.0,15.0,1.0,off,off,1.0,1.0
05min 24sec,770112 (3.305ms),28180 (2%),26153 (1%),206 (4%),36 (~0%),2 (~0%),1.0,8.0,1.0,10.0,off,off,1.0,1.0
05min 15sec,1648504 (7.359ms),17167 (1%),16324 (~0%),218 (5%),33 (~0%),3 (~0%),2.0,1.0,1.0,1.0,off,off,1.0,1.0
05min 12sec,1634128 (6.537ms),17852 (1%),17118 (~0%),218 (5%),32 (~0%),3 (~0%),3.0,1.0,1.0,1.0,off,off,1.0,1.0
04min 51sec,1637105 (6.548ms),15351 (1%),17843 (~0%),218 (5%),38 (~0%),3 (~0%),1.0,5.0,1.0,1.0,off,off,1.0,1.0
05min 16sec,1634180 (6.537ms),35735 (3%),38430 (1%),234 (5%),67 (~0%),5 (~0%),1.0,1.0,3.0,1.0,off,off,1.0,1.0
05min 15sec,832512 (3.558ms),19801 (1%),18671 (~0%),306 (7%),30 (~0%),2 (~0%),1.0,1.0,1.0,6.0,off,off,1.0,1.0
30min 20sec,21677 (0.087ms),286344 (24%),248400 (10%),154 (3%),676 (9%),1 (~0%),1.0,1.0,1.0,1.0,off,flatten,1.0,1.0
03min 44sec,770131 (3.305ms),29713 (2%),27118 (1%),206 (4%),38 (~0%),2 (~0%),3.0,8.0,1.0,10.0,off,off,1.0,1.0
03min 38sec,770113 (3.305ms),29156 (2%),26492 (1%),206 (4%),38 (~0%),2 (~0%),4.0,8.0,1.0,10.0,off,off,1.0,1.0
03min 44sec,770131 (3.305ms),29706 (2%),27093 (1%),206 (4%),38 (~0%),2 (~0%),5.0,8.0,1.0,10.0,off,off,1.0,1.0
03min 30sec,771913 (3.313ms),19481 (1%),17400 (~0%),106 (2%),36 (~0%),8 (~0%),1.0,10.0,1.0,10.0,off,off,1.0,1.0
03min 33sec,770112 (3.305ms),29232 (2%),26579 (1%),206 (4%),36 (~0%),2 (~0%),1.0,16.0,1.0,10.0,off,off,1.0,1.0
03min 31sec,770713 (3.308ms),20498 (1%),18797 (~0%),162 (3%),36 (~0%),14 (1%),1.0,20.0,1.0,10.0,off,off,1.0,1.0
03min 55sec,506189 (2.172ms),70356 (5%),68959 (2%),198 (4%),163 (2%),1 (~0%),1.0,8.0,12.0,10.0,off,off,1.0,1.0
04min 05sec,501378 (2.152ms),77974 (6%),75307 (3%),204 (4%),196 (2%),1 (~0%),1.0,8.0,15.0,10.0,off,off,1.0,1.0
03min 31sec,1634102 (6.536ms),16956 (1%),16156 (~0%),218 (5%),32 (~0%),3 (~0%),2.0,8.0,1.0,1.0,off,off,1.0,1.0
03min 30sec,1634128 (6.537ms),17583 (1%),16937 (~0%),218 (5%),32 (~0%),3 (~0%),3.0,8.0,1.0,1.0,off,off,1.0,1.0
03min 31sec,1634102 (6.536ms),16971 (1%),16156 (~0%),218 (5%),32 (~0%),3 (~0%),4.0,8.0,1.0,1.0,off,off,1.0,1.0
03min 37sec,1647658 (6.591ms),35540 (3%),39105 (1%),314 (7%),45 (~0%),6 (~0%),1.0,60.0,1.0,1.0,off,off,1.0,1.0
03min 37sec,1634178 (6.537ms),59898 (5%),59960 (2%),210 (4%),166 (2%),2 (~0%),1.0,8.0,12.0,1.0,off,off,1.0,1.0
03min 53sec,1634177 (6.537ms),80993 (6%),77753 (3%),226 (5%),254 (3%),2 (~0%),1.0,8.0,20.0,1.0,off,off,1.0,1.0
03min 44sec,722111 (3.113ms),41766 (3%),37669 (1%),226 (5%),56 (~0%),2 (~0%),1.0,8.0,1.0,20.0,off,off,1.0,1.0
03min 43sec,770131 (3.305ms),29738 (2%),27117 (1%),206 (4%),38 (~0%),2 (~0%),6.0,8.0,1.0,10.0,off,off,1.0,1.0
03min 40sec,770131 (3.305ms),29664 (2%),27095 (1%),206 (4%),38 (~0%),2 (~0%),10.0,8.0,1.0,10.0,off,off,1.0,1.0
03min 43sec,770131 (3.305ms),29693 (2%),27116 (1%),206 (4%),38 (~0%),2 (~0%),12.0,8.0,1.0,10.0,off,off,1.0,1.0
03min 34sec,770783 (3.308ms),38345 (3%),28300 (1%),206 (4%),36 (~0%),2 (~0%),1.0,4.0,1.0,10.0,off,off,1.0,1.0
03min 14sec,806712 (3.462ms),19762 (1%),23285 (~0%),226 (5%),44 (~0%),2 (~0%),1.0,5.0,1.0,10.0,off,off,1.0,1.0
03min 55sec,510990 (2.193ms),64634 (5%),64031 (2%),194 (4%),126 (1%),1 (~0%),1.0,8.0,10.0,10.0,off,off,1.0,1.0
04min 12sec,496588 (2.131ms),91595 (7%),86752 (3%),214 (4%),251 (3%),1 (~0%),1.0,8.0,20.0,10.0,off,off,1.0,1.0
03min 40sec,741312 (3.182ms),30447 (2%),28022 (1%),210 (4%),36 (~0%),2 (~0%),1.0,8.0,1.0,12.0,off,off,1.0,1.0
03min 38sec,791116 (3.532ms),20459 (1%),17732 (~0%),106 (2%),39 (~0%),8 (~0%),4.0,10.0,1.0,10.0,off,off,1.0,1.0
03min 14sec,806712 (3.462ms),19762 (1%),23285 (~0%),226 (5%),44 (~0%),2 (~0%),1.0,5.0,1.0,10.0,off,off,1.0,1.0
04min 10sec,493512 (2.118ms),76367 (6%),66129 (2%),166 (3%),346 (5%),5 (~0%),1.0,10.0,30.0,10.0,off,off,1.0,1.0
03min 29sec,891913 (3.812ms),16356 (1%),14399 (~0%),86 (1%),30 (~0%),8 (~0%),1.0,10.0,1.0,5.0,off,off,1.0,1.0
80min 00sec,,,,,,,1.0,10.0,1.0,10.0,flatten,off,1.0,1.0
53min 12sec,14837 (0.059ms),858531 (72%),1036037 (43%),86 (1%),6673 (97%),1 (~0%),1.0,10.0,1.0,10.0,off,flatten,1.0,1.0
03min 38sec,843677 (3.621ms),20270 (1%),17693 (~0%),106 (2%),37 (~0%),8 (~0%),1.0,10.0,1.0,10.0,off,off,4.0,1.0
03min 30sec,771913 (3.313ms),19481 (1%),17400 (~0%),106 (2%),36 (~0%),8 (~0%),1.0,10.0,1.0,10.0,off,off,1.0,8.0
05min 23sec,496589 (2.131ms),92409 (7%),87104 (3%),214 (4%),253 (3%),1 (~0%),2.0,8.0,20.0,10.0,off,off,1.0,1.0
05min 16sec,611799 (2.626ms),94706 (8%),89604 (3%),214 (4%),267 (3%),1 (~0%),3.0,8.0,20.0,10.0,off,off,1.0,1.0
05min 19sec,496589 (2.131ms),92424 (7%),87104 (3%),214 (4%),253 (3%),1 (~0%),4.0,8.0,20.0,10.0,off,off,1.0,1.0
04min 50sec,498388 (2.139ms),56304 (4%),59856 (2%),226 (5%),251 (3%),5 (~0%),1.0,10.0,20.0,10.0,off,off,1.0,1.0
05min 14sec,496588 (2.131ms),98752 (8%),87224 (3%),214 (4%),251 (3%),1 (~0%),1.0,16.0,20.0,10.0,off,off,1.0,1.0
04min 54sec,497188 (2.134ms),68332 (5%),69100 (2%),202 (4%),251 (3%),9 (~0%),1.0,20.0,20.0,10.0,off,off,1.0,1.0
07min 56sec,491712 (2.11ms),159896 (13%),124334 (5%),234 (5%),346 (5%),1 (~0%),1.0,8.0,30.0,10.0,off,off,1.0,1.0
05min 09sec,558988 (2.389ms),84229 (7%),79956 (3%),314 (7%),251 (3%),1 (~0%),1.0,8.0,20.0,6.0,off,off,1.0,1.0
05min 20sec,512715 (2.289ms),77159 (6%),66436 (2%),166 (3%),349 (5%),5 (~0%),2.0,10.0,30.0,10.0,off,off,1.0,1.0
05min 19sec,498331 (2.139ms),78142 (6%),67276 (2%),166 (3%),348 (5%),5 (~0%),3.0,10.0,30.0,10.0,off,off,1.0,1.0
05min 20sec,512715 (2.289ms),77174 (6%),66439 (2%),166 (3%),349 (5%),5 (~0%),4.0,10.0,30.0,10.0,off,off,1.0,1.0
08min 17sec,491712 (2.11ms),179152 (15%),124638 (5%),234 (5%),346 (5%),1 (~0%),1.0,16.0,30.0,10.0,off,off,1.0,1.0
05min 52sec,492312 (2.113ms),103580 (8%),83472 (3%),222 (5%),346 (5%),9 (~0%),1.0,20.0,30.0,10.0,off,off,1.0,1.0
04min 45sec,503178 (2.16ms),49708 (4%),52973 (2%),196 (4%),196 (2%),5 (~0%),1.0,10.0,15.0,10.0,off,off,1.0,1.0
04min 45sec,498388 (2.139ms),56304 (4%),59856 (2%),226 (5%),251 (3%),5 (~0%),1.0,10.0,20.0,10.0,off,off,1.0,1.0
05min 09sec,613512 (2.622ms),74604 (6%),64036 (2%),146 (3%),346 (5%),5 (~0%),1.0,10.0,30.0,5.0,off,off,1.0,1.0
31min 23sec,21703 (0.087ms),288193 (24%),250619 (10%),154 (3%),678 (9%),1 (~0%),10.0,1.0,1.0,1.0,off,flatten,1.0,1.0
31min 46sec,21703 (0.087ms),288445 (24%),250643 (10%),154 (3%),678 (9%),1 (~0%),12.0,1.0,1.0,1.0,off,flatten,1.0,1.0
31min 11sec,21703 (0.087ms),288286 (24%),250641 (10%),154 (3%),678 (9%),1 (~0%),15.0,1.0,1.0,1.0,off,flatten,1.0,1.0
43min 00sec,15078 (0.06ms),491356 (41%),504327 (21%),154 (3%),2682 (39%),1 (~0%),1.0,4.0,1.0,1.0,off,flatten,1.0,1.0
23min 14sec,21797 (0.087ms),436717 (36%),540100 (22%),130 (3%),3342 (48%),1 (~0%),1.0,5.0,1.0,1.0,off,flatten,1.0,1.0
05min 11sec,1634128 (6.537ms),17836 (1%),17106 (~0%),218 (5%),32 (~0%),3 (~0%),5.0,1.0,1.0,1.0,off,off,1.0,1.0
04min 51sec,1637105 (6.548ms),15351 (1%),17843 (~0%),218 (5%),38 (~0%),3 (~0%),1.0,5.0,1.0,1.0,off,off,1.0,1.0
05min 16sec,1634180 (6.537ms),35735 (3%),38430 (1%),234 (5%),67 (~0%),5 (~0%),1.0,1.0,3.0,1.0,off,off,1.0,1.0
05min 11sec,1048514 (4.194ms),17447 (1%),17006 (~0%),234 (5%),27 (~0%),5 (~0%),1.0,1.0,1.0,3.0,off,off,1.0,1.0
30min 20sec,21677 (0.087ms),286344 (24%),248400 (10%),154 (3%),676 (9%),1 (~0%),1.0,1.0,1.0,1.0,off,flatten,1.0,1.0
04min 41sec,1673871 (6.695ms),16998 (1%),16292 (~0%),218 (5%),31 (~0%),3 (~0%),1.0,1.0,1.0,1.0,off,off,2.0,1.0
05min 19sec,11336629 (45.347ms),91158 (7%),110340 (4%),218 (5%),165 (2%),3 (~0%),1.0,1.0,1.0,1.0,off,off,1.0,4.0
06min 31sec,1053333 (4.213ms),18905 (1%),17880 (~0%),234 (5%),29 (~0%),5 (~0%),3.0,1.0,1.0,3.0,off,off,1.0,1.0
06min 14sec,1067717 (4.767ms),18300 (1%),17262 (~0%),234 (5%),30 (~0%),5 (~0%),4.0,1.0,1.0,3.0,off,off,1.0,1.0
06min 13sec,1049185 (4.197ms),26814 (2%),18880 (~0%),234 (5%),27 (~0%),5 (~0%),1.0,4.0,1.0,3.0,off,off,1.0,1.0
05min 18sec,1089912 (4.36ms),15975 (1%),19080 (~0%),186 (4%),35 (~0%),8 (~0%),1.0,5.0,1.0,3.0,off,off,1.0,1.0
06min 13sec,832514 (3.33ms),25086 (2%),22328 (~0%),282 (6%),60 (~0%),4 (~0%),1.0,1.0,4.0,3.0,off,off,1.0,1.0
06min 19sec,933301 (3.733ms),18168 (1%),17362 (~0%),266 (6%),30 (~0%),2 (~0%),1.0,1.0,1.0,4.0,off,off,1.0,1.0
60min 00sec,,,,,,,1.0,1.0,1.0,3.0,flatten,off,1.0,1.0
06min 22sec,1068064 (4.272ms),18117 (1%),17204 (~0%),234 (5%),28 (~0%),5 (~0%),1.0,1.0,1.0,3.0,off,off,4.0,1.0
04min 20sec,1634702 (6.539ms),27420 (2%),18223 (~0%),218 (5%),30 (~0%),3 (~0%),1.0,4.0,1.0,1.0,off,off,1.0,1.0
02min 52sec,1634101 (6.536ms),15869 (1%),15743 (~0%),218 (5%),30 (~0%),3 (~0%),1.0,8.0,1.0,1.0,off,off,1.0,1.0
05min 52sec,1634101 (6.536ms),23811 (2%),21343 (~0%),266 (6%),63 (~0%),2 (~0%),1.0,1.0,4.0,1.0,off,off,1.0,1.0
05min 58sec,933301 (3.733ms),18168 (1%),17362 (~0%),266 (6%),30 (~0%),2 (~0%),1.0,1.0,1.0,4.0,off,off,1.0,1.0
05min 51sec,1653651 (6.615ms),17003 (1%),16292 (~0%),218 (5%),31 (~0%),3 (~0%),1.0,1.0,1.0,1.0,off,off,4.0,1.0
05min 18sec,1067717 (4.767ms),18285 (1%),17261 (~0%),234 (5%),30 (~0%),5 (~0%),2.0,1.0,1.0,3.0,off,off,1.0,1.0
05min 17sec,1048514 (4.194ms),17105 (1%),16755 (~0%),234 (5%),27 (~0%),5 (~0%),1.0,8.0,1.0,3.0,off,off,1.0,1.0
05min 08sec,904514 (3.618ms),20265 (1%),18782 (~0%),234 (5%),38 (~0%),6 (~0%),1.0,1.0,2.0,3.0,off,off,1.0,1.0
05min 03sec,1264501 (5.058ms),16342 (1%),16009 (~0%),218 (5%),27 (~0%),4 (~0%),1.0,1.0,1.0,2.0,off,off,1.0,1.0
60min 00sec,,,,,,,1.0,1.0,1.0,3.0,flatten,off,1.0,1.0
29min 42sec,21677 (0.087ms),286344 (24%),248400 (10%),154 (3%),676 (9%),1 (~0%),1.0,1.0,1.0,3.0,off,flatten,1.0,1.0
05min 15sec,1088284 (4.353ms),18112 (1%),17204 (~0%),234 (5%),28 (~0%),5 (~0%),1.0,1.0,1.0,3.0,off,off,2.0,1.0
05min 41sec,10434312 (41.737ms),90854 (7%),111466 (4%),234 (5%),165 (2%),5 (~0%),1.0,1.0,1.0,3.0,off,off,1.0,4.0
04min 49sec,720328 (2.881ms),18206 (1%),20756 (~0%),186 (4%),32 (~0%),8 (~0%),5.0,5.0,1.0,3.0,off,off,1.0,1.0
04min 49sec,720328 (2.881ms),18266 (1%),20757 (~0%),186 (4%),32 (~0%),8 (~0%),6.0,5.0,1.0,3.0,off,off,1.0,1.0
05min 15sec,1050385 (4.202ms),44720 (3%),23296 (~0%),234 (5%),27 (~0%),5 (~0%),1.0,2.0,1.0,3.0,off,off,1.0,1.0
05min 12sec,1048514 (4.194ms),17105 (1%),16755 (~0%),234 (5%),27 (~0%),5 (~0%),1.0,8.0,1.0,3.0,off,off,1.0,1.0
04min 48sec,869119 (3.476ms),18954 (1%),22413 (~0%),154 (3%),49 (~0%),13 (1%),1.0,5.0,3.0,3.0,off,off,1.0,1.0
04min 48sec,1377657 (5.511ms),16573 (1%),19411 (~0%),186 (4%),36 (~0%),8 (~0%),1.0,5.0,1.0,3.0,off,off,2.0,1.0
22min 24sec,21797 (0.087ms),436717 (36%),540100 (22%),130 (3%),3342 (48%),1 (~0%),1.0,5.0,1.0,3.0,off,flatten,1.0,1.0
04min 39sec,1053333 (4.213ms),18890 (1%),17839 (~0%),234 (5%),29 (~0%),5 (~0%),5.0,1.0,1.0,3.0,off,off,1.0,1.0
04min 40sec,1053333 (4.213ms),18930 (1%),17878 (~0%),234 (5%),29 (~0%),5 (~0%),6.0,1.0,1.0,3.0,off,off,1.0,1.0
04min 34sec,1053333 (4.213ms),18841 (1%),17840 (~0%),234 (5%),29 (~0%),5 (~0%),10.0,1.0,1.0,3.0,off,off,1.0,1.0
04min 28sec,1050315 (4.201ms),14984 (1%),13116 (~0%),70 (1%),27 (~0%),11 (1%),1.0,10.0,1.0,3.0,off,off,1.0,1.0
04min 33sec,1048514 (4.194ms),18148 (1%),17169 (~0%),234 (5%),27 (~0%),5 (~0%),1.0,16.0,1.0,3.0,off,off,1.0,1.0
04min 28sec,1049115 (4.196ms),15797 (1%),14509 (~0%),86 (1%),27 (~0%),17 (1%),1.0,20.0,1.0,3.0,off,off,1.0,1.0
04min 37sec,856593 (3.426ms),36974 (3%),39400 (1%),250 (5%),64 (~0%),7 (~0%),1.0,1.0,3.0,3.0,off,off,1.0,1.0
04min 32sec,890112 (3.804ms),19216 (1%),18290 (~0%),286 (6%),30 (~0%),2 (~0%),1.0,1.0,1.0,5.0,off,off,1.0,1.0
04min 07sec,734714 (3.28ms),17306 (1%),19611 (~0%),186 (4%),33 (~0%),8 (~0%),2.0,5.0,1.0,3.0,off,off,1.0,1.0
04min 11sec,720328 (2.881ms),18241 (1%),20758 (~0%),186 (4%),32 (~0%),8 (~0%),3.0,5.0,1.0,3.0,off,off,1.0,1.0
04min 08sec,734714 (3.28ms),17319 (1%),19610 (~0%),186 (4%),33 (~0%),8 (~0%),4.0,5.0,1.0,3.0,off,off,1.0,1.0
04min 41sec,1053333 (4.213ms),18633 (1%),17613 (~0%),234 (5%),29 (~0%),5 (~0%),5.0,8.0,1.0,3.0,off,off,1.0,1.0
04min 38sec,1055134 (4.221ms),16540 (1%),14025 (~0%),70 (1%),29 (~0%),11 (1%),5.0,10.0,1.0,3.0,off,off,1.0,1.0
04min 12sec,873935 (3.611ms),20270 (1%),23299 (~0%),154 (3%),43 (~0%),13 (1%),5.0,5.0,3.0,3.0,off,off,1.0,1.0
04min 06sec,974721 (3.899ms),18226 (1%),21226 (~0%),202 (4%),42 (~0%),6 (~0%),5.0,5.0,1.0,4.0,off,off,1.0,1.0
07min 59sec,1053333 (4.213ms),18890 (1%),17839 (~0%),234 (5%),29 (~0%),5 (~0%),5.0,1.0,1.0,3.0,off,off,1.0,1.0
07min 59sec,1053333 (4.213ms),18930 (1%),17878 (~0%),234 (5%),29 (~0%),5 (~0%),6.0,1.0,1.0,3.0,off,off,1.0,1.0
08min 02sec,1054144 (4.217ms),24430 (2%),19008 (~0%),234 (5%),29 (~0%),5 (~0%),6.0,4.0,1.0,3.0,off,off,1.0,1.0
08min 03sec,1053333 (4.213ms),18657 (1%),17658 (~0%),234 (5%),29 (~0%),5 (~0%),6.0,8.0,1.0,3.0,off,off,1.0,1.0
08min 02sec,938204 (3.753ms),38439 (3%),41217 (1%),250 (5%),69 (1%),7 (~0%),6.0,8.0,3.0,3.0,off,off,1.0,1.0
08min 06sec,823002 (3.292ms),38833 (3%),41662 (1%),282 (6%),71 (1%),4 (~0%),6.0,8.0,3.0,4.0,off,off,1.0,1.0
07min 40sec,720328 (2.881ms),18157 (1%),20756 (~0%),186 (4%),32 (~0%),8 (~0%),10.0,5.0,1.0,3.0,off,off,1.0,1.0
06min 35sec,720328 (2.881ms),18221 (1%),20756 (~0%),186 (4%),32 (~0%),8 (~0%),12.0,5.0,1.0,3.0,off,off,1.0,1.0
06min 52sec,720328 (2.881ms),18228 (1%),20758 (~0%),186 (4%),32 (~0%),8 (~0%),15.0,5.0,1.0,3.0,off,off,1.0,1.0
08min 07sec,1055344 (4.221ms),33260 (2%),21248 (~0%),234 (5%),29 (~0%),5 (~0%),5.0,2.0,1.0,3.0,off,off,1.0,1.0
08min 05sec,1054144 (4.217ms),24406 (2%),18965 (~0%),234 (5%),29 (~0%),5 (~0%),5.0,4.0,1.0,3.0,off,off,1.0,1.0
06min 25sec,849927 (3.512ms),20740 (1%),23781 (1%),170 (3%),56 (~0%),11 (1%),5.0,5.0,4.0,3.0,off,off,1.0,1.0
07min 31sec,1651521 (6.606ms),17224 (1%),19450 (~0%),218 (5%),40 (~0%),3 (~0%),5.0,5.0,1.0,1.0,off,off,1.0,1.0
05min 35sec,1053333 (4.213ms),18841 (1%),17840 (~0%),234 (5%),29 (~0%),5 (~0%),10.0,1.0,1.0,3.0,off,off,1.0,1.0
05min 25sec,1050315 (4.201ms),14984 (1%),13116 (~0%),70 (1%),27 (~0%),11 (1%),1.0,10.0,1.0,3.0,off,off,1.0,1.0
05min 36sec,1048514 (4.194ms),18148 (1%),17169 (~0%),234 (5%),27 (~0%),5 (~0%),1.0,16.0,1.0,3.0,off,off,1.0,1.0
05min 23sec,770112 (3.305ms),28527 (2%),26416 (1%),206 (4%),36 (~0%),2 (~0%),1.0,1.0,1.0,10.0,off,off,1.0,1.0
05min 38sec,789392 (3.158ms),58569 (4%),56157 (2%),222 (5%),126 (1%),4 (~0%),1.0,1.0,10.0,3.0,off,off,1.0,1.0
05min 34sec,1845842 (7.383ms),17910 (1%),18346 (~0%),234 (5%),30 (~0%),5 (~0%),1.0,1.0,1.0,3.0,off,off,1.0,8.0
06min 26sec,1062959 (4.411ms),32271 (2%),46863 (1%),324 (7%),28 (~0%),5 (~0%),1.0,1.0,1.0,3.0,off,off,8.0,1.0
05min 13sec,720328 (2.881ms),18157 (1%),20756 (~0%),186 (4%),32 (~0%),8 (~0%),10.0,5.0,1.0,3.0,off,off,1.0,1.0
05min 36sec,1053333 (4.213ms),18633 (1%),17613 (~0%),234 (5%),29 (~0%),5 (~0%),5.0,8.0,1.0,3.0,off,off,1.0,1.0
05min 24sec,921927 (3.81ms),18773 (1%),21474 (~0%),154 (3%),34 (~0%),11 (1%),5.0,5.0,2.0,3.0,off,off,1.0,1.0
05min 13sec,936321 (3.745ms),17780 (1%),20396 (~0%),186 (4%),42 (~0%),6 (~0%),5.0,5.0,1.0,2.0,off,off,1.0,1.0
05min 14sec,1138324 (5.082ms),17842 (1%),20766 (~0%),186 (4%),39 (~0%),8 (~0%),5.0,5.0,1.0,3.0,off,off,4.0,1.0
05min 14sec,3399612 (13.598ms),17345 (1%),18688 (~0%),160 (3%),32 (~0%),8 (~0%),5.0,5.0,1.0,3.0,off,off,1.0,4.0
05min 45sec,1053333 (4.213ms),18841 (1%),17840 (~0%),234 (5%),29 (~0%),5 (~0%),10.0,1.0,1.0,3.0,off,off,1.0,1.0
05min 24sec,1050315 (4.201ms),14984 (1%),13116 (~0%),70 (1%),27 (~0%),11 (1%),1.0,10.0,1.0,3.0,off,off,1.0,1.0
05min 46sec,818191 (3.273ms),41589 (3%),42808 (1%),302 (6%),86 (1%),4 (~0%),1.0,1.0,5.0,3.0,off,off,1.0,1.0
05min 29sec,933301 (3.733ms),18168 (1%),17362 (~0%),266 (6%),30 (~0%),2 (~0%),1.0,1.0,1.0,4.0,off,off,1.0,1.0
05min 39sec,1088284 (4.353ms),18112 (1%),17204 (~0%),234 (5%),28 (~0%),5 (~0%),1.0,1.0,1.0,3.0,off,off,2.0,1.0
05min 54sec,10434312 (41.737ms),90854 (7%),111466 (4%),234 (5%),165 (2%),5 (~0%),1.0,1.0,1.0,3.0,off,off,1.0,4.0
05min 12sec,720328 (2.881ms),18157 (1%),20756 (~0%),186 (4%),32 (~0%),8 (~0%),10.0,5.0,1.0,3.0,off,off,1.0,1.0
05min 50sec,1054144 (4.217ms),24406 (2%),18965 (~0%),234 (5%),29 (~0%),5 (~0%),5.0,4.0,1.0,3.0,off,off,1.0,1.0
05min 50sec,1053333 (4.213ms),18633 (1%),17613 (~0%),234 (5%),29 (~0%),5 (~0%),5.0,8.0,1.0,3.0,off,off,1.0,1.0
05min 16sec,835535 (3.453ms),22382 (1%),25602 (1%),194 (4%),65 (~0%),7 (~0%),5.0,5.0,5.0,3.0,off,off,1.0,1.0
05min 12sec,936321 (3.745ms),17780 (1%),20396 (~0%),186 (4%),42 (~0%),6 (~0%),5.0,5.0,1.0,2.0,off,off,1.0,1.0
05min 13sec,1167595 (5.212ms),17838 (1%),20758 (~0%),186 (4%),39 (~0%),8 (~0%),5.0,5.0,1.0,3.0,off,off,2.0,1.0
06min 27sec,1053333 (4.213ms),18890 (1%),17839 (~0%),234 (5%),29 (~0%),5 (~0%),5.0,1.0,1.0,3.0,off,off,1.0,1.0
06min 22sec,1050315 (4.201ms),14984 (1%),13116 (~0%),70 (1%),27 (~0%),11 (1%),1.0,10.0,1.0,3.0,off,off,1.0,1.0
06min 27sec,789392 (3.158ms),58569 (4%),56157 (2%),222 (5%),126 (1%),4 (~0%),1.0,1.0,10.0,3.0,off,off,1.0,1.0
06min 23sec,933301 (3.733ms),18168 (1%),17362 (~0%),266 (6%),30 (~0%),2 (~0%),1.0,1.0,1.0,4.0,off,off,1.0,1.0
06min 27sec,1088284 (4.353ms),18112 (1%),17204 (~0%),234 (5%),28 (~0%),5 (~0%),1.0,1.0,1.0,3.0,off,off,2.0,1.0
06min 43sec,21584712 (86.339ms),100106 (8%),118479 (5%),234 (5%),165 (2%),5 (~0%),1.0,1.0,1.0,3.0,off,off,1.0,2.0
06min 29sec,1069518 (4.775ms),15946 (1%),13447 (~0%),70 (1%),30 (~0%),11 (1%),2.0,10.0,1.0,3.0,off,off,1.0,1.0
06min 26sec,1048514 (4.194ms),18148 (1%),17169 (~0%),234 (5%),27 (~0%),5 (~0%),1.0,16.0,1.0,3.0,off,off,1.0,1.0
06min 20sec,834315 (3.337ms),19026 (1%),17097 (~0%),118 (2%),60 (~0%),8 (~0%),1.0,10.0,4.0,3.0,off,off,1.0,1.0
06min 22sec,935102 (3.74ms),15508 (1%),13472 (~0%),94 (2%),30 (~0%),8 (~0%),1.0,10.0,1.0,4.0,off,off,1.0,1.0
06min 24sec,1122079 (4.488ms),15773 (1%),13403 (~0%),70 (1%),28 (~0%),11 (1%),1.0,10.0,1.0,3.0,off,off,4.0,1.0
06min 24sec,1641722 (6.567ms),16272 (1%),13448 (~0%),70 (1%),22 (~0%),11 (1%),1.0,10.0,1.0,3.0,off,off,1.0,4.0
04min 09sec,1053333 (4.213ms),18890 (1%),17839 (~0%),234 (5%),29 (~0%),5 (~0%),5.0,1.0,1.0,3.0,off,off,1.0,1.0
04min 09sec,1053333 (4.213ms),18930 (1%),17878 (~0%),234 (5%),29 (~0%),5 (~0%),6.0,1.0,1.0,3.0,off,off,1.0,1.0
04min 08sec,1050315 (4.201ms),14984 (1%),13116 (~0%),70 (1%),27 (~0%),11 (1%),1.0,10.0,1.0,3.0,off,off,1.0,1.0
04min 08sec,1048514 (4.194ms),18148 (1%),17169 (~0%),234 (5%),27 (~0%),5 (~0%),1.0,16.0,1.0,3.0,off,off,1.0,1.0
04min 10sec,818191 (3.273ms),41589 (3%),42808 (1%),302 (6%),86 (1%),4 (~0%),1.0,1.0,5.0,3.0,off,off,1.0,1.0
04min 04sec,933301 (3.733ms),18168 (1%),17362 (~0%),266 (6%),30 (~0%),2 (~0%),1.0,1.0,1.0,4.0,off,off,1.0,1.0
04min 09sec,1088284 (4.353ms),18112 (1%),17204 (~0%),234 (5%),28 (~0%),5 (~0%),1.0,1.0,1.0,3.0,off,off,2.0,1.0
03min 32sec,720328 (2.881ms),18157 (1%),20756 (~0%),186 (4%),32 (~0%),8 (~0%),10.0,5.0,1.0,3.0,off,off,1.0,1.0
04min 03sec,1050315 (4.201ms),14984 (1%),13116 (~0%),70 (1%),27 (~0%),11 (1%),1.0,10.0,1.0,3.0,off,off,1.0,1.0
03min 36sec,845111 (3.38ms),19081 (1%),22379 (~0%),170 (3%),60 (~0%),11 (1%),1.0,5.0,4.0,3.0,off,off,1.0,1.0
03min 30sec,974705 (3.899ms),16235 (1%),19110 (~0%),202 (4%),38 (~0%),6 (~0%),1.0,5.0,1.0,4.0,off,off,1.0,1.0
03min 33sec,1231347 (4.925ms),16576 (1%),19411 (~0%),186 (4%),36 (~0%),8 (~0%),1.0,5.0,1.0,3.0,off,off,4.0,1.0
03min 35sec,3398876 (13.596ms),15733 (1%),17159 (~0%),160 (3%),30 (~0%),8 (~0%),1.0,5.0,1.0,3.0,off,off,1.0,4.0
05min 09sec,1053333 (4.213ms),18890 (1%),17839 (~0%),234 (5%),29 (~0%),5 (~0%),5.0,1.0,1.0,3.0,off,off,1.0,1.0
05min 02sec,1053333 (4.213ms),18930 (1%),17878 (~0%),234 (5%),29 (~0%),5 (~0%),6.0,1.0,1.0,3.0,off,off,1.0,1.0
04min 53sec,1053333 (4.213ms),18841 (1%),17840 (~0%),234 (5%),29 (~0%),5 (~0%),10.0,1.0,1.0,3.0,off,off,1.0,1.0
04min 45sec,1050315 (4.201ms),14984 (1%),13116 (~0%),70 (1%),27 (~0%),11 (1%),1.0,10.0,1.0,3.0,off,off,1.0,1.0
04min 55sec,1048514 (4.194ms),18148 (1%),17169 (~0%),234 (5%),27 (~0%),5 (~0%),1.0,16.0,1.0,3.0,off,off,1.0,1.0
04min 46sec,1049115 (4.196ms),15797 (1%),14509 (~0%),86 (1%),27 (~0%),17 (1%),1.0,20.0,1.0,3.0,off,off,1.0,1.0
04min 47sec,1088284 (4.353ms),18112 (1%),17204 (~0%),234 (5%),28 (~0%),5 (~0%),1.0,1.0,1.0,3.0,off,off,2.0,1.0
05min 19sec,10434312 (41.737ms),90854 (7%),111466 (4%),234 (5%),165 (2%),5 (~0%),1.0,1.0,1.0,3.0,off,off,1.0,4.0
04min 25sec,720328 (2.881ms),18157 (1%),20756 (~0%),186 (4%),32 (~0%),8 (~0%),10.0,5.0,1.0,3.0,off,off,1.0,1.0
04min 41sec,1050315 (4.201ms),14984 (1%),13116 (~0%),70 (1%),27 (~0%),11 (1%),1.0,10.0,1.0,3.0,off,off,1.0,1.0
04min 30sec,830719 (3.323ms),21083 (1%),24800 (1%),194 (4%),71 (1%),7 (~0%),1.0,5.0,5.0,3.0,off,off,1.0,1.0
04min 19sec,931505 (3.726ms),15712 (1%),18214 (~0%),186 (4%),38 (~0%),6 (~0%),1.0,5.0,1.0,2.0,off,off,1.0,1.0
04min 41sec,793308 (3.173ms),28962 (2%),50269 (2%),232 (5%),39 (~0%),11 (1%),1.0,5.0,1.0,3.0,off,off,8.0,1.0
04min 26sec,5703116 (22.812ms),15749 (1%),17162 (~0%),160 (3%),30 (~0%),8 (~0%),1.0,5.0,1.0,3.0,off,off,1.0,2.0
04min 28sec,720328 (2.881ms),18221 (1%),20756 (~0%),186 (4%),32 (~0%),8 (~0%),12.0,5.0,1.0,3.0,off,off,1.0,1.0
04min 48sec,1053333 (4.213ms),18890 (1%),17839 (~0%),234 (5%),29 (~0%),5 (~0%),5.0,1.0,1.0,3.0,off,off,1.0,1.0
04min 42sec,1050315 (4.201ms),14984 (1%),13116 (~0%),70 (1%),27 (~0%),11 (1%),1.0,10.0,1.0,3.0,off,off,1.0,1.0
04min 47sec,808591 (3.234ms),43947 (3%),44583 (1%),322 (7%),97 (1%),4 (~0%),1.0,1.0,6.0,3.0,off,off,1.0,1.0
04min 44sec,933301 (3.733ms),18168 (1%),17362 (~0%),266 (6%),30 (~0%),2 (~0%),1.0,1.0,1.0,4.0,off,off,1.0,1.0
04min 45sec,1088284 (4.353ms),18112 (1%),17204 (~0%),234 (5%),28 (~0%),5 (~0%),1.0,1.0,1.0,3.0,off,off,2.0,1.0
05min 07sec,10434312 (41.737ms),90854 (7%),111466 (4%),234 (5%),165 (2%),5 (~0%),1.0,1.0,1.0,3.0,off,off,1.0,4.0
04min 31sec,720328 (2.881ms),18157 (1%),20756 (~0%),186 (4%),32 (~0%),8 (~0%),10.0,5.0,1.0,3.0,off,off,1.0,1.0
04min 57sec,1054144 (4.217ms),24406 (2%),18965 (~0%),234 (5%),29 (~0%),5 (~0%),5.0,4.0,1.0,3.0,off,off,1.0,1.0
04min 34sec,825935 (3.413ms),23491 (1%),26938 (1%),202 (4%),76 (1%),7 (~0%),5.0,5.0,6.0,3.0,off,off,1.0,1.0
04min 35sec,585928 (2.504ms),18697 (1%),21508 (~0%),226 (5%),32 (~0%),2 (~0%),5.0,5.0,1.0,5.0,off,off,1.0,1.0
04min 35sec,1138324 (5.082ms),17842 (1%),20766 (~0%),186 (4%),39 (~0%),8 (~0%),5.0,5.0,1.0,3.0,off,off,4.0,1.0
04min 34sec,5704572 (22.818ms),17363 (1%),18692 (~0%),160 (3%),32 (~0%),8 (~0%),5.0,5.0,1.0,3.0,off,off,1.0,2.0
04min 54sec,1053333 (4.213ms),18890 (1%),17839 (~0%),234 (5%),29 (~0%),5 (~0%),5.0,1.0,1.0,3.0,off,off,1.0,1.0
04min 56sec,1050315 (4.201ms),14984 (1%),13116 (~0%),70 (1%),27 (~0%),11 (1%),1.0,10.0,1.0,3.0,off,off,1.0,1.0
05min 20sec,784591 (3.138ms),65019 (5%),61143 (2%),226 (5%),163 (2%),4 (~0%),1.0,1.0,12.0,3.0,off,off,1.0,1.0
04min 55sec,890112 (3.804ms),19216 (1%),18290 (~0%),286 (6%),30 (~0%),2 (~0%),1.0,1.0,1.0,5.0,off,off,1.0,1.0
04min 52sec,1088284 (4.353ms),18112 (1%),17204 (~0%),234 (5%),28 (~0%),5 (~0%),1.0,1.0,1.0,3.0,off,off,2.0,1.0
05min 25sec,10434312 (41.737ms),90854 (7%),111466 (4%),234 (5%),165 (2%),5 (~0%),1.0,1.0,1.0,3.0,off,off,1.0,4.0
05min 24sec,11342773 (50.637ms),87414 (7%),110062 (4%),218 (5%),168 (2%),3 (~0%),4.0,1.0,1.0,1.0,off,off,1.0,4.0
05min 22sec,11337996 (45.352ms),88076 (7%),110542 (4%),218 (5%),167 (2%),3 (~0%),5.0,1.0,1.0,1.0,off,off,1.0,4.0
05min 16sec,1884817 (7.539ms),25145 (2%),24786 (1%),346 (8%),30 (~0%),6 (~0%),1.0,8.0,1.0,1.0,off,off,1.0,4.0
04min 51sec,2227309 (8.909ms),14789 (1%),12313 (~0%),46 (1%),30 (~0%),11 (1%),1.0,10.0,1.0,1.0,off,off,1.0,4.0
05min 25sec,11396642 (45.587ms),163409 (13%),200506 (8%),234 (5%),337 (4%),5 (~0%),1.0,1.0,3.0,1.0,off,off,1.0,4.0
05min 21sec,11335429 (45.342ms),105044 (8%),115300 (4%),266 (6%),182 (2%),2 (~0%),1.0,1.0,4.0,1.0,off,off,1.0,4.0
60min 00sec,,,,,,,1.0,1.0,1.0,1.0,flatten,off,1.0,4.0
04min 52sec,1671806 (6.687ms),24317 (2%),17867 (~0%),218 (5%),31 (~0%),3 (~0%),1.0,1.0,1.0,1.0,off,off,4.0,4.0
03min 53sec,1053333 (4.213ms),18890 (1%),17839 (~0%),234 (5%),29 (~0%),5 (~0%),5.0,1.0,1.0,3.0,off,off,1.0,1.0
03min 55sec,1053333 (4.213ms),18930 (1%),17878 (~0%),234 (5%),29 (~0%),5 (~0%),6.0,1.0,1.0,3.0,off,off,1.0,1.0
03min 50sec,1050315 (4.201ms),14984 (1%),13116 (~0%),70 (1%),27 (~0%),11 (1%),1.0,10.0,1.0,3.0,off,off,1.0,1.0
03min 53sec,1048514 (4.194ms),18148 (1%),17169 (~0%),234 (5%),27 (~0%),5 (~0%),1.0,16.0,1.0,3.0,off,off,1.0,1.0
03min 55sec,789392 (3.158ms),58569 (4%),56157 (2%),222 (5%),126 (1%),4 (~0%),1.0,1.0,10.0,3.0,off,off,1.0,1.0
03min 52sec,933301 (3.733ms),18168 (1%),17362 (~0%),266 (6%),30 (~0%),2 (~0%),1.0,1.0,1.0,4.0,off,off,1.0,1.0
03min 54sec,1088284 (4.353ms),18112 (1%),17204 (~0%),234 (5%),28 (~0%),5 (~0%),1.0,1.0,1.0,3.0,off,off,2.0,1.0
03min 47sec,720328 (2.881ms),18157 (1%),20756 (~0%),186 (4%),32 (~0%),8 (~0%),10.0,5.0,1.0,3.0,off,off,1.0,1.0
03min 58sec,1053333 (4.213ms),18633 (1%),17613 (~0%),234 (5%),29 (~0%),5 (~0%),5.0,8.0,1.0,3.0,off,off,1.0,1.0
03min 47sec,835535 (3.453ms),22382 (1%),25602 (1%),194 (4%),65 (~0%),7 (~0%),5.0,5.0,5.0,3.0,off,off,1.0,1.0
03min 47sec,585928 (2.504ms),18697 (1%),21508 (~0%),226 (5%),32 (~0%),2 (~0%),5.0,5.0,1.0,5.0,off,off,1.0,1.0
03min 21sec,1138324 (5.082ms),17842 (1%),20766 (~0%),186 (4%),39 (~0%),8 (~0%),5.0,5.0,1.0,3.0,off,off,4.0,1.0
03min 35sec,3399612 (13.598ms),17345 (1%),18688 (~0%),160 (3%),32 (~0%),8 (~0%),5.0,5.0,1.0,3.0,off,off,1.0,4.0
03min 52sec,720328 (2.881ms),18157 (1%),20756 (~0%),186 (4%),32 (~0%),8 (~0%),10.0,5.0,1.0,3.0,off,off,1.0,1.0
04min 25sec,1053333 (4.213ms),18633 (1%),17613 (~0%),234 (5%),29 (~0%),5 (~0%),5.0,8.0,1.0,3.0,off,off,1.0,1.0
04min 04sec,835535 (3.453ms),22382 (1%),25602 (1%),194 (4%),65 (~0%),7 (~0%),5.0,5.0,5.0,3.0,off,off,1.0,1.0
03min 55sec,585928 (2.504ms),18697 (1%),21508 (~0%),226 (5%),32 (~0%),2 (~0%),5.0,5.0,1.0,5.0,off,off,1.0,1.0
04min 00sec,1138324 (5.082ms),17842 (1%),20766 (~0%),186 (4%),39 (~0%),8 (~0%),5.0,5.0,1.0,3.0,off,off,4.0,1.0
03min 57sec,3399612 (13.598ms),17345 (1%),18688 (~0%),160 (3%),32 (~0%),8 (~0%),5.0,5.0,1.0,3.0,off,off,1.0,4.0
04min 27sec,1053333 (4.213ms),18890 (1%),17839 (~0%),234 (5%),29 (~0%),5 (~0%),5.0,1.0,1.0,3.0,off,off,1.0,1.0
04min 28sec,1053333 (4.213ms),18930 (1%),17878 (~0%),234 (5%),29 (~0%),5 (~0%),6.0,1.0,1.0,3.0,off,off,1.0,1.0
04min 29sec,1053333 (4.213ms),18841 (1%),17840 (~0%),234 (5%),29 (~0%),5 (~0%),10.0,1.0,1.0,3.0,off,off,1.0,1.0
04min 04sec,1050315 (4.201ms),14984 (1%),13116 (~0%),70 (1%),27 (~0%),11 (1%),1.0,10.0,1.0,3.0,off,off,1.0,1.0
04min 27sec,1048514 (4.194ms),18148 (1%),17169 (~0%),234 (5%),27 (~0%),5 (~0%),1.0,16.0,1.0,3.0,off,off,1.0,1.0
04min 26sec,1049115 (4.196ms),15797 (1%),14509 (~0%),86 (1%),27 (~0%),17 (1%),1.0,20.0,1.0,3.0,off,off,1.0,1.0
04min 19sec,933301 (3.733ms),18168 (1%),17362 (~0%),266 (6%),30 (~0%),2 (~0%),1.0,1.0,1.0,4.0,off,off,1.0,1.0
03min 59sec,1053333 (4.213ms),18890 (1%),17839 (~0%),234 (5%),29 (~0%),5 (~0%),5.0,1.0,1.0,3.0,off,off,1.0,1.0
04min 02sec,1053333 (4.213ms),18930 (1%),17878 (~0%),234 (5%),29 (~0%),5 (~0%),6.0,1.0,1.0,3.0,off,off,1.0,1.0
04min 00sec,1050315 (4.201ms),14984 (1%),13116 (~0%),70 (1%),27 (~0%),11 (1%),1.0,10.0,1.0,3.0,off,off,1.0,1.0
04min 01sec,1048514 (4.194ms),18148 (1%),17169 (~0%),234 (5%),27 (~0%),5 (~0%),1.0,16.0,1.0,3.0,off,off,1.0,1.0
04min 03sec,789392 (3.158ms),58569 (4%),56157 (2%),222 (5%),126 (1%),4 (~0%),1.0,1.0,10.0,3.0,off,off,1.0,1.0
03min 50sec,933301 (3.733ms),18168 (1%),17362 (~0%),266 (6%),30 (~0%),2 (~0%),1.0,1.0,1.0,4.0,off,off,1.0,1.0
03min 59sec,1068064 (4.272ms),18117 (1%),17204 (~0%),234 (5%),28 (~0%),5 (~0%),1.0,1.0,1.0,3.0,off,off,4.0,1.0
04min 05sec,851728 (3.802ms),26521 (2%),23232 (~0%),282 (6%),64 (~0%),4 (~0%),4.0,1.0,4.0,3.0,off,off,1.0,1.0
04min 01sec,833185 (3.333ms),33720 (2%),24260 (1%),282 (6%),60 (~0%),4 (~0%),1.0,4.0,4.0,3.0,off,off,1.0,1.0
04min 04sec,818191 (3.273ms),41589 (3%),42808 (1%),302 (6%),86 (1%),4 (~0%),1.0,1.0,5.0,3.0,off,off,1.0,1.0
03min 59sec,717301 (2.869ms),25120 (2%),22217 (~0%),314 (7%),60 (~0%),1 (~0%),1.0,1.0,4.0,4.0,off,off,1.0,1.0
60min 00sec,,,,,,,1.0,1.0,4.0,3.0,flatten,off,1.0,1.0
27min 28sec,21677 (0.087ms),286344 (24%),248400 (10%),154 (3%),676 (9%),1 (~0%),1.0,1.0,4.0,3.0,off,flatten,1.0,1.0
04min 06sec,872295 (3.489ms),25911 (2%),23104 (~0%),282 (6%),62 (~0%),4 (~0%),1.0,1.0,4.0,3.0,off,off,2.0,1.0
04min 44sec,10433112 (41.732ms),104721 (8%),116416 (4%),282 (6%),182 (2%),4 (~0%),1.0,1.0,4.0,3.0,off,off,1.0,4.0
05min 06sec,1053333 (4.213ms),18890 (1%),17839 (~0%),234 (5%),29 (~0%),5 (~0%),5.0,1.0,1.0,3.0,off,off,1.0,1.0
05min 03sec,1055134 (4.221ms),16540 (1%),14025 (~0%),70 (1%),29 (~0%),11 (1%),5.0,10.0,1.0,3.0,off,off,1.0,1.0
05min 08sec,815202 (3.261ms),37258 (3%),39541 (1%),118 (2%),99 (1%),8 (~0%),5.0,10.0,6.0,3.0,off,off,1.0,1.0
05min 10sec,700000 (2.8ms),37431 (3%),39967 (1%),142 (3%),101 (1%),5 (~0%),5.0,10.0,6.0,4.0,off,off,1.0,1.0
05min 04sec,1054126 (4.217ms),23843 (2%),18376 (~0%),234 (5%),29 (~0%),5 (~0%),2.0,4.0,1.0,3.0,off,off,1.0,1.0
04min 57sec,1054144 (4.217ms),24405 (2%),19007 (~0%),234 (5%),29 (~0%),5 (~0%),3.0,4.0,1.0,3.0,off,off,1.0,1.0
05min 03sec,1054126 (4.217ms),23858 (2%),18378 (~0%),234 (5%),29 (~0%),5 (~0%),4.0,4.0,1.0,3.0,off,off,1.0,1.0
04min 39sec,1050315 (4.201ms),14984 (1%),13116 (~0%),70 (1%),27 (~0%),11 (1%),1.0,10.0,1.0,3.0,off,off,1.0,1.0
04min 48sec,1048514 (4.194ms),18148 (1%),17169 (~0%),234 (5%),27 (~0%),5 (~0%),1.0,16.0,1.0,3.0,off,off,1.0,1.0
04min 43sec,1049115 (4.196ms),15797 (1%),14509 (~0%),86 (1%),27 (~0%),17 (1%),1.0,20.0,1.0,3.0,off,off,1.0,1.0
05min 09sec,905185 (3.621ms),29773 (2%),20460 (~0%),234 (5%),38 (~0%),6 (~0%),1.0,4.0,2.0,3.0,off,off,1.0,1.0
05min 10sec,1803152 (7.213ms),23759 (2%),18747 (~0%),234 (5%),30 (~0%),5 (~0%),1.0,4.0,1.0,3.0,off,off,1.0,4.0
05min 16sec,1053333 (4.213ms),18841 (1%),17840 (~0%),234 (5%),29 (~0%),5 (~0%),10.0,1.0,1.0,3.0,off,off,1.0,1.0
05min 04sec,1050315 (4.201ms),14984 (1%),13116 (~0%),70 (1%),27 (~0%),11 (1%),1.0,10.0,1.0,3.0,off,off,1.0,1.0
05min 13sec,789392 (3.158ms),58569 (4%),56157 (2%),222 (5%),126 (1%),4 (~0%),1.0,1.0,10.0,3.0,off,off,1.0,1.0
05min 09sec,933301 (3.733ms),18168 (1%),17362 (~0%),266 (6%),30 (~0%),2 (~0%),1.0,1.0,1.0,4.0,off,off,1.0,1.0
05min 12sec,1088284 (4.353ms),18112 (1%),17204 (~0%),234 (5%),28 (~0%),5 (~0%),1.0,1.0,1.0,3.0,off,off,2.0,1.0
05min 16sec,10434312 (41.737ms),90854 (7%),111466 (4%),234 (5%),165 (2%),5 (~0%),1.0,1.0,1.0,3.0,off,off,1.0,4.0
04min 46sec,950735 (3.929ms),24096 (2%),27780 (1%),194 (4%),91 (1%),7 (~0%),3.0,5.0,5.0,3.0,off,off,1.0,1.0
04min 50sec,849921 (3.794ms),21576 (1%),24693 (1%),194 (4%),66 (~0%),7 (~0%),4.0,5.0,5.0,3.0,off,off,1.0,1.0
05min 15sec,822936 (3.292ms),28048 (2%),25158 (1%),302 (6%),73 (1%),4 (~0%),5.0,8.0,5.0,3.0,off,off,1.0,1.0
05min 12sec,824737 (3.299ms),22487 (1%),19738 (~0%),110 (2%),73 (1%),8 (~0%),5.0,10.0,5.0,3.0,off,off,1.0,1.0
04min 46sec,921927 (3.81ms),18773 (1%),21474 (~0%),154 (3%),34 (~0%),11 (1%),5.0,5.0,2.0,3.0,off,off,1.0,1.0
04min 46sec,715535 (2.957ms),22287 (1%),25800 (1%),210 (4%),67 (~0%),5 (~0%),5.0,5.0,5.0,4.0,off,off,1.0,1.0
04min 55sec,908479 (4.056ms),22530 (1%),25742 (1%),194 (4%),67 (~0%),7 (~0%),5.0,5.0,5.0,3.0,off,off,2.0,1.0
04min 01sec,1053333 (4.213ms),18890 (1%),17839 (~0%),234 (5%),29 (~0%),5 (~0%),5.0,1.0,1.0,3.0,off,off,1.0,1.0
03min 49sec,1050315 (4.201ms),14984 (1%),13116 (~0%),70 (1%),27 (~0%),11 (1%),1.0,10.0,1.0,3.0,off,off,1.0,1.0
03min 59sec,818191 (3.273ms),41589 (3%),42808 (1%),302 (6%),86 (1%),4 (~0%),1.0,1.0,5.0,3.0,off,off,1.0,1.0
05min 15sec,832512 (3.558ms),19801 (1%),18671 (~0%),306 (7%),30 (~0%),2 (~0%),1.0,1.0,1.0,6.0,off,off,1.0,1.0
04min 01sec,1068064 (4.272ms),18117 (1%),17204 (~0%),234 (5%),28 (~0%),5 (~0%),1.0,1.0,1.0,3.0,off,off,4.0,1.0
04min 16sec,10434312 (41.737ms),90854 (7%),111466 (4%),234 (5%),165 (2%),5 (~0%),1.0,1.0,1.0,3.0,off,off,1.0,4.0
03min 42sec,849921 (3.794ms),21563 (1%),24692 (1%),194 (4%),66 (~0%),7 (~0%),2.0,5.0,5.0,3.0,off,off,1.0,1.0
03min 42sec,835535 (3.453ms),22354 (1%),25684 (1%),194 (4%),65 (~0%),7 (~0%),10.0,5.0,5.0,3.0,off,off,1.0,1.0
04min 05sec,736748 (2.947ms),29936 (2%),25864 (1%),302 (6%),76 (1%),4 (~0%),5.0,2.0,5.0,3.0,off,off,1.0,1.0
04min 06sec,736748 (2.947ms),30194 (2%),25856 (1%),302 (6%),76 (1%),4 (~0%),5.0,4.0,5.0,3.0,off,off,1.0,1.0
03min 37sec,921927 (3.81ms),18773 (1%),21474 (~0%),154 (3%),34 (~0%),11 (1%),5.0,5.0,2.0,3.0,off,off,1.0,1.0
03min 35sec,672335 (2.873ms),22858 (1%),26338 (1%),234 (5%),65 (~0%),1 (~0%),5.0,5.0,5.0,5.0,off,off,1.0,1.0
03min 41sec,879166 (3.925ms),22534 (1%),25744 (1%),194 (4%),67 (~0%),7 (~0%),5.0,5.0,5.0,3.0,off,off,4.0,1.0
04min 00sec,1053333 (4.213ms),18890 (1%),17839 (~0%),234 (5%),29 (~0%),5 (~0%),5.0,1.0,1.0,3.0,off,off,1.0,1.0
03min 53sec,1050315 (4.201ms),14984 (1%),13116 (~0%),70 (1%),27 (~0%),11 (1%),1.0,10.0,1.0,3.0,off,off,1.0,1.0
04min 12sec,789392 (3.158ms),58569 (4%),56157 (2%),222 (5%),126 (1%),4 (~0%),1.0,1.0,10.0,3.0,off,off,1.0,1.0
03min 55sec,770112 (3.305ms),28527 (2%),26416 (1%),206 (4%),36 (~0%),2 (~0%),1.0,1.0,1.0,10.0,off,off,1.0,1.0
04min 00sec,1068064 (4.272ms),18117 (1%),17204 (~0%),234 (5%),28 (~0%),5 (~0%),1.0,1.0,1.0,3.0,off,off,4.0,1.0
04min 15sec,10434312 (41.737ms),90854 (7%),111466 (4%),234 (5%),165 (2%),5 (~0%),1.0,1.0,1.0,3.0,off,off,1.0,4.0
03min 35sec,720328 (2.881ms),18157 (1%),20756 (~0%),186 (4%),32 (~0%),8 (~0%),10.0,5.0,1.0,3.0,off,off,1.0,1.0
03min 35sec,720328 (2.881ms),18221 (1%),20756 (~0%),186 (4%),32 (~0%),8 (~0%),12.0,5.0,1.0,3.0,off,off,1.0,1.0
03min 35sec,720328 (2.881ms),18228 (1%),20758 (~0%),186 (4%),32 (~0%),8 (~0%),15.0,5.0,1.0,3.0,off,off,1.0,1.0
03min 53sec,1050315 (4.201ms),14984 (1%),13116 (~0%),70 (1%),27 (~0%),11 (1%),1.0,10.0,1.0,3.0,off,off,1.0,1.0
03min 49sec,1048514 (4.194ms),18148 (1%),17169 (~0%),234 (5%),27 (~0%),5 (~0%),1.0,16.0,1.0,3.0,off,off,1.0,1.0
03min 34sec,821119 (3.284ms),22169 (1%),26030 (1%),202 (4%),82 (1%),7 (~0%),1.0,5.0,6.0,3.0,off,off,1.0,1.0
03min 34sec,926712 (3.96ms),17126 (1%),20291 (~0%),226 (5%),38 (~0%),2 (~0%),1.0,5.0,1.0,5.0,off,off,1.0,1.0
04min 05sec,1648504 (7.359ms),17182 (1%),16324 (~0%),218 (5%),33 (~0%),3 (~0%),4.0,1.0,1.0,1.0,off,off,1.0,1.0
04min 08sec,1639669 (6.559ms),25224 (2%),18669 (~0%),218 (5%),32 (~0%),3 (~0%),5.0,4.0,1.0,1.0,off,off,1.0,1.0
04min 04sec,1634131 (6.537ms),25559 (2%),22852 (~0%),266 (6%),67 (~0%),2 (~0%),5.0,1.0,4.0,1.0,off,off,1.0,1.0
04min 09sec,933331 (3.733ms),19926 (1%),18757 (~0%),266 (6%),34 (~0%),2 (~0%),5.0,1.0,1.0,4.0,off,off,1.0,1.0
04min 06sec,1656710 (7.396ms),18103 (1%),17270 (~0%),218 (5%),34 (~0%),3 (~0%),5.0,1.0,1.0,1.0,off,off,4.0,1.0
04min 31sec,22489596 (89.958ms),92938 (7%),116624 (4%),218 (5%),167 (2%),3 (~0%),5.0,1.0,1.0,1.0,off,off,1.0,2.0
04min 09sec,1053333 (4.213ms),18890 (1%),17839 (~0%),234 (5%),29 (~0%),5 (~0%),5.0,1.0,1.0,3.0,off,off,1.0,1.0
04min 02sec,1050315 (4.201ms),14984 (1%),13116 (~0%),70 (1%),27 (~0%),11 (1%),1.0,10.0,1.0,3.0,off,off,1.0,1.0
04min 20sec,789392 (3.158ms),58569 (4%),56157 (2%),222 (5%),126 (1%),4 (~0%),1.0,1.0,10.0,3.0,off,off,1.0,1.0
04min 05sec,933301 (3.733ms),18168 (1%),17362 (~0%),266 (6%),30 (~0%),2 (~0%),1.0,1.0,1.0,4.0,off,off,1.0,1.0
04min 10sec,1088284 (4.353ms),18112 (1%),17204 (~0%),234 (5%),28 (~0%),5 (~0%),1.0,1.0,1.0,3.0,off,off,2.0,1.0
04min 25sec,10434312 (41.737ms),90854 (7%),111466 (4%),234 (5%),165 (2%),5 (~0%),1.0,1.0,1.0,3.0,off,off,1.0,4.0
05min 37sec,1053333 (4.213ms),18890 (1%),17839 (~0%),234 (5%),29 (~0%),5 (~0%),5.0,1.0,1.0,3.0,off,off,1.0,1.0
05min 37sec,1053333 (4.213ms),18930 (1%),17878 (~0%),234 (5%),29 (~0%),5 (~0%),6.0,1.0,1.0,3.0,off,off,1.0,1.0
05min 03sec,1050315 (4.201ms),14984 (1%),13116 (~0%),70 (1%),27 (~0%),11 (1%),1.0,10.0,1.0,3.0,off,off,1.0,1.0
05min 25sec,1049115 (4.196ms),15797 (1%),14509 (~0%),86 (1%),27 (~0%),17 (1%),1.0,20.0,1.0,3.0,off,off,1.0,1.0
05min 38sec,789392 (3.158ms),58569 (4%),56157 (2%),222 (5%),126 (1%),4 (~0%),1.0,1.0,10.0,3.0,off,off,1.0,1.0
05min 28sec,770112 (3.305ms),28527 (2%),26416 (1%),206 (4%),36 (~0%),2 (~0%),1.0,1.0,1.0,10.0,off,off,1.0,1.0
05min 37sec,1068064 (4.272ms),18117 (1%),17204 (~0%),234 (5%),28 (~0%),5 (~0%),1.0,1.0,1.0,3.0,off,off,4.0,1.0
05min 33sec,851728 (3.802ms),26100 (2%),23167 (~0%),282 (6%),64 (~0%),4 (~0%),2.0,1.0,4.0,3.0,off,off,1.0,1.0
05min 40sec,837326 (3.349ms),24857 (2%),22935 (~0%),282 (6%),63 (~0%),4 (~0%),2.0,8.0,4.0,3.0,off,off,1.0,1.0
05min 34sec,822992 (3.292ms),40829 (3%),42893 (1%),302 (6%),88 (1%),4 (~0%),2.0,8.0,5.0,3.0,off,off,1.0,1.0
05min 37sec,1034192 (4.137ms),40081 (3%),42547 (1%),286 (6%),89 (1%),3 (~0%),2.0,8.0,5.0,2.0,off,off,1.0,1.0
04min 10sec,1053333 (4.213ms),18841 (1%),17840 (~0%),234 (5%),29 (~0%),5 (~0%),10.0,1.0,1.0,3.0,off,off,1.0,1.0
04min 07sec,1050315 (4.201ms),14984 (1%),13116 (~0%),70 (1%),27 (~0%),11 (1%),1.0,10.0,1.0,3.0,off,off,1.0,1.0
04min 17sec,789392 (3.158ms),58569 (4%),56157 (2%),222 (5%),126 (1%),4 (~0%),1.0,1.0,10.0,3.0,off,off,1.0,1.0
05min 15sec,832512 (3.558ms),19801 (1%),18671 (~0%),306 (7%),30 (~0%),2 (~0%),1.0,1.0,1.0,6.0,off,off,1.0,1.0
04min 11sec,1088284 (4.353ms),18112 (1%),17204 (~0%),234 (5%),28 (~0%),5 (~0%),1.0,1.0,1.0,3.0,off,off,2.0,1.0
04min 35sec,21584712 (86.339ms),100106 (8%),118479 (5%),234 (5%),165 (2%),5 (~0%),1.0,1.0,1.0,3.0,off,off,1.0,2.0
03min 50sec,720328 (2.881ms),18157 (1%),20756 (~0%),186 (4%),32 (~0%),8 (~0%),10.0,5.0,1.0,3.0,off,off,1.0,1.0
04min 08sec,1050315 (4.201ms),14984 (1%),13116 (~0%),70 (1%),27 (~0%),11 (1%),1.0,10.0,1.0,3.0,off,off,1.0,1.0
04min 11sec,1048514 (4.194ms),18148 (1%),17169 (~0%),234 (5%),27 (~0%),5 (~0%),1.0,16.0,1.0,3.0,off,off,1.0,1.0
03min 54sec,801919 (3.208ms),26407 (2%),30910 (1%),194 (4%),126 (1%),7 (~0%),1.0,5.0,10.0,3.0,off,off,1.0,1.0
04min 51sec,1637105 (6.548ms),15351 (1%),17843 (~0%),218 (5%),38 (~0%),3 (~0%),1.0,5.0,1.0,1.0,off,off,1.0,1.0
03min 50sec,2246756 (8.987ms),15729 (1%),17156 (~0%),160 (3%),30 (~0%),8 (~0%),1.0,5.0,1.0,3.0,off,off,1.0,8.0
03min 50sec,1231347 (4.925ms),16576 (1%),19411 (~0%),186 (4%),36 (~0%),8 (~0%),1.0,5.0,1.0,3.0,off,off,4.0,1.0
04min 30sec,1053333 (4.213ms),18890 (1%),17839 (~0%),234 (5%),29 (~0%),5 (~0%),5.0,1.0,1.0,3.0,off,off,1.0,1.0
04min 29sec,1050315 (4.201ms),14984 (1%),13116 (~0%),70 (1%),27 (~0%),11 (1%),1.0,10.0,1.0,3.0,off,off,1.0,1.0
04min 29sec,818191 (3.273ms),41589 (3%),42808 (1%),302 (6%),86 (1%),4 (~0%),1.0,1.0,5.0,3.0,off,off,1.0,1.0
04min 26sec,890112 (3.804ms),19216 (1%),18290 (~0%),286 (6%),30 (~0%),2 (~0%),1.0,1.0,1.0,5.0,off,off,1.0,1.0
04min 27sec,1068064 (4.272ms),18117 (1%),17204 (~0%),234 (5%),28 (~0%),5 (~0%),1.0,1.0,1.0,3.0,off,off,4.0,1.0
04min 34sec,10434312 (41.737ms),90854 (7%),111466 (4%),234 (5%),165 (2%),5 (~0%),1.0,1.0,1.0,3.0,off,off,1.0,4.0
03min 57sec,720328 (2.881ms),18157 (1%),20756 (~0%),186 (4%),32 (~0%),8 (~0%),10.0,5.0,1.0,3.0,off,off,1.0,1.0
04min 01sec,720328 (2.881ms),18221 (1%),20756 (~0%),186 (4%),32 (~0%),8 (~0%),12.0,5.0,1.0,3.0,off,off,1.0,1.0
04min 00sec,720328 (2.881ms),18228 (1%),20758 (~0%),186 (4%),32 (~0%),8 (~0%),15.0,5.0,1.0,3.0,off,off,1.0,1.0
04min 29sec,1050315 (4.201ms),14984 (1%),13116 (~0%),70 (1%),27 (~0%),11 (1%),1.0,10.0,1.0,3.0,off,off,1.0,1.0
04min 29sec,1048514 (4.194ms),18148 (1%),17169 (~0%),234 (5%),27 (~0%),5 (~0%),1.0,16.0,1.0,3.0,off,off,1.0,1.0
04min 29sec,1049115 (4.196ms),15797 (1%),14509 (~0%),86 (1%),27 (~0%),17 (1%),1.0,20.0,1.0,3.0,off,off,1.0,1.0
04min 01sec,1231347 (4.925ms),16576 (1%),19411 (~0%),186 (4%),36 (~0%),8 (~0%),1.0,5.0,1.0,3.0,off,off,4.0,1.0
04min 20sec,1053333 (4.213ms),18890 (1%),17839 (~0%),234 (5%),29 (~0%),5 (~0%),5.0,1.0,1.0,3.0,off,off,1.0,1.0
04min 05sec,1050315 (4.201ms),14984 (1%),13116 (~0%),70 (1%),27 (~0%),11 (1%),1.0,10.0,1.0,3.0,off,off,1.0,1.0
04min 28sec,789392 (3.158ms),58569 (4%),56157 (2%),222 (5%),126 (1%),4 (~0%),1.0,1.0,10.0,3.0,off,off,1.0,1.0
04min 11sec,890112 (3.804ms),19216 (1%),18290 (~0%),286 (6%),30 (~0%),2 (~0%),1.0,1.0,1.0,5.0,off,off,1.0,1.0
04min 21sec,1088284 (4.353ms),18112 (1%),17204 (~0%),234 (5%),28 (~0%),5 (~0%),1.0,1.0,1.0,3.0,off,off,2.0,1.0
04min 30sec,10434312 (41.737ms),90854 (7%),111466 (4%),234 (5%),165 (2%),5 (~0%),1.0,1.0,1.0,3.0,off,off,1.0,4.0
04min 01sec,835535 (3.453ms),22354 (1%),25684 (1%),194 (4%),65 (~0%),7 (~0%),10.0,5.0,5.0,3.0,off,off,1.0,1.0
04min 26sec,822936 (3.292ms),30756 (2%),25820 (1%),302 (6%),68 (~0%),4 (~0%),5.0,16.0,5.0,3.0,off,off,1.0,1.0
04min 01sec,825935 (3.413ms),23491 (1%),26938 (1%),202 (4%),76 (1%),7 (~0%),5.0,5.0,6.0,3.0,off,off,1.0,1.0
04min 01sec,1061135 (4.245ms),21946 (1%),25393 (1%),194 (4%),75 (1%),5 (~0%),5.0,5.0,5.0,2.0,off,off,1.0,1.0
04min 01sec,879166 (3.925ms),22534 (1%),25744 (1%),194 (4%),67 (~0%),7 (~0%),5.0,5.0,5.0,3.0,off,off,4.0,1.0
04min 01sec,3143772 (12.575ms),22010 (1%),23602 (~0%),168 (3%),60 (~0%),7 (~0%),5.0,5.0,5.0,3.0,off,off,1.0,4.0
04min 06sec,1053333 (4.213ms),18890 (1%),17839 (~0%),234 (5%),29 (~0%),5 (~0%),5.0,1.0,1.0,3.0,off,off,1.0,1.0
03min 53sec,1050315 (4.201ms),14984 (1%),13116 (~0%),70 (1%),27 (~0%),11 (1%),1.0,10.0,1.0,3.0,off,off,1.0,1.0
04min 11sec,789392 (3.158ms),58569 (4%),56157 (2%),222 (5%),126 (1%),4 (~0%),1.0,1.0,10.0,3.0,off,off,1.0,1.0
04min 10sec,770112 (3.305ms),28527 (2%),26416 (1%),206 (4%),36 (~0%),2 (~0%),1.0,1.0,1.0,10.0,off,off,1.0,1.0
04min 09sec,1068064 (4.272ms),18117 (1%),17204 (~0%),234 (5%),28 (~0%),5 (~0%),1.0,1.0,1.0,3.0,off,off,4.0,1.0
04min 19sec,10434312 (41.737ms),90854 (7%),111466 (4%),234 (5%),165 (2%),5 (~0%),1.0,1.0,1.0,3.0,off,off,1.0,4.0
03min 44sec,720328 (2.881ms),18157 (1%),20756 (~0%),186 (4%),32 (~0%),8 (~0%),10.0,5.0,1.0,3.0,off,off,1.0,1.0
03min 44sec,720328 (2.881ms),18221 (1%),20756 (~0%),186 (4%),32 (~0%),8 (~0%),12.0,5.0,1.0,3.0,off,off,1.0,1.0
03min 44sec,720328 (2.881ms),18228 (1%),20758 (~0%),186 (4%),32 (~0%),8 (~0%),15.0,5.0,1.0,3.0,off,off,1.0,1.0
03min 59sec,1050315 (4.201ms),14984 (1%),13116 (~0%),70 (1%),27 (~0%),11 (1%),1.0,10.0,1.0,3.0,off,off,1.0,1.0
04min 08sec,1048514 (4.194ms),18148 (1%),17169 (~0%),234 (5%),27 (~0%),5 (~0%),1.0,16.0,1.0,3.0,off,off,1.0,1.0
04min 08sec,1049115 (4.196ms),15797 (1%),14509 (~0%),86 (1%),27 (~0%),17 (1%),1.0,20.0,1.0,3.0,off,off,1.0,1.0
03min 44sec,801919 (3.208ms),26407 (2%),30910 (1%),194 (4%),126 (1%),7 (~0%),1.0,5.0,10.0,3.0,off,off,1.0,1.0
04min 51sec,1637105 (6.548ms),15351 (1%),17843 (~0%),218 (5%),38 (~0%),3 (~0%),1.0,5.0,1.0,1.0,off,off,1.0,1.0
04min 31sec,1053333 (4.213ms),18890 (1%),17839 (~0%),234 (5%),29 (~0%),5 (~0%),5.0,1.0,1.0,3.0,off,off,1.0,1.0
04min 30sec,1055134 (4.221ms),16540 (1%),14025 (~0%),70 (1%),29 (~0%),11 (1%),5.0,10.0,1.0,3.0,off,off,1.0,1.0
04min 28sec,824737 (3.299ms),22487 (1%),19738 (~0%),110 (2%),73 (1%),8 (~0%),5.0,10.0,5.0,3.0,off,off,1.0,1.0
04min 25sec,666335 (2.848ms),23174 (1%),20559 (~0%),126 (2%),73 (1%),5 (~0%),5.0,10.0,5.0,5.0,off,off,1.0,1.0
04min 24sec,720328 (2.881ms),18157 (1%),20756 (~0%),186 (4%),32 (~0%),8 (~0%),10.0,5.0,1.0,3.0,off,off,1.0,1.0
04min 26sec,1050315 (4.201ms),14984 (1%),13116 (~0%),70 (1%),27 (~0%),11 (1%),1.0,10.0,1.0,3.0,off,off,1.0,1.0
04min 19sec,801919 (3.208ms),26407 (2%),30910 (1%),194 (4%),126 (1%),7 (~0%),1.0,5.0,10.0,3.0,off,off,1.0,1.0
04min 51sec,1637105 (6.548ms),15351 (1%),17843 (~0%),218 (5%),38 (~0%),3 (~0%),1.0,5.0,1.0,1.0,off,off,1.0,1.0
04min 15sec,1231347 (4.925ms),16576 (1%),19411 (~0%),186 (4%),36 (~0%),8 (~0%),1.0,5.0,1.0,3.0,off,off,4.0,1.0
04min 09sec,2246756 (8.987ms),15729 (1%),17156 (~0%),160 (3%),30 (~0%),8 (~0%),1.0,5.0,1.0,3.0,off,off,1.0,8.0
04min 47sec,1053333 (4.213ms),18890 (1%),17839 (~0%),234 (5%),29 (~0%),5 (~0%),5.0,1.0,1.0,3.0,off,off,1.0,1.0
04min 57sec,1053333 (4.213ms),18841 (1%),17840 (~0%),234 (5%),29 (~0%),5 (~0%),10.0,1.0,1.0,3.0,off,off,1.0,1.0
04min 38sec,1050315 (4.201ms),14984 (1%),13116 (~0%),70 (1%),27 (~0%),11 (1%),1.0,10.0,1.0,3.0,off,off,1.0,1.0
04min 46sec,1048514 (4.194ms),18148 (1%),17169 (~0%),234 (5%),27 (~0%),5 (~0%),1.0,16.0,1.0,3.0,off,off,1.0,1.0
04min 42sec,1049115 (4.196ms),15797 (1%),14509 (~0%),86 (1%),27 (~0%),17 (1%),1.0,20.0,1.0,3.0,off,off,1.0,1.0
05min 05sec,789392 (3.158ms),58569 (4%),56157 (2%),222 (5%),126 (1%),4 (~0%),1.0,1.0,10.0,3.0,off,off,1.0,1.0
04min 42sec,890112 (3.804ms),19216 (1%),18290 (~0%),286 (6%),30 (~0%),2 (~0%),1.0,1.0,1.0,5.0,off,off,1.0,1.0
04min 53sec,1088284 (4.353ms),18112 (1%),17204 (~0%),234 (5%),28 (~0%),5 (~0%),1.0,1.0,1.0,3.0,off,off,2.0,1.0
05min 06sec,1054144 (4.217ms),24364 (2%),18967 (~0%),234 (5%),29 (~0%),5 (~0%),10.0,4.0,1.0,3.0,off,off,1.0,1.0
04min 38sec,1050315 (4.201ms),14984 (1%),13116 (~0%),70 (1%),27 (~0%),11 (1%),1.0,10.0,1.0,3.0,off,off,1.0,1.0
04min 42sec,1048514 (4.194ms),18148 (1%),17169 (~0%),234 (5%),27 (~0%),5 (~0%),1.0,16.0,1.0,3.0,off,off,1.0,1.0
05min 01sec,857264 (3.429ms),45985 (3%),42821 (1%),250 (5%),64 (~0%),7 (~0%),1.0,4.0,3.0,3.0,off,off,1.0,1.0
04min 46sec,933972 (3.736ms),27595 (2%),19236 (~0%),266 (6%),30 (~0%),2 (~0%),1.0,4.0,1.0,4.0,off,off,1.0,1.0
60min 00sec,,,,,,,1.0,4.0,1.0,3.0,flatten,off,1.0,1.0
05min 02sec,1124524 (4.498ms),23558 (1%),18318 (~0%),234 (5%),28 (~0%),5 (~0%),1.0,4.0,1.0,3.0,off,off,2.0,1.0
05min 02sec,2555852 (10.223ms),23181 (1%),19674 (~0%),234 (5%),30 (~0%),5 (~0%),1.0,4.0,1.0,3.0,off,off,1.0,2.0
04min 28sec,1634128 (6.537ms),17787 (1%),17107 (~0%),218 (5%),32 (~0%),3 (~0%),10.0,1.0,1.0,1.0,off,off,1.0,1.0
03min 28sec,1635902 (6.544ms),49958 (4%),23699 (1%),218 (5%),30 (~0%),3 (~0%),1.0,2.0,1.0,1.0,off,off,1.0,1.0
04min 20sec,1640702 (6.563ms),14148 (1%),12165 (~0%),46 (1%),30 (~0%),11 (1%),1.0,10.0,1.0,1.0,off,off,1.0,1.0
03min 35sec,1634178 (6.537ms),40296 (3%),41835 (1%),286 (6%),89 (1%),2 (~0%),1.0,1.0,5.0,1.0,off,off,1.0,1.0
03min 35sec,890112 (3.804ms),19216 (1%),18290 (~0%),286 (6%),30 (~0%),2 (~0%),1.0,1.0,1.0,5.0,off,off,1.0,1.0
05min 34sec,1648226 (6.593ms),29455 (2%),44711 (1%),288 (6%),31 (~0%),3 (~0%),1.0,1.0,1.0,1.0,off,off,8.0,1.0
03min 49sec,22487029 (89.948ms),105042 (8%),118413 (5%),218 (5%),165 (2%),3 (~0%),1.0,1.0,1.0,1.0,off,off,1.0,2.0
03min 37sec,1053333 (4.213ms),18890 (1%),17839 (~0%),234 (5%),29 (~0%),5 (~0%),5.0,1.0,1.0,3.0,off,off,1.0,1.0
03min 31sec,1050315 (4.201ms),14984 (1%),13116 (~0%),70 (1%),27 (~0%),11 (1%),1.0,10.0,1.0,3.0,off,off,1.0,1.0
03min 45sec,789392 (3.158ms),58569 (4%),56157 (2%),222 (5%),126 (1%),4 (~0%),1.0,1.0,10.0,3.0,off,off,1.0,1.0
03min 39sec,770112 (3.305ms),28527 (2%),26416 (1%),206 (4%),36 (~0%),2 (~0%),1.0,1.0,1.0,10.0,off,off,1.0,1.0
03min 37sec,1068064 (4.272ms),18117 (1%),17204 (~0%),234 (5%),28 (~0%),5 (~0%),1.0,1.0,1.0,3.0,off,off,4.0,1.0
03min 52sec,10434312 (41.737ms),90854 (7%),111466 (4%),234 (5%),165 (2%),5 (~0%),1.0,1.0,1.0,3.0,off,off,1.0,4.0
04min 24sec,1053333 (4.213ms),18890 (1%),17839 (~0%),234 (5%),29 (~0%),5 (~0%),5.0,1.0,1.0,3.0,off,off,1.0,1.0
04min 18sec,1050315 (4.201ms),14984 (1%),13116 (~0%),70 (1%),27 (~0%),11 (1%),1.0,10.0,1.0,3.0,off,off,1.0,1.0
04min 29sec,808591 (3.234ms),43947 (3%),44583 (1%),322 (7%),97 (1%),4 (~0%),1.0,1.0,6.0,3.0,off,off,1.0,1.0
04min 22sec,890112 (3.804ms),19216 (1%),18290 (~0%),286 (6%),30 (~0%),2 (~0%),1.0,1.0,1.0,5.0,off,off,1.0,1.0
04min 25sec,1068064 (4.272ms),18117 (1%),17204 (~0%),234 (5%),28 (~0%),5 (~0%),1.0,1.0,1.0,3.0,off,off,4.0,1.0
04min 30sec,10434312 (41.737ms),90854 (7%),111466 (4%),234 (5%),165 (2%),5 (~0%),1.0,1.0,1.0,3.0,off,off,1.0,4.0
04min 28sec,1634133 (6.537ms),23870 (2%),21223 (~0%),234 (5%),54 (~0%),5 (~0%),3.0,1.0,3.0,1.0,off,off,1.0,1.0
04min 28sec,1648583 (7.36ms),36548 (3%),38791 (1%),234 (5%),70 (1%),5 (~0%),4.0,1.0,3.0,1.0,off,off,1.0,1.0
04min 27sec,1634781 (6.539ms),46592 (3%),42189 (1%),234 (5%),67 (~0%),5 (~0%),1.0,4.0,3.0,1.0,off,off,1.0,1.0
04min 21sec,1634180 (6.537ms),34546 (2%),38225 (1%),234 (5%),67 (~0%),5 (~0%),1.0,8.0,3.0,1.0,off,off,1.0,1.0
04min 05sec,1634101 (6.536ms),19026 (1%),17813 (~0%),218 (5%),41 (~0%),4 (~0%),1.0,1.0,2.0,1.0,off,off,1.0,1.0
04min 22sec,741380 (2.966ms),37043 (3%),39320 (1%),282 (6%),64 (~0%),4 (~0%),1.0,1.0,3.0,4.0,off,off,1.0,1.0
04min 28sec,1677814 (6.933ms),36332 (3%),38695 (1%),234 (5%),68 (~0%),5 (~0%),1.0,1.0,3.0,1.0,off,off,2.0,1.0
03min 52sec,1053333 (4.213ms),18890 (1%),17839 (~0%),234 (5%),29 (~0%),5 (~0%),5.0,1.0,1.0,3.0,off,off,1.0,1.0
03min 52sec,1053333 (4.213ms),18930 (1%),17878 (~0%),234 (5%),29 (~0%),5 (~0%),6.0,1.0,1.0,3.0,off,off,1.0,1.0
03min 41sec,1050315 (4.201ms),14984 (1%),13116 (~0%),70 (1%),27 (~0%),11 (1%),1.0,10.0,1.0,3.0,off,off,1.0,1.0
03min 50sec,1048514 (4.194ms),18148 (1%),17169 (~0%),234 (5%),27 (~0%),5 (~0%),1.0,16.0,1.0,3.0,off,off,1.0,1.0
04min 09sec,789392 (3.158ms),58569 (4%),56157 (2%),222 (5%),126 (1%),4 (~0%),1.0,1.0,10.0,3.0,off,off,1.0,1.0
03min 40sec,890112 (3.804ms),19216 (1%),18290 (~0%),286 (6%),30 (~0%),2 (~0%),1.0,1.0,1.0,5.0,off,off,1.0,1.0
03min 52sec,1088284 (4.353ms),18112 (1%),17204 (~0%),234 (5%),28 (~0%),5 (~0%),1.0,1.0,1.0,3.0,off,off,2.0,1.0
04min 17sec,1053333 (4.213ms),18890 (1%),17839 (~0%),234 (5%),29 (~0%),5 (~0%),5.0,1.0,1.0,3.0,off,off,1.0,1.0
04min 12sec,1050315 (4.201ms),14984 (1%),13116 (~0%),70 (1%),27 (~0%),11 (1%),1.0,10.0,1.0,3.0,off,off,1.0,1.0
04min 20sec,890112 (3.804ms),19216 (1%),18290 (~0%),286 (6%),30 (~0%),2 (~0%),1.0,1.0,1.0,5.0,off,off,1.0,1.0
04min 23sec,1068064 (4.272ms),18117 (1%),17204 (~0%),234 (5%),28 (~0%),5 (~0%),1.0,1.0,1.0,3.0,off,off,4.0,1.0
04min 37sec,789392 (3.158ms),58569 (4%),56157 (2%),222 (5%),126 (1%),4 (~0%),1.0,1.0,10.0,3.0,off,off,1.0,1.0
04min 43sec,10434312 (41.737ms),90854 (7%),111466 (4%),234 (5%),165 (2%),5 (~0%),1.0,1.0,1.0,3.0,off,off,1.0,4.0
04min 17sec,1049115 (4.196ms),15797 (1%),14509 (~0%),86 (1%),27 (~0%),17 (1%),1.0,20.0,1.0,3.0,off,off,1.0,1.0
03min 59sec,720328 (2.881ms),18157 (1%),20756 (~0%),186 (4%),32 (~0%),8 (~0%),10.0,5.0,1.0,3.0,off,off,1.0,1.0
04min 17sec,1050315 (4.201ms),14984 (1%),13116 (~0%),70 (1%),27 (~0%),11 (1%),1.0,10.0,1.0,3.0,off,off,1.0,1.0
04min 21sec,1048514 (4.194ms),18148 (1%),17169 (~0%),234 (5%),27 (~0%),5 (~0%),1.0,16.0,1.0,3.0,off,off,1.0,1.0
04min 02sec,797119 (3.188ms),28581 (2%),33381 (1%),202 (4%),148 (2%),7 (~0%),1.0,5.0,12.0,3.0,off,off,1.0,1.0
03min 53sec,974705 (3.899ms),16235 (1%),19110 (~0%),202 (4%),38 (~0%),6 (~0%),1.0,5.0,1.0,4.0,off,off,1.0,1.0
03min 59sec,1231347 (4.925ms),16576 (1%),19411 (~0%),186 (4%),36 (~0%),8 (~0%),1.0,5.0,1.0,3.0,off,off,4.0,1.0
04min 17sec,1053333 (4.213ms),18890 (1%),17839 (~0%),234 (5%),29 (~0%),5 (~0%),5.0,1.0,1.0,3.0,off,off,1.0,1.0
04min 17sec,1053333 (4.213ms),18930 (1%),17878 (~0%),234 (5%),29 (~0%),5 (~0%),6.0,1.0,1.0,3.0,off,off,1.0,1.0
04min 15sec,1055134 (4.221ms),16596 (1%),14066 (~0%),70 (1%),29 (~0%),11 (1%),6.0,10.0,1.0,3.0,off,off,1.0,1.0
04min 26sec,1053333 (4.213ms),19617 (1%),18019 (~0%),234 (5%),29 (~0%),5 (~0%),6.0,16.0,1.0,3.0,off,off,1.0,1.0
04min 25sec,890131 (3.804ms),21382 (1%),19346 (~0%),286 (6%),32 (~0%),2 (~0%),6.0,16.0,1.0,5.0,off,off,1.0,1.0
03min 50sec,720328 (2.881ms),18157 (1%),20756 (~0%),186 (4%),32 (~0%),8 (~0%),10.0,5.0,1.0,3.0,off,off,1.0,1.0
03min 58sec,1050315 (4.201ms),14984 (1%),13116 (~0%),70 (1%),27 (~0%),11 (1%),1.0,10.0,1.0,3.0,off,off,1.0,1.0
04min 03sec,1048514 (4.194ms),18148 (1%),17169 (~0%),234 (5%),27 (~0%),5 (~0%),1.0,16.0,1.0,3.0,off,off,1.0,1.0
03min 48sec,801919 (3.208ms),26407 (2%),30910 (1%),194 (4%),126 (1%),7 (~0%),1.0,5.0,10.0,3.0,off,off,1.0,1.0
04min 51sec,1637105 (6.548ms),15351 (1%),17843 (~0%),218 (5%),38 (~0%),3 (~0%),1.0,5.0,1.0,1.0,off,off,1.0,1.0
03min 48sec,1231347 (4.925ms),16576 (1%),19411 (~0%),186 (4%),36 (~0%),8 (~0%),1.0,5.0,1.0,3.0,off,off,4.0,1.0
03min 48sec,5703116 (22.812ms),15749 (1%),17162 (~0%),160 (3%),30 (~0%),8 (~0%),1.0,5.0,1.0,3.0,off,off,1.0,2.0
03min 19sec,1634101 (6.536ms),16207 (1%),16011 (~0%),218 (5%),30 (~0%),3 (~0%),1.0,1.0,1.0,1.0,off,off,1.0,1.0
03min 49sec,1634177 (6.537ms),87360 (7%),77958 (3%),226 (5%),254 (3%),2 (~0%),1.0,1.0,20.0,1.0,off,off,1.0,1.0
06min 37sec,1634101 (6.536ms),167634 (14%),115511 (4%),246 (5%),349 (5%),2 (~0%),1.0,1.0,30.0,1.0,off,off,1.0,1.0
03min 10sec,1634101 (6.536ms),16207 (1%),16011 (~0%),218 (5%),30 (~0%),3 (~0%),60.0,1.0,1.0,1.0,off,off,1.0,1.0
05min 40sec,4778101 (22.019ms),124479 (10%),64655 (2%),186 (4%),19 (~0%),2 (~0%),1.0,1.0,60.0,1.0,off,off,1.0,1.0
06min 21sec,1634101 (6.536ms),167634 (14%),115511 (4%),246 (5%),349 (5%),2 (~0%),1.0,1.0,30.0,1.0,off,off,1.0,1.0
03min 13sec,1634128 (6.537ms),17847 (1%),17112 (~0%),218 (5%),32 (~0%),3 (~0%),30.0,1.0,1.0,1.0,off,off,1.0,1.0
03min 15sec,1639502 (6.558ms),14898 (1%),13560 (~0%),62 (1%),30 (~0%),19 (1%),60.0,20.0,1.0,1.0,off,off,1.0,1.0
03min 10sec,1634101 (6.536ms),15869 (1%),15743 (~0%),218 (5%),30 (~0%),3 (~0%),60.0,8.0,1.0,1.0,off,off,1.0,1.0
03min 30sec,1634179 (6.537ms),54228 (4%),55048 (2%),206 (4%),129 (1%),2 (~0%),60.0,8.0,10.0,1.0,off,off,1.0,1.0
06min 23sec,1634101 (6.536ms),149016 (12%),114936 (4%),246 (5%),341 (4%),2 (~0%),60.0,8.0,30.0,1.0,off,off,1.0,1.0
05min 53sec,4773301 (21.997ms),105976 (8%),64859 (2%),186 (4%),19 (~0%),2 (~0%),60.0,8.0,60.0,1.0,off,off,1.0,1.0
08min 15sec,1634101 (6.536ms),149016 (12%),114936 (4%),246 (5%),341 (4%),2 (~0%),60.0,8.0,30.0,1.0,off,off,1.0,1.0
10min 59sec,1634101 (6.536ms),149016 (12%),114936 (4%),246 (5%),341 (4%),2 (~0%),60.0,8.0,30.0,1.0,off,off,1.0,1.0
12min 06sec,1634101 (6.536ms),167634 (14%),115511 (4%),246 (5%),349 (5%),2 (~0%),1.0,1.0,30.0,1.0,off,off,1.0,1.0
06min 47sec,1634101 (6.536ms),149016 (12%),114936 (4%),246 (5%),341 (4%),2 (~0%),60.0,8.0,30.0,1.0,off,off,1.0,1.0
06min 04sec,1634101 (6.536ms),149016 (12%),114936 (4%),246 (5%),341 (4%),2 (~0%),60.0,8.0,30.0,1.0,off,off,1.0,1.0
02min 52sec,1639502 (6.558ms),14898 (1%),13560 (~0%),62 (1%),30 (~0%),19 (1%),1.0,20.0,1.0,1.0,off,off,1.0,1.0
03min 40sec,1634167 (6.537ms),72244 (6%),66506 (2%),216 (5%),199 (2%),2 (~0%),1.0,1.0,15.0,1.0,off,off,1.0,1.0
03min 21sec,1634101 (6.536ms),16207 (1%),16011 (~0%),218 (5%),30 (~0%),3 (~0%),60.0,1.0,1.0,1.0,off,off,1.0,1.0
03min 05sec,1634128 (6.537ms),17832 (1%),17116 (~0%),218 (5%),32 (~0%),3 (~0%),12.0,1.0,1.0,1.0,off,off,1.0,1.0
03min 06sec,1634101 (6.536ms),16930 (1%),16180 (~0%),218 (5%),30 (~0%),3 (~0%),60.0,16.0,1.0,1.0,off,off,1.0,1.0
05min 47sec,1634101 (6.536ms),149016 (12%),114936 (4%),246 (5%),341 (4%),2 (~0%),60.0,8.0,30.0,1.0,off,off,1.0,1.0
06min 23sec,1634101 (6.536ms),168379 (14%),115626 (4%),246 (5%),349 (5%),2 (~0%),60.0,16.0,30.0,1.0,off,off,1.0,1.0
03min 31sec,1634178 (6.537ms),58295 (4%),55874 (2%),206 (4%),144 (2%),2 (~0%),60.0,16.0,10.0,1.0,off,off,1.0,1.0
03min 26sec,722111 (3.113ms),42116 (3%),37923 (1%),226 (5%),56 (~0%),2 (~0%),60.0,1.0,1.0,20.0,off,off,1.0,1.0
03min 59sec,453377 (1.954ms),93535 (7%),84830 (3%),224 (5%),196 (2%),1 (~0%),60.0,1.0,15.0,20.0,off,off,1.0,1.0
03min 48sec,453377 (1.954ms),88741 (7%),84616 (3%),224 (5%),196 (2%),1 (~0%),60.0,8.0,15.0,20.0,off,off,1.0,1.0
03min 15sec,453977 (1.957ms),63908 (5%),65720 (2%),252 (5%),196 (2%),9 (~0%),60.0,20.0,15.0,20.0,off,off,1.0,1.0
04min 34sec,444311 (1.915ms),112622 (9%),92787 (3%),162 (3%),346 (5%),9 (~0%),60.0,20.0,30.0,20.0,off,off,1.0,1.0
05min 31sec,357901 (1.529ms),158231 (13%),134712 (5%),122 (2%),603 (8%),9 (~0%),60.0,20.0,30.0,60.0,off,off,1.0,1.0
40min 00sec,,,,,,,60.0,20.0,60.0,60.0,off,off,1.0,1.0
40min 00sec,,,,,,,60.0,20.0,30.0,60.0,off,flatten,1.0,1.0
40min 00sec,,,,,,,60.0,20.0,30.0,60.0,flatten,off,1.0,1.0
04min 56sec,420301 (1.812ms),118990 (10%),99289 (4%),182 (4%),346 (5%),9 (~0%),60.0,20.0,30.0,30.0,off,off,1.0,1.0
04min 48sec,444301 (1.907ms),105284 (8%),85197 (3%),272 (6%),346 (5%),9 (~0%),60.0,20.0,30.0,15.0,off,off,1.0,1.0
04min 55sec,420301 (1.812ms),118990 (10%),99289 (4%),182 (4%),346 (5%),9 (~0%),60.0,20.0,30.0,30.0,off,off,1.0,1.0
04min 39sec,463512 (1.989ms),104416 (8%),84317 (3%),242 (5%),346 (5%),9 (~0%),60.0,20.0,30.0,12.0,off,off,1.0,1.0
04min 28sec,492312 (2.113ms),103580 (8%),83472 (3%),222 (5%),346 (5%),9 (~0%),60.0,20.0,30.0,10.0,off,off,1.0,1.0
04min 39sec,444311 (1.915ms),112622 (9%),92787 (3%),162 (3%),346 (5%),9 (~0%),60.0,20.0,30.0,20.0,off,off,1.0,1.0
03min 04sec,1634101 (6.536ms),16207 (1%),16011 (~0%),218 (5%),30 (~0%),3 (~0%),1.0,1.0,1.0,1.0,off,off,1.0,1.0
03min 00sec,1634101 (6.536ms),16207 (1%),16011 (~0%),218 (5%),30 (~0%),3 (~0%),60.0,1.0,1.0,1.0,off,off,1.0,1.0
02min 53sec,1634101 (6.536ms),16207 (1%),16011 (~0%),218 (5%),30 (~0%),3 (~0%),60.0,1.0,1.0,1.0,off,off,1.0,1.0
02min 59sec,1639502 (6.558ms),14898 (1%),13560 (~0%),62 (1%),30 (~0%),19 (1%),1.0,20.0,1.0,1.0,off,off,1.0,1.0
02min 56sec,1634101 (6.536ms),16207 (1%),16011 (~0%),218 (5%),30 (~0%),3 (~0%),1.0,80.0,1.0,1.0,off,off,1.0,1.0
04min 21sec,1639501 (6.558ms),99509 (8%),79611 (3%),122 (2%),349 (5%),14 (1%),1.0,20.0,30.0,1.0,off,off,1.0,1.0
03min 59sec,4783501 (22.044ms),64636 (5%),44469 (1%),62 (1%),19 (~0%),14 (1%),1.0,20.0,60.0,1.0,off,off,1.0,1.0
03min 29sec,1634177 (6.537ms),87360 (7%),77958 (3%),226 (5%),254 (3%),2 (~0%),1.0,80.0,20.0,1.0,off,off,1.0,1.0
05min 14sec,4778101 (22.019ms),124479 (10%),64655 (2%),186 (4%),19 (~0%),2 (~0%),1.0,80.0,60.0,1.0,off,off,1.0,1.0
02min 52sec,1634101 (6.536ms),15869 (1%),15743 (~0%),218 (5%),30 (~0%),3 (~0%),1.0,8.0,1.0,1.0,off,off,1.0,1.0
02min 55sec,1634128 (6.537ms),17847 (1%),17112 (~0%),218 (5%),32 (~0%),3 (~0%),30.0,1.0,1.0,1.0,off,off,1.0,1.0
03min 58sec,448587 (1.934ms),102347 (8%),96053 (4%),234 (5%),251 (3%),1 (~0%),1.0,8.0,20.0,20.0,off,off,1.0,1.0
03min 27sec,449187 (1.936ms),77359 (6%),78401 (3%),142 (3%),251 (3%),9 (~0%),1.0,20.0,20.0,20.0,off,off,1.0,1.0
04min 13sec,3521111 (16.078ms),82731 (6%),61991 (2%),102 (2%),56 (~0%),9 (~0%),1.0,20.0,60.0,20.0,off,off,1.0,1.0
03min 47sec,362777 (1.55ms),110564 (9%),114930 (4%),102 (2%),528 (7%),9 (~0%),1.0,20.0,20.0,60.0,off,off,1.0,1.0
40min 00sec,,,,,,,1.0,20.0,60.0,60.0,off,off,1.0,1.0
05min 00sec,357901 (1.529ms),158231 (13%),134712 (5%),122 (2%),603 (8%),9 (~0%),1.0,20.0,30.0,60.0,off,off,1.0,1.0
05min 00sec,362727 (1.55ms),161928 (13%),136348 (5%),122 (2%),605 (8%),9 (~0%),3.0,20.0,30.0,60.0,off,off,1.0,1.0
04min 26sec,444311 (1.915ms),112622 (9%),92787 (3%),162 (3%),346 (5%),9 (~0%),1.0,20.0,30.0,20.0,off,off,1.0,1.0
05min 02sec,362727 (1.55ms),161967 (13%),136433 (5%),122 (2%),605 (8%),9 (~0%),6.0,20.0,30.0,60.0,off,off,1.0,1.0
04min 57sec,362727 (1.55ms),161113 (13%),136090 (5%),122 (2%),605 (8%),9 (~0%),10.0,20.0,30.0,60.0,off,off,1.0,1.0
05min 00sec,362702 (1.55ms),160552 (13%),135229 (5%),122 (2%),604 (8%),9 (~0%),2.0,20.0,30.0,60.0,off,off,1.0,1.0
04min 59sec,362702 (1.55ms),160552 (13%),135229 (5%),122 (2%),604 (8%),9 (~0%),2.0,20.0,30.0,60.0,off,off,1.0,1.0
04min 41sec,434704 (1.941ms),119835 (10%),99606 (4%),182 (4%),349 (5%),9 (~0%),2.0,20.0,30.0,30.0,off,off,1.0,1.0
05min 06sec,362702 (1.55ms),160552 (13%),135229 (5%),122 (2%),604 (8%),9 (~0%),2.0,20.0,30.0,60.0,off,off,1.0,1.0
07min 19sec,357301 (1.527ms),251384 (21%),185694 (7%),214 (4%),603 (8%),1 (~0%),1.0,80.0,30.0,60.0,off,off,1.0,1.0
07min 30sec,362127 (1.548ms),254453 (21%),187580 (7%),214 (4%),605 (8%),1 (~0%),6.0,80.0,30.0,60.0,off,off,1.0,1.0
07min 27sec,357301 (1.527ms),251384 (21%),185694 (7%),214 (4%),603 (8%),1 (~0%),1.0,80.0,30.0,60.0,off,off,1.0,1.0
04min 32sec,362177 (1.548ms),158485 (13%),142725 (6%),194 (4%),528 (7%),1 (~0%),1.0,80.0,20.0,60.0,off,off,1.0,1.0
04min 43sec,482195 (2.061ms),174780 (14%),153698 (6%),194 (4%),590 (8%),1 (~0%),6.0,80.0,20.0,60.0,off,off,1.0,1.0
07min 26sec,362127 (1.548ms),254406 (21%),187575 (7%),214 (4%),605 (8%),1 (~0%),12.0,80.0,30.0,60.0,off,off,1.0,1.0
04min 40sec,3501902 (15.99ms),95666 (8%),72447 (3%),122 (2%),91 (1%),9 (~0%),2.0,20.0,60.0,30.0,off,off,1.0,1.0
06min 16sec,443711 (1.913ms),189195 (16%),133835 (5%),254 (5%),346 (5%),1 (~0%),1.0,80.0,30.0,20.0,off,off,1.0,1.0
07min 23sec,362127 (1.548ms),254453 (21%),187580 (7%),214 (4%),605 (8%),1 (~0%),6.0,80.0,30.0,60.0,off,off,1.0,1.0
04min 59sec,362727 (1.55ms),161928 (13%),136348 (5%),122 (2%),605 (8%),9 (~0%),3.0,20.0,30.0,60.0,off,off,1.0,1.0
03min 52sec,381979 (1.632ms),106228 (8%),108765 (4%),162 (3%),559 (8%),9 (~0%),2.0,20.0,10.0,60.0,off,off,1.0,1.0
07min 31sec,362127 (1.548ms),254453 (21%),187580 (7%),214 (4%),605 (8%),1 (~0%),6.0,80.0,30.0,60.0,off,off,1.0,1.0
07min 44sec,362127 (1.548ms),253457 (21%),186989 (7%),214 (4%),605 (8%),1 (~0%),10.0,80.0,30.0,60.0,off,off,1.0,1.0
07min 32sec,362127 (1.548ms),254453 (21%),187580 (7%),214 (4%),605 (8%),1 (~0%),6.0,80.0,30.0,60.0,off,off,1.0,1.0
07min 45sec,357301 (1.527ms),252355 (21%),185858 (7%),214 (4%),603 (8%),1 (~0%),1.0,16.0,30.0,60.0,off,off,1.0,1.0
07min 44sec,362127 (1.548ms),256327 (21%),187946 (7%),214 (4%),605 (8%),1 (~0%),6.0,16.0,30.0,60.0,off,off,1.0,1.0
07min 15sec,362102 (1.547ms),252850 (21%),186154 (7%),214 (4%),604 (8%),1 (~0%),2.0,80.0,30.0,60.0,off,off,1.0,1.0
07min 42sec,362102 (1.547ms),254572 (21%),186393 (7%),214 (4%),604 (8%),1 (~0%),2.0,16.0,30.0,60.0,off,off,1.0,1.0
07min 10sec,362102 (1.547ms),252850 (21%),186154 (7%),214 (4%),604 (8%),1 (~0%),2.0,80.0,30.0,60.0,off,off,1.0,1.0
07min 17sec,362102 (1.547ms),252850 (21%),186154 (7%),214 (4%),604 (8%),1 (~0%),2.0,80.0,30.0,60.0,off,off,1.0,1.0
07min 11sec,357301 (1.527ms),251384 (21%),185694 (7%),214 (4%),603 (8%),1 (~0%),1.0,80.0,30.0,60.0,off,off,1.0,1.0
04min 16sec,366967 (1.568ms),147100 (12%),135429 (5%),184 (4%),528 (7%),1 (~0%),1.0,80.0,15.0,60.0,off,off,1.0,1.0
06min 33sec,414901 (1.788ms),199869 (16%),142901 (6%),274 (6%),346 (5%),1 (~0%),1.0,80.0,30.0,30.0,off,off,1.0,1.0
03min 09sec,1634101 (6.536ms),16207 (1%),16011 (~0%),218 (5%),30 (~0%),3 (~0%),1.0,1.0,1.0,1.0,off,off,1.0,1.0
03min 26sec,1634167 (6.537ms),72244 (6%),66506 (2%),216 (5%),199 (2%),2 (~0%),1.0,1.0,15.0,1.0,off,off,1.0,1.0
03min 00sec,1634101 (6.536ms),16930 (1%),16180 (~0%),218 (5%),30 (~0%),3 (~0%),1.0,16.0,1.0,1.0,off,off,1.0,1.0
03min 38sec,698101 (3.009ms),57763 (4%),50648 (2%),246 (5%),90 (1%),2 (~0%),1.0,16.0,1.0,30.0,off,off,1.0,1.0
03min 33sec,693301 (2.988ms),57072 (4%),50477 (2%),246 (5%),90 (1%),2 (~0%),1.0,80.0,1.0,30.0,off,off,1.0,1.0
07min 02sec,414901 (1.788ms),199869 (16%),142901 (6%),274 (6%),346 (5%),1 (~0%),1.0,80.0,30.0,30.0,off,off,1.0,1.0
07min 16sec,419728 (1.809ms),202055 (17%),144653 (6%),274 (6%),348 (5%),1 (~0%),6.0,80.0,30.0,30.0,off,off,1.0,1.0
07min 11sec,419728 (1.809ms),201225 (17%),144104 (6%),274 (6%),348 (5%),1 (~0%),10.0,80.0,30.0,30.0,off,off,1.0,1.0
07min 12sec,434104 (1.938ms),200561 (16%),143213 (6%),274 (6%),349 (5%),1 (~0%),2.0,80.0,30.0,30.0,off,off,1.0,1.0
07min 10sec,419728 (1.809ms),202055 (17%),144653 (6%),274 (6%),348 (5%),1 (~0%),6.0,80.0,30.0,30.0,off,off,1.0,1.0
07min 11sec,419728 (1.809ms),202055 (17%),144653 (6%),274 (6%),348 (5%),1 (~0%),6.0,80.0,30.0,30.0,off,off,1.0,1.0
07min 12sec,419728 (1.809ms),202055 (17%),144653 (6%),274 (6%),348 (5%),1 (~0%),6.0,80.0,30.0,30.0,off,off,1.0,1.0
07min 06sec,419728 (1.809ms),202055 (17%),144653 (6%),274 (6%),348 (5%),1 (~0%),6.0,80.0,30.0,30.0,off,off,1.0,1.0
07min 05sec,419728 (1.809ms),202055 (17%),144653 (6%),274 (6%),348 (5%),1 (~0%),6.0,80.0,30.0,30.0,off,off,1.0,1.0
07min 13sec,419728 (1.809ms),202030 (17%),144654 (6%),274 (6%),348 (5%),1 (~0%),3.0,80.0,30.0,30.0,off,off,1.0,1.0
07min 09sec,419728 (1.809ms),202055 (17%),144653 (6%),274 (6%),348 (5%),1 (~0%),6.0,80.0,30.0,30.0,off,off,1.0,1.0
07min 10sec,419728 (1.809ms),202030 (17%),144654 (6%),274 (6%),348 (5%),1 (~0%),3.0,80.0,30.0,30.0,off,off,1.0,1.0
07min 09sec,419728 (1.809ms),202030 (17%),144654 (6%),274 (6%),348 (5%),1 (~0%),3.0,80.0,30.0,30.0,off,off,1.0,1.0
07min 14sec,419728 (1.809ms),202030 (17%),144654 (6%),274 (6%),348 (5%),1 (~0%),3.0,80.0,30.0,30.0,off,off,1.0,1.0
07min 12sec,419728 (1.809ms),202030 (17%),144654 (6%),274 (6%),348 (5%),1 (~0%),3.0,80.0,30.0,30.0,off,off,1.0,1.0
07min 07sec,419728 (1.809ms),202030 (17%),144654 (6%),274 (6%),348 (5%),1 (~0%),3.0,80.0,30.0,30.0,off,off,1.0,1.0
07min 16sec,419728 (1.809ms),202030 (17%),144654 (6%),274 (6%),348 (5%),1 (~0%),3.0,80.0,30.0,30.0,off,off,1.0,1.0
06min 05sec,3496501 (15.966ms),165963 (14%),99886 (4%),214 (4%),90 (1%),1 (~0%),1.0,80.0,60.0,30.0,off,off,1.0,1.0
07min 42sec,357301 (1.527ms),251384 (21%),185694 (7%),214 (4%),603 (8%),1 (~0%),1.0,80.0,30.0,60.0,off,off,1.0,1.0
08min 06sec,357301 (1.527ms),252355 (21%),185858 (7%),214 (4%),603 (8%),1 (~0%),1.0,16.0,30.0,60.0,off,off,1.0,1.0
08min 02sec,362127 (1.548ms),254453 (21%),187580 (7%),214 (4%),605 (8%),1 (~0%),6.0,80.0,30.0,60.0,off,off,1.0,1.0
07min 48sec,362102 (1.547ms),252879 (21%),186151 (7%),214 (4%),604 (8%),1 (~0%),4.0,80.0,30.0,60.0,off,off,1.0,1.0
07min 43sec,362102 (1.547ms),252879 (21%),186151 (7%),214 (4%),604 (8%),1 (~0%),4.0,80.0,30.0,60.0,off,off,1.0,1.0
07min 43sec,362127 (1.548ms),254453 (21%),187580 (7%),214 (4%),605 (8%),1 (~0%),6.0,80.0,30.0,60.0,off,off,1.0,1.0
08min 00sec,362127 (1.548ms),253457 (21%),186989 (7%),214 (4%),605 (8%),1 (~0%),10.0,80.0,30.0,60.0,off,off,1.0,1.0
05min 18sec,357901 (1.529ms),158231 (13%),134712 (5%),122 (2%),603 (8%),9 (~0%),1.0,20.0,30.0,60.0,off,off,1.0,1.0
05min 27sec,362727 (1.55ms),161068 (13%),136364 (5%),122 (2%),605 (8%),9 (~0%),12.0,20.0,30.0,60.0,off,off,1.0,1.0
08min 16sec,362127 (1.548ms),254453 (21%),187580 (7%),214 (4%),605 (8%),1 (~0%),6.0,80.0,30.0,60.0,off,off,1.0,1.0
05min 33sec,362727 (1.55ms),160376 (13%),136026 (5%),122 (2%),605 (8%),9 (~0%),10.0,20.0,30.0,60.0,off,off,1.0,1.0
08min 12sec,362102 (1.547ms),252879 (21%),186151 (7%),214 (4%),604 (8%),1 (~0%),4.0,80.0,30.0,60.0,off,off,1.0,1.0
05min 32sec,362727 (1.55ms),161115 (13%),136368 (5%),122 (2%),605 (8%),9 (~0%),6.0,20.0,30.0,60.0,off,off,1.0,1.0
06min 56sec,462912 (1.987ms),180656 (15%),126388 (5%),238 (5%),346 (5%),1 (~0%),1.0,80.0,30.0,12.0,off,off,1.0,1.0
08min 23sec,362127 (1.548ms),254430 (21%),187568 (7%),214 (4%),605 (8%),1 (~0%),3.0,80.0,30.0,60.0,off,off,1.0,1.0
04min 39sec,376579 (1.609ms),135837 (11%),128251 (5%),174 (4%),513 (7%),1 (~0%),1.0,80.0,10.0,60.0,off,off,1.0,1.0
08min 17sec,362127 (1.548ms),254453 (21%),187580 (7%),214 (4%),605 (8%),1 (~0%),6.0,80.0,30.0,60.0,off,off,1.0,1.0
08min 06sec,362102 (1.547ms),252850 (21%),186154 (7%),214 (4%),604 (8%),1 (~0%),2.0,80.0,30.0,60.0,off,off,1.0,1.0
04min 27sec,1634128 (6.537ms),17877 (1%),17117 (~0%),218 (5%),32 (~0%),3 (~0%),6.0,1.0,1.0,1.0,off,off,1.0,1.0
04min 28sec,1634128 (6.537ms),17787 (1%),17107 (~0%),218 (5%),32 (~0%),3 (~0%),10.0,1.0,1.0,1.0,off,off,1.0,1.0
04min 20sec,1634702 (6.539ms),27420 (2%),18223 (~0%),218 (5%),30 (~0%),3 (~0%),1.0,4.0,1.0,1.0,off,off,1.0,1.0
04min 20sec,1640702 (6.563ms),14148 (1%),12165 (~0%),46 (1%),30 (~0%),11 (1%),1.0,10.0,1.0,1.0,off,off,1.0,1.0
04min 39sec,1634179 (6.537ms),57186 (4%),55178 (2%),206 (4%),129 (1%),2 (~0%),1.0,1.0,10.0,1.0,off,off,1.0,1.0
05min 21sec,1638928 (6.556ms),17545 (1%),16854 (~0%),218 (5%),32 (~0%),3 (~0%),10.0,8.0,1.0,1.0,off,off,1.0,1.0
05min 18sec,1634128 (6.537ms),17563 (1%),16935 (~0%),218 (5%),32 (~0%),3 (~0%),12.0,8.0,1.0,1.0,off,off,1.0,1.0
05min 20sec,1638928 (6.556ms),17604 (1%),16863 (~0%),218 (5%),32 (~0%),3 (~0%),15.0,8.0,1.0,1.0,off,off,1.0,1.0
05min 25sec,1634179 (6.537ms),54228 (4%),55048 (2%),206 (4%),129 (1%),2 (~0%),1.0,8.0,10.0,1.0,off,off,1.0,1.0
05min 34sec,1634167 (6.537ms),67462 (5%),66302 (2%),216 (5%),199 (2%),2 (~0%),1.0,8.0,15.0,1.0,off,off,1.0,1.0
05min 24sec,770112 (3.305ms),28180 (2%),26153 (1%),206 (4%),36 (~0%),2 (~0%),1.0,8.0,1.0,10.0,off,off,1.0,1.0
05min 15sec,1648504 (7.359ms),17167 (1%),16324 (~0%),218 (5%),33 (~0%),3 (~0%),2.0,1.0,1.0,1.0,off,off,1.0,1.0
05min 12sec,1634128 (6.537ms),17852 (1%),17118 (~0%),218 (5%),32 (~0%),3 (~0%),3.0,1.0,1.0,1.0,off,off,1.0,1.0
04min 51sec,1637105 (6.548ms),15351 (1%),17843 (~0%),218 (5%),38 (~0%),3 (~0%),1.0,5.0,1.0,1.0,off,off,1.0,1.0
05min 16sec,1634180 (6.537ms),35735 (3%),38430 (1%),234 (5%),67 (~0%),5 (~0%),1.0,1.0,3.0,1.0,off,off,1.0,1.0
05min 15sec,832512 (3.558ms),19801 (1%),18671 (~0%),306 (7%),30 (~0%),2 (~0%),1.0,1.0,1.0,6.0,off,off,1.0,1.0
30min 20sec,21677 (0.087ms),286344 (24%),248400 (10%),154 (3%),676 (9%),1 (~0%),1.0,1.0,1.0,1.0,off,flatten,1.0,1.0
03min 44sec,770131 (3.305ms),29713 (2%),27118 (1%),206 (4%),38 (~0%),2 (~0%),3.0,8.0,1.0,10.0,off,off,1.0,1.0
03min 38sec,770113 (3.305ms),29156 (2%),26492 (1%),206 (4%),38 (~0%),2 (~0%),4.0,8.0,1.0,10.0,off,off,1.0,1.0
03min 44sec,770131 (3.305ms),29706 (2%),27093 (1%),206 (4%),38 (~0%),2 (~0%),5.0,8.0,1.0,10.0,off,off,1.0,1.0
03min 30sec,771913 (3.313ms),19481 (1%),17400 (~0%),106 (2%),36 (~0%),8 (~0%),1.0,10.0,1.0,10.0,off,off,1.0,1.0
03min 33sec,770112 (3.305ms),29232 (2%),26579 (1%),206 (4%),36 (~0%),2 (~0%),1.0,16.0,1.0,10.0,off,off,1.0,1.0
03min 31sec,770713 (3.308ms),20498 (1%),18797 (~0%),162 (3%),36 (~0%),14 (1%),1.0,20.0,1.0,10.0,off,off,1.0,1.0
03min 55sec,506189 (2.172ms),70356 (5%),68959 (2%),198 (4%),163 (2%),1 (~0%),1.0,8.0,12.0,10.0,off,off,1.0,1.0
04min 05sec,501378 (2.152ms),77974 (6%),75307 (3%),204 (4%),196 (2%),1 (~0%),1.0,8.0,15.0,10.0,off,off,1.0,1.0
03min 31sec,1634102 (6.536ms),16956 (1%),16156 (~0%),218 (5%),32 (~0%),3 (~0%),2.0,8.0,1.0,1.0,off,off,1.0,1.0
03min 30sec,1634128 (6.537ms),17583 (1%),16937 (~0%),218 (5%),32 (~0%),3 (~0%),3.0,8.0,1.0,1.0,off,off,1.0,1.0
03min 31sec,1634102 (6.536ms),16971 (1%),16156 (~0%),218 (5%),32 (~0%),3 (~0%),4.0,8.0,1.0,1.0,off,off,1.0,1.0
03min 37sec,1647658 (6.591ms),35540 (3%),39105 (1%),314 (7%),45 (~0%),6 (~0%),1.0,60.0,1.0,1.0,off,off,1.0,1.0
03min 37sec,1634178 (6.537ms),59898 (5%),59960 (2%),210 (4%),166 (2%),2 (~0%),1.0,8.0,12.0,1.0,off,off,1.0,1.0
03min 53sec,1634177 (6.537ms),80993 (6%),77753 (3%),226 (5%),254 (3%),2 (~0%),1.0,8.0,20.0,1.0,off,off,1.0,1.0
03min 44sec,722111 (3.113ms),41766 (3%),37669 (1%),226 (5%),56 (~0%),2 (~0%),1.0,8.0,1.0,20.0,off,off,1.0,1.0
03min 43sec,770131 (3.305ms),29738 (2%),27117 (1%),206 (4%),38 (~0%),2 (~0%),6.0,8.0,1.0,10.0,off,off,1.0,1.0
03min 40sec,770131 (3.305ms),29664 (2%),27095 (1%),206 (4%),38 (~0%),2 (~0%),10.0,8.0,1.0,10.0,off,off,1.0,1.0
03min 43sec,770131 (3.305ms),29693 (2%),27116 (1%),206 (4%),38 (~0%),2 (~0%),12.0,8.0,1.0,10.0,off,off,1.0,1.0
03min 34sec,770783 (3.308ms),38345 (3%),28300 (1%),206 (4%),36 (~0%),2 (~0%),1.0,4.0,1.0,10.0,off,off,1.0,1.0
03min 14sec,806712 (3.462ms),19762 (1%),23285 (~0%),226 (5%),44 (~0%),2 (~0%),1.0,5.0,1.0,10.0,off,off,1.0,1.0
03min 55sec,510990 (2.193ms),64634 (5%),64031 (2%),194 (4%),126 (1%),1 (~0%),1.0,8.0,10.0,10.0,off,off,1.0,1.0
04min 12sec,496588 (2.131ms),91595 (7%),86752 (3%),214 (4%),251 (3%),1 (~0%),1.0,8.0,20.0,10.0,off,off,1.0,1.0
03min 40sec,741312 (3.182ms),30447 (2%),28022 (1%),210 (4%),36 (~0%),2 (~0%),1.0,8.0,1.0,12.0,off,off,1.0,1.0
03min 38sec,791116 (3.532ms),20459 (1%),17732 (~0%),106 (2%),39 (~0%),8 (~0%),4.0,10.0,1.0,10.0,off,off,1.0,1.0
04min 10sec,493512 (2.118ms),76367 (6%),66129 (2%),166 (3%),346 (5%),5 (~0%),1.0,10.0,30.0,10.0,off,off,1.0,1.0
03min 29sec,891913 (3.812ms),16356 (1%),14399 (~0%),86 (1%),30 (~0%),8 (~0%),1.0,10.0,1.0,5.0,off,off,1.0,1.0
80min 00sec,,,,,,,1.0,10.0,1.0,10.0,flatten,off,1.0,1.0
53min 12sec,14837 (0.059ms),858531 (72%),1036037 (43%),86 (1%),6673 (97%),1 (~0%),1.0,10.0,1.0,10.0,off,flatten,1.0,1.0
03min 38sec,843677 (3.621ms),20270 (1%),17693 (~0%),106 (2%),37 (~0%),8 (~0%),1.0,10.0,1.0,10.0,off,off,4.0,1.0
03min 30sec,771913 (3.313ms),19481 (1%),17400 (~0%),106 (2%),36 (~0%),8 (~0%),1.0,10.0,1.0,10.0,off,off,1.0,8.0
05min 23sec,496589 (2.131ms),92409 (7%),87104 (3%),214 (4%),253 (3%),1 (~0%),2.0,8.0,20.0,10.0,off,off,1.0,1.0
05min 16sec,611799 (2.626ms),94706 (8%),89604 (3%),214 (4%),267 (3%),1 (~0%),3.0,8.0,20.0,10.0,off,off,1.0,1.0
05min 19sec,496589 (2.131ms),92424 (7%),87104 (3%),214 (4%),253 (3%),1 (~0%),4.0,8.0,20.0,10.0,off,off,1.0,1.0
04min 50sec,498388 (2.139ms),56304 (4%),59856 (2%),226 (5%),251 (3%),5 (~0%),1.0,10.0,20.0,10.0,off,off,1.0,1.0
05min 14sec,496588 (2.131ms),98752 (8%),87224 (3%),214 (4%),251 (3%),1 (~0%),1.0,16.0,20.0,10.0,off,off,1.0,1.0
04min 54sec,497188 (2.134ms),68332 (5%),69100 (2%),202 (4%),251 (3%),9 (~0%),1.0,20.0,20.0,10.0,off,off,1.0,1.0
07min 56sec,491712 (2.11ms),159896 (13%),124334 (5%),234 (5%),346 (5%),1 (~0%),1.0,8.0,30.0,10.0,off,off,1.0,1.0
05min 09sec,558988 (2.389ms),84229 (7%),79956 (3%),314 (7%),251 (3%),1 (~0%),1.0,8.0,20.0,6.0,off,off,1.0,1.0
05min 20sec,512715 (2.289ms),77159 (6%),66436 (2%),166 (3%),349 (5%),5 (~0%),2.0,10.0,30.0,10.0,off,off,1.0,1.0
05min 19sec,498331 (2.139ms),78142 (6%),67276 (2%),166 (3%),348 (5%),5 (~0%),3.0,10.0,30.0,10.0,off,off,1.0,1.0
05min 20sec,512715 (2.289ms),77174 (6%),66439 (2%),166 (3%),349 (5%),5 (~0%),4.0,10.0,30.0,10.0,off,off,1.0,1.0
08min 17sec,491712 (2.11ms),179152 (15%),124638 (5%),234 (5%),346 (5%),1 (~0%),1.0,16.0,30.0,10.0,off,off,1.0,1.0
05min 52sec,492312 (2.113ms),103580 (8%),83472 (3%),222 (5%),346 (5%),9 (~0%),1.0,20.0,30.0,10.0,off,off,1.0,1.0
04min 45sec,503178 (2.16ms),49708 (4%),52973 (2%),196 (4%),196 (2%),5 (~0%),1.0,10.0,15.0,10.0,off,off,1.0,1.0
04min 45sec,498388 (2.139ms),56304 (4%),59856 (2%),226 (5%),251 (3%),5 (~0%),1.0,10.0,20.0,10.0,off,off,1.0,1.0
05min 09sec,613512 (2.622ms),74604 (6%),64036 (2%),146 (3%),346 (5%),5 (~0%),1.0,10.0,30.0,5.0,off,off,1.0,1.0
31min 23sec,21703 (0.087ms),288193 (24%),250619 (10%),154 (3%),678 (9%),1 (~0%),10.0,1.0,1.0,1.0,off,flatten,1.0,1.0
31min 46sec,21703 (0.087ms),288445 (24%),250643 (10%),154 (3%),678 (9%),1 (~0%),12.0,1.0,1.0,1.0,off,flatten,1.0,1.0
31min 11sec,21703 (0.087ms),288286 (24%),250641 (10%),154 (3%),678 (9%),1 (~0%),15.0,1.0,1.0,1.0,off,flatten,1.0,1.0
43min 00sec,15078 (0.06ms),491356 (41%),504327 (21%),154 (3%),2682 (39%),1 (~0%),1.0,4.0,1.0,1.0,off,flatten,1.0,1.0
23min 14sec,21797 (0.087ms),436717 (36%),540100 (22%),130 (3%),3342 (48%),1 (~0%),1.0,5.0,1.0,1.0,off,flatten,1.0,1.0
