compilation time,cycles,lut utilization,FF utilization,BRAM utilization,DSP utilization,URAM utilization,__PARA__L0,__PARA__L1,__PARA__L2,__PIPE__L0,__PIPE__L1,__TILE__L0,__TILE__L1
03min 04sec,1547247 (6.189ms),7533 (~0%),6202 (~0%),94 (2%),11 (~0%),0 (~0%),1,1,1,off,off,1,1
04min 06sec,1554749 (6.219ms),8187 (~0%),7454 (~0%),92 (2%),11 (~0%),1 (~0%),15,1,1,off,off,1,1
03min 01sec,1547247 (6.189ms),8004 (~0%),6288 (~0%),94 (2%),11 (~0%),0 (~0%),1,16,1,off,off,1,1
04min 30sec,313647 (1.34ms),53628 (4%),33237 (1%),46 (1%),56 (~0%),0 (~0%),1,1,20,off,off,1,1
08min 08sec,28767 (0.115ms),196867 (16%),159990 (6%),46 (1%),657 (9%),0 (~0%),1,1,1,off,flatten,1,1
04min 23sec,1547247 (6.189ms),7843 (~0%),6234 (~0%),94 (2%),11 (~0%),0 (~0%),12,1,1,off,off,1,1
04min 19sec,1555348 (6.221ms),6825 (~0%),4707 (~0%),40 (~0%),11 (~0%),2 (~0%),1,10,1,off,off,1,1
05min 49sec,337647 (1.443ms),42082 (3%),23675 (1%),174 (4%),48 (~0%),0 (~0%),1,1,15,off,off,1,1
03min 29sec,1552947 (6.212ms),7496 (~0%),5856 (~0%),70 (1%),11 (~0%),2 (~0%),30,1,1,off,off,1,1
03min 54sec,1547247 (6.189ms),7482 (~0%),6153 (~0%),94 (2%),11 (~0%),0 (~0%),1,8,1,off,off,1,1
05min 20sec,337647 (1.351ms),22777 (1%),14567 (~0%),270 (6%),39 (~0%),0 (~0%),1,1,12,off,off,1,1
60min 00sec,,,,,,,1,1,1,flatten,off,1,1
03min 03sec,1556847 (6.227ms),7824 (~0%),6263 (~0%),94 (2%),11 (~0%),0 (~0%),20,1,1,off,off,1,1
04min 33sec,1564953 (6.26ms),7587 (~0%),6904 (~0%),94 (2%),11 (~0%),0 (~0%),1,5,1,off,off,1,1
04min 41sec,366447 (1.566ms),23220 (1%),12833 (~0%),254 (5%),28 (~0%),0 (~0%),1,1,10,off,off,1,1
04min 17sec,1548148 (6.193ms),8668 (~0%),6430 (~0%),94 (2%),11 (~0%),0 (~0%),2,1,1,off,off,1,1
04min 31sec,1554762 (6.219ms),8544 (~0%),7966 (~0%),92 (2%),11 (~0%),1 (~0%),3,1,1,off,off,1,1
03min 45sec,1547247 (6.189ms),7531 (~0%),6156 (~0%),94 (2%),11 (~0%),0 (~0%),4,1,1,off,off,1,1
04min 59sec,1550549 (6.202ms),21537 (1%),9609 (~0%),94 (2%),11 (~0%),0 (~0%),1,2,1,off,off,1,1
04min 55sec,1548149 (6.193ms),12381 (1%),7331 (~0%),94 (2%),11 (~0%),0 (~0%),1,4,1,off,off,1,1
04min 19sec,428847 (1.715ms),15821 (1%),9984 (~0%),158 (3%),25 (~0%),0 (~0%),1,1,6,off,off,1,1
04min 02sec,486447 (2.079ms),15138 (1%),8718 (~0%),150 (3%),14 (~0%),0 (~0%),1,1,5,off,off,1,1
04min 34sec,553647 (2.215ms),11385 (~0%),8203 (~0%),110 (2%),14 (~0%),0 (~0%),1,1,4,off,off,1,1
04min 29sec,1554761 (6.219ms),8517 (~0%),7916 (~0%),92 (2%),11 (~0%),1 (~0%),5,1,1,off,off,1,1
03min 48sec,1552947 (6.212ms),7506 (~0%),5860 (~0%),70 (1%),11 (~0%),2 (~0%),6,1,1,off,off,1,1
04min 08sec,1552948 (6.212ms),7154 (~0%),5245 (~0%),48 (1%),11 (~0%),4 (~0%),1,20,1,off,off,1,1
03min 06sec,1547247 (6.189ms),7533 (~0%),6202 (~0%),94 (2%),11 (~0%),0 (~0%),1,80,1,off,off,1,1
03min 44sec,644847 (2.579ms),11286 (~0%),7768 (~0%),102 (2%),14 (~0%),0 (~0%),1,1,3,off,off,1,1
04min 53sec,284847 (1.217ms),129257 (10%),97940 (4%),46 (1%),93 (1%),0 (~0%),1,1,30,off,off,1,1
04min 23sec,1557747 (6.231ms),7549 (~0%),5870 (~0%),70 (1%),11 (~0%),2 (~0%),10,1,1,off,off,1,1
02min 54sec,1547247 (6.189ms),7533 (~0%),6202 (~0%),94 (2%),11 (~0%),0 (~0%),60,1,1,off,off,1,1
03min 45sec,880047 (3.52ms),8361 (~0%),6723 (~0%),94 (2%),11 (~0%),0 (~0%),1,1,2,off,off,1,1
05min 13sec,246747 (1.117ms),138969 (11%),75255 (3%),46 (1%),133 (1%),0 (~0%),1,1,60,off,off,1,1
04min 49sec,284847 (1.217ms),129257 (10%),97940 (4%),46 (1%),93 (1%),0 (~0%),1,1,30,off,off,1,1
03min 04sec,1547247 (6.189ms),7533 (~0%),6202 (~0%),94 (2%),11 (~0%),0 (~0%),1,80,1,off,off,1,1
03min 14sec,1547247 (6.189ms),7533 (~0%),6202 (~0%),94 (2%),11 (~0%),0 (~0%),1,80,1,off,off,1,1
05min 30sec,246747 (1.117ms),138969 (11%),75255 (3%),46 (1%),133 (1%),0 (~0%),1,1,60,off,off,1,1
05min 04sec,284847 (1.217ms),129257 (10%),97940 (4%),46 (1%),93 (1%),0 (~0%),1,1,30,off,off,1,1
05min 19sec,246747 (1.117ms),138969 (11%),75255 (3%),46 (1%),133 (1%),0 (~0%),1,1,60,off,off,1,1
03min 07sec,1547247 (6.189ms),7533 (~0%),6202 (~0%),94 (2%),11 (~0%),0 (~0%),1,80,1,off,off,1,1
03min 10sec,1547247 (6.189ms),7533 (~0%),6202 (~0%),94 (2%),11 (~0%),0 (~0%),1,80,1,off,off,1,1
03min 15sec,1547247 (6.189ms),7533 (~0%),6202 (~0%),94 (2%),11 (~0%),0 (~0%),1,80,1,off,off,1,1
04min 54sec,284847 (1.217ms),129257 (10%),97940 (4%),46 (1%),93 (1%),0 (~0%),1,1,30,off,off,1,1
03min 13sec,1547247 (6.189ms),7533 (~0%),6202 (~0%),94 (2%),11 (~0%),0 (~0%),1,80,1,off,off,1,1
05min 08sec,246747 (1.117ms),138969 (11%),75255 (3%),46 (1%),133 (1%),0 (~0%),1,1,60,off,off,1,1
05min 20sec,246747 (1.117ms),138969 (11%),75255 (3%),46 (1%),133 (1%),0 (~0%),1,1,60,off,off,1,1
05min 00sec,284847 (1.217ms),129257 (10%),97940 (4%),46 (1%),93 (1%),0 (~0%),1,1,30,off,off,1,1
03min 08sec,1547247 (6.189ms),7533 (~0%),6202 (~0%),94 (2%),11 (~0%),0 (~0%),1,80,1,off,off,1,1
04min 41sec,284847 (1.217ms),129257 (10%),97940 (4%),46 (1%),93 (1%),0 (~0%),60,1,30,off,off,1,1
04min 32sec,284847 (1.217ms),111039 (9%),97891 (4%),46 (1%),93 (1%),0 (~0%),60,8,30,off,off,1,1
03min 40sec,285747 (1.221ms),78180 (6%),65792 (2%),32 (~0%),93 (1%),0 (~0%),60,20,30,off,off,1,1
16min 23sec,25107 (0.1ms),1371623 (116%),1622239 (68%),32 (~0%),13140 (192%),0 (~0%),60,20,60,off,off,1,1
16min 25sec,25107 (0.1ms),1371623 (116%),1622239 (68%),32 (~0%),13140 (192%),0 (~0%),60,20,30,off,flatten,1,1
40min 00sec,,,,,,,60,20,30,flatten,off,1,1
03min 14sec,333748 (1.426ms),36001 (3%),22153 (~0%),96 (2%),48 (~0%),0 (~0%),60,20,15,off,off,1,1
03min 44sec,285747 (1.221ms),78180 (6%),65792 (2%),32 (~0%),93 (1%),0 (~0%),60,20,30,off,off,8,1
03min 38sec,285747 (1.221ms),78180 (6%),65792 (2%),32 (~0%),93 (1%),0 (~0%),60,20,30,off,off,8,1
03min 14sec,319348 (1.365ms),38155 (3%),24974 (1%),128 (2%),56 (~0%),0 (~0%),60,20,20,off,off,1,1
03min 01sec,372148 (1.59ms),19309 (1%),11848 (~0%),176 (4%),28 (~0%),0 (~0%),60,20,10,off,off,1,1
03min 43sec,285747 (1.221ms),78180 (6%),65792 (2%),32 (~0%),93 (1%),0 (~0%),60,20,30,off,off,8,1
03min 17sec,319348 (1.365ms),38155 (3%),24974 (1%),128 (2%),56 (~0%),0 (~0%),60,20,20,off,off,1,1
03min 00sec,343348 (1.373ms),19218 (1%),13575 (~0%),192 (4%),39 (~0%),0 (~0%),60,20,12,off,off,1,1
02min 55sec,343348 (1.373ms),19218 (1%),13575 (~0%),192 (4%),39 (~0%),0 (~0%),60,20,12,off,off,1,1
03min 06sec,343348 (1.373ms),19218 (1%),13575 (~0%),192 (4%),39 (~0%),0 (~0%),60,20,12,off,off,1,1
03min 08sec,343348 (1.373ms),19218 (1%),13575 (~0%),192 (4%),39 (~0%),0 (~0%),60,20,12,off,off,1,1
03min 36sec,295948 (1.265ms),52537 (4%),38030 (1%),24 (~0%),93 (1%),0 (~0%),30,20,30,off,off,1,1
05min 22sec,366448 (1.566ms),25785 (2%),13833 (~0%),268 (6%),28 (~0%),0 (~0%),2,1,10,off,off,1,1
05min 04sec,369162 (1.578ms),23049 (1%),14744 (~0%),208 (4%),28 (~0%),0 (~0%),3,1,10,off,off,1,1
05min 24sec,366447 (1.566ms),23223 (1%),12787 (~0%),254 (5%),28 (~0%),0 (~0%),4,1,10,off,off,1,1
05min 17sec,366447 (1.566ms),23160 (1%),12778 (~0%),254 (5%),28 (~0%),0 (~0%),1,8,10,off,off,1,1
05min 08sec,374548 (1.601ms),19352 (1%),10962 (~0%),136 (3%),28 (~0%),0 (~0%),1,10,10,off,off,1,1
05min 21sec,366447 (1.566ms),23708 (2%),12908 (~0%),254 (5%),28 (~0%),0 (~0%),1,16,10,off,off,1,1
04min 54sec,1547247 (6.189ms),8008 (~0%),6242 (~0%),94 (2%),11 (~0%),0 (~0%),4,16,1,off,off,1,1
04min 43sec,1554761 (6.219ms),8994 (~0%),8002 (~0%),92 (2%),11 (~0%),1 (~0%),5,16,1,off,off,1,1
04min 52sec,1552947 (6.212ms),8004 (~0%),5939 (~0%),70 (1%),11 (~0%),2 (~0%),6,16,1,off,off,1,1
05min 08sec,428847 (1.715ms),16315 (1%),10072 (~0%),158 (3%),25 (~0%),0 (~0%),1,16,6,off,off,1,1
05min 18sec,366447 (1.566ms),23708 (2%),12908 (~0%),254 (5%),28 (~0%),0 (~0%),1,16,10,off,off,1,1
05min 17sec,337647 (1.351ms),23265 (1%),14642 (~0%),270 (6%),39 (~0%),0 (~0%),1,16,12,off,off,1,1
04min 16sec,338547 (1.354ms),22501 (1%),14190 (~0%),214 (4%),39 (~0%),0 (~0%),6,1,12,off,off,1,1
04min 16sec,348147 (1.393ms),22477 (1%),14238 (~0%),214 (4%),39 (~0%),0 (~0%),10,1,12,off,off,1,1
04min 18sec,332847 (1.331ms),34033 (2%),20396 (~0%),142 (3%),39 (~0%),0 (~0%),12,1,12,off,off,1,1
04min 17sec,338549 (1.354ms),29679 (2%),15398 (~0%),270 (6%),39 (~0%),0 (~0%),1,4,12,off,off,1,1
03min 45sec,350552 (1.402ms),17040 (1%),14113 (~0%),174 (4%),39 (~0%),0 (~0%),1,5,12,off,off,1,1
04min 12sec,337647 (1.351ms),22717 (1%),14512 (~0%),270 (6%),39 (~0%),0 (~0%),1,8,12,off,off,1,1
04min 23sec,337648 (1.351ms),26174 (2%),15650 (~0%),284 (6%),39 (~0%),0 (~0%),2,16,12,off,off,1,1
03min 47sec,340362 (1.361ms),22828 (1%),16549 (~0%),212 (4%),39 (~0%),0 (~0%),3,16,12,off,off,1,1
04min 16sec,337647 (1.351ms),23274 (1%),14604 (~0%),270 (6%),39 (~0%),0 (~0%),4,16,12,off,off,1,1
04min 16sec,337647 (1.351ms),22717 (1%),14512 (~0%),270 (6%),39 (~0%),0 (~0%),1,8,12,off,off,1,1
03min 55sec,345748 (1.383ms),18646 (1%),12688 (~0%),152 (3%),39 (~0%),0 (~0%),1,10,12,off,off,1,1
03min 57sec,486447 (2.079ms),15632 (1%),8800 (~0%),150 (3%),14 (~0%),0 (~0%),1,16,5,off,off,1,1
03min 51sec,553647 (2.215ms),11908 (1%),8287 (~0%),110 (2%),14 (~0%),0 (~0%),1,16,4,off,off,1,1
03min 59sec,343347 (1.373ms),22967 (1%),14316 (~0%),214 (4%),39 (~0%),0 (~0%),10,16,12,off,off,1,1
03min 54sec,337647 (1.351ms),22777 (1%),14567 (~0%),270 (6%),39 (~0%),0 (~0%),1,80,12,off,off,1,1
13min 19sec,24267 (0.097ms),1117025 (94%),1303360 (55%),46 (1%),10512 (153%),0 (~0%),1,16,60,off,off,1,1
80min 00sec,,,,,,,1,16,12,flatten,off,1,1
13min 19sec,24267 (0.097ms),1117025 (94%),1303360 (55%),46 (1%),10512 (153%),0 (~0%),1,16,12,off,flatten,1,1
04min 00sec,348796 (1.395ms),23266 (1%),14653 (~0%),270 (6%),39 (~0%),0 (~0%),1,16,12,off,off,4,1
04min 38sec,434370 (1.864ms),39117 (3%),22566 (~0%),494 (11%),39 (~0%),0 (~0%),1,16,12,off,off,1,4
03min 53sec,338547 (1.354ms),22995 (1%),14273 (~0%),214 (4%),39 (~0%),0 (~0%),6,16,12,off,off,1,1
22min 41sec,3218 (0.013ms),1157170 (97%),1307652 (55%),46 (1%),10512 (153%),0 (~0%),2,16,60,off,off,1,1
19min 59sec,5020 (0.02ms),1132385 (95%),1358549 (57%),60 (1%),10512 (153%),0 (~0%),3,16,60,off,off,1,1
15min 25sec,24267 (0.097ms),1117080 (94%),1303288 (55%),46 (1%),10512 (153%),0 (~0%),4,16,60,off,off,1,1
04min 53sec,644847 (2.579ms),11809 (~0%),7851 (~0%),102 (2%),14 (~0%),0 (~0%),1,16,3,off,off,1,1
05min 43sec,337647 (1.443ms),42570 (3%),23750 (1%),174 (4%),48 (~0%),0 (~0%),1,16,15,off,off,1,1
05min 43sec,313647 (1.34ms),53814 (4%),33314 (1%),46 (1%),56 (~0%),0 (~0%),1,16,20,off,off,1,1
15min 21sec,24267 (0.097ms),1117025 (94%),1303360 (55%),46 (1%),10512 (153%),0 (~0%),1,16,60,off,flatten,1,1
19min 34sec,5020 (0.02ms),1132148 (95%),1358571 (57%),60 (1%),10512 (153%),0 (~0%),5,16,60,off,off,1,1
20min 46sec,3217 (0.013ms),1124128 (95%),1299290 (54%),38 (~0%),10512 (153%),0 (~0%),6,16,60,off,off,1,1
20min 46sec,3217 (0.013ms),1123902 (95%),1299291 (54%),38 (~0%),10512 (153%),0 (~0%),10,16,60,off,off,1,1
08min 08sec,24567 (0.098ms),565048 (47%),664301 (28%),46 (1%),5256 (76%),0 (~0%),1,8,60,off,off,1,1
09min 52sec,27747 (0.111ms),701130 (59%),822972 (34%),24 (~0%),6570 (96%),0 (~0%),1,10,60,off,off,1,1
03min 45sec,880047 (3.52ms),8832 (~0%),6809 (~0%),94 (2%),11 (~0%),0 (~0%),1,16,2,off,off,1,1
05min 46sec,284847 (1.217ms),129750 (10%),98019 (4%),46 (1%),93 (1%),0 (~0%),1,16,30,off,off,1,1
15min 34sec,24267 (0.097ms),1117533 (94%),1303447 (55%),46 (1%),10512 (153%),0 (~0%),12,16,60,off,off,1,1
20min 13sec,5020 (0.02ms),1132168 (95%),1358566 (57%),60 (1%),10512 (153%),0 (~0%),15,16,60,off,off,1,1
15min 04sec,24267 (0.097ms),1117417 (94%),1303440 (55%),46 (1%),10512 (153%),0 (~0%),20,16,60,off,off,1,1
06min 32sec,33032 (0.132ms),365705 (30%),424832 (17%),46 (1%),3285 (48%),0 (~0%),1,5,60,off,off,1,1
08min 51sec,26069 (0.104ms),366290 (30%),377503 (15%),46 (1%),2628 (38%),0 (~0%),1,4,60,off,off,1,1
03min 47sec,644847 (2.579ms),11809 (~0%),7851 (~0%),102 (2%),14 (~0%),0 (~0%),1,16,3,off,off,1,1
80min 00sec,,,,,,,1,16,60,flatten,off,1,1
32min 09sec,28335 (0.113ms),1272041 (107%),1395513 (59%),46 (1%),10512 (153%),0 (~0%),1,16,60,off,off,8,1
15min 35sec,24267 (0.097ms),1117533 (94%),1303447 (55%),46 (1%),10512 (153%),0 (~0%),12,16,60,off,off,1,1
20min 00sec,5020 (0.02ms),1132168 (95%),1358566 (57%),60 (1%),10512 (153%),0 (~0%),15,16,60,off,off,1,1
15min 39sec,24267 (0.097ms),1117417 (94%),1303440 (55%),46 (1%),10512 (153%),0 (~0%),20,16,60,off,off,1,1
08min 02sec,11082 (0.044ms),405858 (34%),429127 (18%),46 (1%),3285 (48%),0 (~0%),2,5,60,off,off,1,1
11min 13sec,3518 (0.014ms),605198 (51%),668595 (28%),46 (1%),5256 (76%),0 (~0%),2,8,60,off,off,1,1
14min 32sec,5797 (0.023ms),741279 (62%),827265 (34%),24 (~0%),6570 (96%),0 (~0%),2,10,60,off,off,1,1
04min 14sec,366448 (1.566ms),26279 (2%),13916 (~0%),268 (6%),28 (~0%),0 (~0%),2,16,10,off,off,1,1
03min 59sec,428848 (1.715ms),18207 (1%),11077 (~0%),172 (3%),25 (~0%),0 (~0%),2,16,6,off,off,1,1
21min 39sec,3217 (0.013ms),1123961 (95%),1299294 (54%),38 (~0%),10512 (153%),0 (~0%),30,16,60,off,off,1,1
15min 16sec,24267 (0.097ms),1117025 (94%),1303360 (55%),46 (1%),10512 (153%),0 (~0%),60,16,60,off,off,1,1
19min 48sec,5020 (0.02ms),1132168 (95%),1358566 (57%),60 (1%),10512 (153%),0 (~0%),15,16,60,off,off,1,1
19min 57sec,25107 (0.1ms),1371623 (116%),1622239 (68%),32 (~0%),13140 (192%),0 (~0%),1,20,60,off,off,1,1
08min 18sec,29669 (0.119ms),257935 (21%),235779 (9%),46 (1%),1314 (19%),0 (~0%),1,2,60,off,off,1,1
04min 38sec,558701 (2.388ms),45987 (3%),27757 (1%),174 (4%),82 (1%),0 (~0%),1,16,13,off,off,1,1
04min 19sec,539501 (2.306ms),33042 (2%),19455 (~0%),246 (5%),60 (~0%),0 (~0%),1,16,9,off,off,1,1
03min 54sec,496301 (1.985ms),20864 (1%),14752 (~0%),174 (4%),44 (~0%),0 (~0%),1,16,8,off,off,1,1
21min 53sec,3217 (0.013ms),1123902 (95%),1299291 (54%),38 (~0%),10512 (153%),0 (~0%),10,16,60,off,off,1,1
21min 41sec,3217 (0.013ms),1124128 (95%),1299290 (54%),38 (~0%),10512 (153%),0 (~0%),6,16,60,off,off,1,1
14min 25sec,24267 (0.097ms),1117080 (94%),1303288 (55%),46 (1%),10512 (153%),0 (~0%),4,16,60,off,off,1,1
80min 00sec,,,,,,,1,80,60,off,off,1,1
80min 00sec,,,,,,,1,60,60,off,off,1,1
04min 20sec,558701 (2.388ms),45987 (3%),27757 (1%),174 (4%),82 (1%),0 (~0%),1,16,13,off,off,1,1
04min 04sec,539501 (2.306ms),33042 (2%),19455 (~0%),246 (5%),60 (~0%),0 (~0%),1,16,9,off,off,1,1
31min 21sec,3758 (0.015ms),1411767 (119%),1626530 (68%),32 (~0%),13140 (192%),0 (~0%),2,20,60,off,off,1,1
28min 05sec,5560 (0.022ms),1394534 (117%),1692787 (71%),46 (1%),13140 (192%),0 (~0%),3,20,60,off,off,1,1
20min 33sec,25107 (0.1ms),1371678 (116%),1622167 (68%),32 (~0%),13140 (192%),0 (~0%),4,20,60,off,off,1,1
03min 37sec,372148 (1.59ms),19309 (1%),11848 (~0%),176 (4%),28 (~0%),0 (~0%),1,20,10,off,off,1,1
03min 37sec,343348 (1.373ms),19218 (1%),13575 (~0%),192 (4%),39 (~0%),0 (~0%),1,20,12,off,off,1,1
04min 34sec,1548148 (6.193ms),8668 (~0%),6430 (~0%),94 (2%),11 (~0%),0 (~0%),2,1,1,off,off,1,1
04min 34sec,1547247 (6.189ms),7482 (~0%),6153 (~0%),94 (2%),11 (~0%),0 (~0%),1,8,1,off,off,1,1
04min 34sec,1558396 (6.234ms),7540 (~0%),6210 (~0%),94 (2%),11 (~0%),0 (~0%),1,1,1,off,off,4,1
05min 20sec,8675775 (34.703ms),69754 (5%),95054 (4%),94 (2%),131 (1%),0 (~0%),1,1,1,off,off,1,4
03min 55sec,1547247 (6.189ms),7531 (~0%),6156 (~0%),94 (2%),11 (~0%),0 (~0%),4,1,1,off,off,1,1
17min 33sec,28767 (0.115ms),196867 (16%),159990 (6%),46 (1%),657 (9%),0 (~0%),1,1,1,off,flatten,1,1
04min 01sec,1570517 (6.282ms),8654 (~0%),6483 (~0%),94 (2%),11 (~0%),0 (~0%),1,1,1,off,off,2,1
04min 23sec,16311375 (65.246ms),70349 (5%),100081 (4%),94 (2%),131 (1%),0 (~0%),1,1,1,off,off,1,2
04min 32sec,1553443 (6.214ms),11949 (1%),8874 (~0%),142 (3%),11 (~0%),0 (~0%),1,1,1,off,off,8,1
04min 01sec,1547247 (6.189ms),7531 (~0%),6156 (~0%),94 (2%),11 (~0%),0 (~0%),4,1,1,off,off,1,1
03min 49sec,1554761 (6.219ms),8517 (~0%),7916 (~0%),92 (2%),11 (~0%),1 (~0%),5,1,1,off,off,1,1
03min 57sec,1552947 (6.212ms),7506 (~0%),5860 (~0%),70 (1%),11 (~0%),2 (~0%),6,1,1,off,off,1,1
04min 01sec,1548749 (6.195ms),13524 (1%),7559 (~0%),94 (2%),11 (~0%),0 (~0%),2,4,1,off,off,1,1
03min 49sec,1564953 (6.26ms),8728 (~0%),7129 (~0%),94 (2%),11 (~0%),0 (~0%),2,5,1,off,off,1,1
04min 08sec,880048 (3.52ms),11271 (~0%),7913 (~0%),108 (2%),11 (~0%),0 (~0%),2,1,2,off,off,1,1
04min 01sec,1558397 (6.234ms),8552 (~0%),7208 (~0%),108 (2%),11 (~0%),0 (~0%),2,1,1,off,off,2,1
05min 14sec,1560148 (6.241ms),6865 (~0%),4386 (~0%),16 (~0%),11 (~0%),4 (~0%),10,10,1,off,off,1,1
05min 20sec,657748 (2.631ms),9896 (~0%),5995 (~0%),40 (~0%),14 (~0%),4 (~0%),10,10,3,off,off,1,1
05min 15sec,561162 (2.245ms),11879 (1%),9988 (~0%),108 (2%),14 (~0%),0 (~0%),3,1,4,off,off,1,1
05min 49sec,553647 (2.215ms),13614 (1%),8338 (~0%),142 (3%),14 (~0%),0 (~0%),4,1,4,off,off,1,1
05min 44sec,553719 (2.215ms),13462 (1%),8349 (~0%),142 (3%),14 (~0%),0 (~0%),4,4,4,off,off,1,1
05min 49sec,553647 (2.215ms),12547 (1%),8287 (~0%),142 (3%),14 (~0%),0 (~0%),4,8,4,off,off,1,1
05min 44sec,644847 (2.579ms),11247 (~0%),7675 (~0%),102 (2%),14 (~0%),0 (~0%),4,8,3,off,off,1,1
04min 11sec,1547247 (6.189ms),7531 (~0%),6156 (~0%),94 (2%),11 (~0%),0 (~0%),4,1,1,off,off,1,1
04min 18sec,1547247 (6.189ms),7486 (~0%),6107 (~0%),94 (2%),11 (~0%),0 (~0%),4,8,1,off,off,1,1
04min 21sec,644847 (2.579ms),11247 (~0%),7675 (~0%),102 (2%),14 (~0%),0 (~0%),4,8,3,off,off,1,1
03min 57sec,1560148 (6.241ms),6865 (~0%),4386 (~0%),16 (~0%),11 (~0%),4 (~0%),10,10,1,off,off,1,1
04min 02sec,499348 (2.134ms),10540 (~0%),6764 (~0%),68 (1%),14 (~0%),0 (~0%),10,10,5,off,off,1,1
03min 56sec,1555363 (6.221ms),13400 (1%),9095 (~0%),92 (2%),11 (~0%),1 (~0%),3,4,1,off,off,1,1
03min 56sec,652362 (2.609ms),12997 (1%),9845 (~0%),108 (2%),14 (~0%),3 (~0%),3,1,3,off,off,1,1
03min 50sec,1558429 (6.234ms),8709 (~0%),7960 (~0%),92 (2%),11 (~0%),1 (~0%),3,1,1,off,off,4,1
04min 09sec,8683290 (34.733ms),71017 (6%),96823 (4%),92 (2%),131 (1%),1 (~0%),3,1,1,off,off,1,4
03min 50sec,1996290 (7.985ms),7988 (~0%),8089 (~0%),92 (2%),11 (~0%),1 (~0%),3,1,1,off,off,1,8
04min 12sec,553648 (2.215ms),12921 (1%),9204 (~0%),124 (2%),14 (~0%),0 (~0%),2,1,4,off,off,1,1
03min 56sec,561161 (2.245ms),11825 (1%),9940 (~0%),108 (2%),14 (~0%),0 (~0%),5,1,4,off,off,1,1
04min 07sec,554547 (2.218ms),11331 (~0%),7833 (~0%),86 (1%),14 (~0%),0 (~0%),6,1,4,off,off,1,1
04min 05sec,554549 (2.218ms),16509 (1%),9080 (~0%),110 (2%),14 (~0%),0 (~0%),1,4,4,off,off,1,1
03min 51sec,561752 (2.247ms),9874 (~0%),8511 (~0%),78 (1%),14 (~0%),2 (~0%),1,5,4,off,off,1,1
04min 06sec,553647 (2.215ms),11330 (~0%),8152 (~0%),110 (2%),14 (~0%),0 (~0%),1,8,4,off,off,1,1
04min 13sec,559996 (2.24ms),13293 (1%),8332 (~0%),142 (3%),14 (~0%),0 (~0%),1,1,4,off,off,4,1
04min 27sec,7680975 (30.724ms),76190 (6%),97122 (4%),110 (2%),118 (1%),0 (~0%),1,1,4,off,off,1,4
04min 55sec,1552947 (6.212ms),7506 (~0%),5860 (~0%),70 (1%),11 (~0%),2 (~0%),6,1,1,off,off,1,1
04min 48sec,1570517 (6.282ms),8654 (~0%),6483 (~0%),94 (2%),11 (~0%),0 (~0%),1,1,1,off,off,2,1
04min 57sec,1988775 (7.955ms),7240 (~0%),6191 (~0%),94 (2%),11 (~0%),0 (~0%),1,1,1,off,off,1,8
05min 26sec,486447 (2.079ms),15138 (1%),8718 (~0%),150 (3%),14 (~0%),0 (~0%),1,1,5,off,off,1,1
04min 33sec,561161 (2.245ms),11825 (1%),9940 (~0%),108 (2%),14 (~0%),0 (~0%),5,1,4,off,off,1,1
05min 19sec,554547 (2.218ms),11331 (~0%),7833 (~0%),86 (1%),14 (~0%),0 (~0%),6,1,4,off,off,1,1
05min 04sec,556949 (2.228ms),25389 (2%),11901 (~0%),110 (2%),14 (~0%),0 (~0%),1,2,4,off,off,1,1
05min 03sec,556948 (2.228ms),9718 (~0%),6668 (~0%),56 (1%),14 (~0%),4 (~0%),1,10,4,off,off,1,1
08min 56sec,28767 (0.115ms),196867 (16%),159990 (6%),46 (1%),657 (9%),0 (~0%),1,1,4,off,flatten,1,1
05min 21sec,576017 (2.304ms),12890 (1%),9251 (~0%),124 (2%),14 (~0%),0 (~0%),1,1,4,off,off,2,1
05min 06sec,995175 (3.981ms),11019 (~0%),8238 (~0%),110 (2%),14 (~0%),0 (~0%),1,1,4,off,off,1,8
06min 54sec,1552947 (6.212ms),7506 (~0%),5860 (~0%),70 (1%),11 (~0%),2 (~0%),6,1,1,off,off,1,1
07min 02sec,428847 (1.715ms),15821 (1%),9984 (~0%),158 (3%),25 (~0%),0 (~0%),1,1,6,off,off,1,1
07min 01sec,1558396 (6.234ms),7540 (~0%),6210 (~0%),94 (2%),11 (~0%),0 (~0%),1,1,1,off,off,4,1
07min 23sec,8675775 (34.703ms),69754 (5%),95054 (4%),94 (2%),131 (1%),0 (~0%),1,1,1,off,off,1,4
06min 43sec,1547247 (6.189ms),7482 (~0%),6153 (~0%),94 (2%),11 (~0%),0 (~0%),1,8,1,off,off,1,1
06min 59sec,561161 (2.245ms),11825 (1%),9940 (~0%),108 (2%),14 (~0%),0 (~0%),5,1,4,off,off,1,1
07min 00sec,554547 (2.218ms),11331 (~0%),7833 (~0%),86 (1%),14 (~0%),0 (~0%),6,1,4,off,off,1,1
06min 44sec,561162 (2.245ms),11879 (1%),9988 (~0%),108 (2%),14 (~0%),0 (~0%),3,1,4,off,off,1,1
07min 24sec,556948 (2.228ms),9718 (~0%),6668 (~0%),56 (1%),14 (~0%),4 (~0%),1,10,4,off,off,1,1
06min 42sec,554548 (2.218ms),10323 (~0%),7189 (~0%),96 (2%),14 (~0%),0 (~0%),1,20,4,off,off,1,1
07min 33sec,428847 (1.715ms),15821 (1%),9984 (~0%),158 (3%),25 (~0%),0 (~0%),1,1,6,off,off,1,1
06min 06sec,1547247 (6.189ms),7531 (~0%),6156 (~0%),94 (2%),11 (~0%),0 (~0%),4,1,1,off,off,1,1
06min 06sec,1548148 (6.193ms),8623 (~0%),6381 (~0%),94 (2%),11 (~0%),0 (~0%),2,8,1,off,off,1,1
06min 18sec,644848 (2.579ms),12655 (1%),8769 (~0%),116 (2%),14 (~0%),0 (~0%),2,1,3,off,off,1,1
06min 25sec,1553443 (6.214ms),12277 (1%),8888 (~0%),142 (3%),11 (~0%),0 (~0%),2,1,1,off,off,4,1
06min 17sec,8676676 (34.707ms),70982 (6%),95282 (4%),94 (2%),131 (1%),0 (~0%),2,1,1,off,off,1,4
06min 11sec,486448 (2.079ms),16891 (1%),9722 (~0%),164 (3%),14 (~0%),0 (~0%),2,1,5,off,off,1,1
06min 07sec,554547 (2.218ms),11331 (~0%),7833 (~0%),86 (1%),14 (~0%),0 (~0%),6,1,4,off,off,1,1
06min 18sec,556948 (2.228ms),9718 (~0%),6668 (~0%),56 (1%),14 (~0%),4 (~0%),1,10,4,off,off,1,1
06min 33sec,557923 (2.384ms),20466 (1%),12025 (~0%),198 (4%),14 (~0%),0 (~0%),1,1,4,off,off,8,1
06min 22sec,15315375 (61.261ms),76769 (6%),102192 (4%),110 (2%),118 (1%),0 (~0%),1,1,4,off,off,1,2
06min 17sec,428847 (1.715ms),15821 (1%),9984 (~0%),158 (3%),25 (~0%),0 (~0%),1,1,6,off,off,1,1
06min 44sec,1547247 (6.189ms),7531 (~0%),6156 (~0%),94 (2%),11 (~0%),0 (~0%),4,1,1,off,off,1,1
06min 55sec,1560148 (6.241ms),6834 (~0%),4670 (~0%),40 (~0%),11 (~0%),2 (~0%),4,10,1,off,off,1,1
06min 57sec,379348 (1.621ms),19368 (1%),10952 (~0%),136 (3%),28 (~0%),0 (~0%),4,10,10,off,off,1,1
06min 48sec,564147 (2.257ms),11294 (~0%),7870 (~0%),86 (1%),14 (~0%),0 (~0%),10,1,4,off,off,1,1
06min 33sec,553647 (2.215ms),11724 (~0%),8230 (~0%),110 (2%),14 (~0%),0 (~0%),12,1,4,off,off,1,1
06min 06sec,571352 (2.285ms),9930 (~0%),8529 (~0%),78 (1%),14 (~0%),4 (~0%),4,5,4,off,off,1,1
06min 50sec,556948 (2.228ms),10167 (~0%),6693 (~0%),88 (2%),14 (~0%),0 (~0%),4,10,4,off,off,1,1
06min 43sec,880047 (3.52ms),8357 (~0%),6676 (~0%),94 (2%),11 (~0%),0 (~0%),4,1,2,off,off,1,1
09min 26sec,28767 (0.115ms),196922 (16%),159920 (6%),46 (1%),657 (9%),0 (~0%),4,1,4,off,flatten,1,1
07min 22sec,556851 (2.39ms),21116 (1%),12442 (~0%),206 (4%),14 (~0%),0 (~0%),4,1,4,off,off,4,1
04min 46sec,1548149 (6.193ms),12387 (1%),7285 (~0%),94 (2%),11 (~0%),0 (~0%),4,4,1,off,off,1,1
04min 46sec,644847 (2.579ms),11296 (~0%),7725 (~0%),102 (2%),14 (~0%),0 (~0%),4,1,3,off,off,1,1
04min 53sec,1550451 (6.202ms),11943 (1%),8846 (~0%),142 (3%),11 (~0%),0 (~0%),4,1,1,off,off,4,1
04min 47sec,8675775 (34.703ms),69848 (5%),95012 (4%),94 (2%),131 (1%),0 (~0%),4,1,1,off,off,1,4
04min 48sec,486447 (2.079ms),15140 (1%),8673 (~0%),150 (3%),14 (~0%),0 (~0%),4,1,5,off,off,1,1
04min 45sec,1560148 (6.241ms),7971 (~0%),4944 (~0%),40 (~0%),11 (~0%),2 (~0%),2,10,1,off,off,1,1
05min 04sec,1553443 (6.214ms),12277 (1%),8888 (~0%),142 (3%),11 (~0%),0 (~0%),2,1,1,off,off,4,1
04min 52sec,16312276 (65.249ms),71578 (6%),100310 (4%),94 (2%),131 (1%),0 (~0%),2,1,1,off,off,1,2
04min 47sec,337648 (1.351ms),25680 (2%),15567 (~0%),284 (6%),39 (~0%),0 (~0%),2,1,12,off,off,1,1
06min 56sec,554547 (2.218ms),11331 (~0%),7833 (~0%),86 (1%),14 (~0%),0 (~0%),6,1,4,off,off,1,1
06min 59sec,556948 (2.228ms),9718 (~0%),6668 (~0%),56 (1%),14 (~0%),4 (~0%),1,10,4,off,off,1,1
07min 07sec,559996 (2.24ms),13293 (1%),8332 (~0%),142 (3%),14 (~0%),0 (~0%),1,1,4,off,off,4,1
08min 20sec,7680975 (30.724ms),76190 (6%),97122 (4%),110 (2%),118 (1%),0 (~0%),1,1,4,off,off,1,4
07min 03sec,995175 (3.981ms),11019 (~0%),8238 (~0%),110 (2%),14 (~0%),0 (~0%),1,1,4,off,off,1,8
05min 53sec,1556563 (6.226ms),22554 (1%),11371 (~0%),92 (2%),11 (~0%),1 (~0%),3,2,1,off,off,1,1
06min 09sec,489162 (2.09ms),15611 (1%),10624 (~0%),144 (3%),14 (~0%),0 (~0%),3,1,5,off,off,1,1
06min 04sec,1562170 (6.249ms),8770 (~0%),8015 (~0%),92 (2%),11 (~0%),1 (~0%),3,1,1,off,off,2,1
07min 27sec,16318890 (65.276ms),71615 (6%),101722 (4%),92 (2%),131 (1%),1 (~0%),3,1,1,off,off,1,2
05min 09sec,1552947 (6.212ms),7506 (~0%),5860 (~0%),70 (1%),11 (~0%),2 (~0%),6,1,1,off,off,1,1
05min 19sec,1550549 (6.202ms),22678 (1%),9835 (~0%),94 (2%),11 (~0%),0 (~0%),2,2,1,off,off,1,1
05min 15sec,1560148 (6.241ms),7971 (~0%),4944 (~0%),40 (~0%),11 (~0%),2 (~0%),2,10,1,off,off,1,1
05min 39sec,428848 (1.715ms),17707 (1%),10994 (~0%),172 (3%),25 (~0%),0 (~0%),2,1,6,off,off,1,1
05min 40sec,554547 (2.218ms),11331 (~0%),7833 (~0%),86 (1%),14 (~0%),0 (~0%),6,1,4,off,off,1,1
05min 31sec,564147 (2.257ms),11294 (~0%),7870 (~0%),86 (1%),14 (~0%),0 (~0%),10,1,4,off,off,1,1
05min 09sec,556948 (2.228ms),9718 (~0%),6668 (~0%),56 (1%),14 (~0%),4 (~0%),1,10,4,off,off,1,1
04min 32sec,554548 (2.218ms),10323 (~0%),7189 (~0%),96 (2%),14 (~0%),0 (~0%),1,20,4,off,off,1,1
05min 26sec,576017 (2.304ms),12890 (1%),9251 (~0%),124 (2%),14 (~0%),0 (~0%),1,1,4,off,off,2,1
05min 02sec,554547 (2.218ms),11331 (~0%),7833 (~0%),86 (1%),14 (~0%),0 (~0%),6,1,4,off,off,1,1
05min 01sec,564147 (2.257ms),11294 (~0%),7870 (~0%),86 (1%),14 (~0%),0 (~0%),10,1,4,off,off,1,1
04min 50sec,556948 (2.228ms),9718 (~0%),6668 (~0%),56 (1%),14 (~0%),4 (~0%),1,10,4,off,off,1,1
05min 04sec,559996 (2.24ms),13293 (1%),8332 (~0%),142 (3%),14 (~0%),0 (~0%),1,1,4,off,off,4,1
05min 28sec,7680975 (30.724ms),76190 (6%),97122 (4%),110 (2%),118 (1%),0 (~0%),1,1,4,off,off,1,4
05min 02sec,564147 (2.257ms),11294 (~0%),7870 (~0%),86 (1%),14 (~0%),0 (~0%),10,1,4,off,off,1,1
04min 58sec,553647 (2.215ms),11724 (~0%),8230 (~0%),110 (2%),14 (~0%),0 (~0%),12,1,4,off,off,1,1
04min 57sec,554547 (2.218ms),11331 (~0%),7833 (~0%),86 (1%),14 (~0%),0 (~0%),6,1,4,off,off,1,1
04min 48sec,561763 (2.247ms),17025 (1%),10865 (~0%),108 (2%),14 (~0%),0 (~0%),3,4,4,off,off,1,1
04min 34sec,566552 (2.266ms),10408 (~0%),10328 (~0%),76 (1%),14 (~0%),2 (~0%),3,5,4,off,off,1,1
04min 48sec,561162 (2.245ms),11830 (1%),9938 (~0%),108 (2%),14 (~0%),0 (~0%),3,8,4,off,off,1,1
07min 00sec,1560148 (6.241ms),7971 (~0%),4944 (~0%),40 (~0%),11 (~0%),2 (~0%),2,10,1,off,off,1,1
07min 14sec,1550451 (6.202ms),12267 (1%),8900 (~0%),142 (3%),11 (~0%),0 (~0%),2,1,1,off,off,8,1
06min 59sec,1989676 (7.959ms),8062 (~0%),6550 (~0%),94 (2%),11 (~0%),0 (~0%),2,1,1,off,off,1,8
06min 53sec,1560148 (6.241ms),7971 (~0%),4944 (~0%),40 (~0%),11 (~0%),2 (~0%),2,10,1,off,off,1,1
07min 13sec,1550451 (6.202ms),12267 (1%),8900 (~0%),142 (3%),11 (~0%),0 (~0%),2,1,1,off,off,8,1
07min 00sec,1989676 (7.959ms),8062 (~0%),6550 (~0%),94 (2%),11 (~0%),0 (~0%),2,1,1,off,off,1,8
07min 00sec,564147 (2.257ms),11294 (~0%),7870 (~0%),86 (1%),14 (~0%),0 (~0%),10,1,4,off,off,1,1
06min 57sec,556948 (2.228ms),9718 (~0%),6668 (~0%),56 (1%),14 (~0%),4 (~0%),1,10,4,off,off,1,1
06min 52sec,28767 (0.115ms),196867 (16%),159990 (6%),46 (1%),657 (9%),0 (~0%),1,1,4,off,flatten,1,1
03min 34sec,559996 (2.24ms),13293 (1%),8332 (~0%),142 (3%),14 (~0%),0 (~0%),1,1,4,off,off,4,1
04min 54sec,554547 (2.218ms),11331 (~0%),7833 (~0%),86 (1%),14 (~0%),0 (~0%),6,1,4,off,off,1,1
04min 52sec,556948 (2.228ms),9718 (~0%),6668 (~0%),56 (1%),14 (~0%),4 (~0%),1,10,4,off,off,1,1
07min 57sec,28767 (0.115ms),196867 (16%),159990 (6%),46 (1%),657 (9%),0 (~0%),1,1,4,off,flatten,1,1
05min 03sec,559996 (2.24ms),13293 (1%),8332 (~0%),142 (3%),14 (~0%),0 (~0%),1,1,4,off,off,4,1
05min 03sec,7680975 (30.724ms),76190 (6%),97122 (4%),110 (2%),118 (1%),0 (~0%),1,1,4,off,off,1,4
05min 07sec,15315375 (61.261ms),76769 (6%),102192 (4%),110 (2%),118 (1%),0 (~0%),1,1,4,off,off,1,2
04min 30sec,887562 (3.55ms),9096 (~0%),8513 (~0%),92 (2%),11 (~0%),2 (~0%),3,1,2,off,off,1,1
04min 24sec,887561 (3.55ms),9087 (~0%),8463 (~0%),92 (2%),11 (~0%),2 (~0%),5,1,2,off,off,1,1
04min 54sec,880949 (3.524ms),13269 (1%),7852 (~0%),94 (2%),11 (~0%),0 (~0%),1,4,2,off,off,1,1
04min 26sec,2169774 (8.679ms),8535 (~0%),7249 (~0%),94 (2%),11 (~0%),0 (~0%),1,5,2,off,off,1,1
05min 03sec,486447 (2.079ms),15138 (1%),8718 (~0%),150 (3%),14 (~0%),0 (~0%),1,1,5,off,off,1,1
08min 03sec,28767 (0.115ms),196867 (16%),159990 (6%),46 (1%),657 (9%),0 (~0%),1,1,2,off,flatten,1,1
04min 48sec,891196 (3.565ms),8356 (~0%),6730 (~0%),94 (2%),11 (~0%),0 (~0%),1,1,2,off,off,4,1
05min 35sec,880947 (3.524ms),8338 (~0%),6358 (~0%),86 (1%),11 (~0%),0 (~0%),6,1,2,off,off,1,1
05min 25sec,890547 (3.562ms),8379 (~0%),6391 (~0%),86 (1%),11 (~0%),0 (~0%),10,1,2,off,off,1,1
05min 34sec,880047 (3.52ms),8310 (~0%),6674 (~0%),94 (2%),11 (~0%),0 (~0%),1,8,2,off,off,1,1
05min 20sec,883348 (3.533ms),7582 (~0%),5228 (~0%),40 (~0%),11 (~0%),2 (~0%),1,10,2,off,off,1,1
05min 31sec,486447 (2.079ms),15138 (1%),8718 (~0%),150 (3%),14 (~0%),0 (~0%),1,1,5,off,off,1,1
05min 33sec,428847 (1.715ms),15821 (1%),9984 (~0%),158 (3%),25 (~0%),0 (~0%),1,1,6,off,off,1,1
04min 14sec,8683289 (34.733ms),70952 (6%),96803 (4%),92 (2%),131 (1%),1 (~0%),5,1,1,off,off,1,4
04min 26sec,8681475 (34.726ms),69989 (5%),94720 (4%),70 (1%),131 (1%),2 (~0%),6,1,1,off,off,1,4
04min 23sec,8681475 (34.726ms),69870 (5%),94780 (4%),70 (1%),131 (1%),2 (~0%),10,1,1,off,off,1,4
03min 53sec,1942575 (7.77ms),9650 (~0%),6560 (~0%),94 (2%),11 (~0%),0 (~0%),1,4,1,off,off,1,4
04min 24sec,1676849 (6.707ms),11145 (~0%),8534 (~0%),142 (3%),11 (~0%),0 (~0%),1,8,1,off,off,1,4
03min 50sec,1852455 (7.41ms),6690 (~0%),4713 (~0%),40 (~0%),11 (~0%),2 (~0%),1,10,1,off,off,1,4
29min 11sec,7580355 (30.321ms),350590 (29%),227512 (9%),46 (1%),761 (11%),0 (~0%),1,1,1,off,flatten,1,4
03min 47sec,1950089 (7.8ms),10777 (~0%),8292 (~0%),92 (2%),11 (~0%),1 (~0%),5,4,1,off,off,1,4
04min 11sec,1687137 (6.749ms),12458 (1%),11460 (~0%),124 (2%),11 (~0%),2 (~0%),5,8,1,off,off,1,4
04min 05sec,1019937 (4.08ms),13491 (1%),12490 (~0%),124 (2%),11 (~0%),4 (~0%),5,8,2,off,off,1,4
03min 25sec,1552947 (6.212ms),7506 (~0%),5860 (~0%),70 (1%),11 (~0%),2 (~0%),6,1,1,off,off,1,1
03min 31sec,1560148 (6.241ms),7971 (~0%),4944 (~0%),40 (~0%),11 (~0%),2 (~0%),2,10,1,off,off,1,1
03min 42sec,1548749 (6.195ms),13524 (1%),7559 (~0%),94 (2%),11 (~0%),0 (~0%),2,4,1,off,off,1,1
03min 15sec,1564953 (6.26ms),8728 (~0%),7129 (~0%),94 (2%),11 (~0%),0 (~0%),2,5,1,off,off,1,1
03min 42sec,554547 (2.218ms),11331 (~0%),7833 (~0%),86 (1%),14 (~0%),0 (~0%),6,1,4,off,off,1,1
03min 42sec,553647 (2.215ms),11724 (~0%),8230 (~0%),110 (2%),14 (~0%),0 (~0%),12,1,4,off,off,1,1
03min 42sec,556948 (2.228ms),9718 (~0%),6668 (~0%),56 (1%),14 (~0%),4 (~0%),1,10,4,off,off,1,1
03min 18sec,554548 (2.218ms),10323 (~0%),7189 (~0%),96 (2%),14 (~0%),0 (~0%),1,20,4,off,off,1,1
07min 09sec,28767 (0.115ms),196867 (16%),159990 (6%),46 (1%),657 (9%),0 (~0%),1,1,4,off,flatten,1,1
03min 54sec,559996 (2.24ms),13293 (1%),8332 (~0%),142 (3%),14 (~0%),0 (~0%),1,1,4,off,off,4,1
04min 14sec,554547 (2.218ms),11331 (~0%),7833 (~0%),86 (1%),14 (~0%),0 (~0%),6,1,4,off,off,1,1
04min 08sec,564147 (2.257ms),11294 (~0%),7870 (~0%),86 (1%),14 (~0%),0 (~0%),10,1,4,off,off,1,1
04min 14sec,553647 (2.215ms),11724 (~0%),8230 (~0%),110 (2%),14 (~0%),0 (~0%),12,1,4,off,off,1,1
04min 12sec,556948 (2.228ms),9718 (~0%),6668 (~0%),56 (1%),14 (~0%),4 (~0%),1,10,4,off,off,1,1
04min 16sec,559996 (2.24ms),13293 (1%),8332 (~0%),142 (3%),14 (~0%),0 (~0%),1,1,4,off,off,4,1
04min 12sec,564147 (2.257ms),11294 (~0%),7870 (~0%),86 (1%),14 (~0%),0 (~0%),10,1,4,off,off,1,1
04min 15sec,553719 (2.215ms),13396 (1%),8349 (~0%),142 (3%),14 (~0%),0 (~0%),4,2,4,off,off,1,1
04min 10sec,553719 (2.215ms),13462 (1%),8349 (~0%),142 (3%),14 (~0%),0 (~0%),4,4,4,off,off,1,1
05min 14sec,557923 (2.384ms),22702 (1%),12164 (~0%),230 (5%),14 (~0%),0 (~0%),4,1,4,off,off,2,1
04min 42sec,7694175 (30.777ms),81417 (6%),101217 (4%),142 (3%),142 (2%),0 (~0%),4,1,4,off,off,1,4
04min 27sec,554547 (2.218ms),11331 (~0%),7833 (~0%),86 (1%),14 (~0%),0 (~0%),6,1,4,off,off,1,1
04min 27sec,564147 (2.257ms),11294 (~0%),7870 (~0%),86 (1%),14 (~0%),0 (~0%),10,1,4,off,off,1,1
04min 27sec,556948 (2.228ms),9718 (~0%),6668 (~0%),56 (1%),14 (~0%),4 (~0%),1,10,4,off,off,1,1
07min 41sec,28767 (0.115ms),196867 (16%),159990 (6%),46 (1%),657 (9%),0 (~0%),1,1,4,off,flatten,1,1
04min 33sec,559996 (2.24ms),13293 (1%),8332 (~0%),142 (3%),14 (~0%),0 (~0%),1,1,4,off,off,4,1
04min 26sec,880947 (3.524ms),8338 (~0%),6358 (~0%),86 (1%),11 (~0%),0 (~0%),6,1,2,off,off,1,1
04min 27sec,890547 (3.562ms),8379 (~0%),6391 (~0%),86 (1%),11 (~0%),0 (~0%),10,1,2,off,off,1,1
04min 27sec,883348 (3.533ms),7582 (~0%),5228 (~0%),40 (~0%),11 (~0%),2 (~0%),1,10,2,off,off,1,1
04min 32sec,883349 (3.533ms),22365 (1%),10130 (~0%),94 (2%),11 (~0%),0 (~0%),1,2,2,off,off,1,1
04min 30sec,486447 (2.079ms),15138 (1%),8718 (~0%),150 (3%),14 (~0%),0 (~0%),1,1,5,off,off,1,1
04min 29sec,897617 (3.59ms),10928 (~0%),7907 (~0%),108 (2%),11 (~0%),0 (~0%),1,1,2,off,off,2,1
04min 26sec,554547 (2.218ms),11331 (~0%),7833 (~0%),86 (1%),14 (~0%),0 (~0%),6,1,4,off,off,1,1
04min 17sec,556948 (2.228ms),9718 (~0%),6668 (~0%),56 (1%),14 (~0%),4 (~0%),1,10,4,off,off,1,1
04min 25sec,486447 (2.079ms),15138 (1%),8718 (~0%),150 (3%),14 (~0%),0 (~0%),1,1,5,off,off,1,1
60min 00sec,,,,,,,1,1,4,flatten,off,1,1
07min 32sec,28767 (0.115ms),196867 (16%),159990 (6%),46 (1%),657 (9%),0 (~0%),1,1,4,off,flatten,1,1
04min 31sec,559996 (2.24ms),13293 (1%),8332 (~0%),142 (3%),14 (~0%),0 (~0%),1,1,4,off,off,4,1
04min 41sec,15315375 (61.261ms),76769 (6%),102192 (4%),110 (2%),118 (1%),0 (~0%),1,1,4,off,off,1,2
04min 27sec,428847 (1.715ms),15821 (1%),9984 (~0%),158 (3%),25 (~0%),0 (~0%),1,1,6,off,off,1,1
04min 23sec,890547 (3.562ms),8379 (~0%),6391 (~0%),86 (1%),11 (~0%),0 (~0%),10,1,2,off,off,1,1
04min 23sec,883348 (3.533ms),7582 (~0%),5228 (~0%),40 (~0%),11 (~0%),2 (~0%),1,10,2,off,off,1,1
04min 28sec,486447 (2.079ms),15138 (1%),8718 (~0%),150 (3%),14 (~0%),0 (~0%),1,1,5,off,off,1,1
04min 16sec,891196 (3.565ms),8356 (~0%),6730 (~0%),94 (2%),11 (~0%),0 (~0%),1,1,2,off,off,4,1
04min 32sec,8008575 (32.034ms),70598 (5%),95575 (4%),94 (2%),131 (1%),0 (~0%),1,1,2,off,off,1,4
04min 28sec,880047 (3.52ms),8661 (~0%),6754 (~0%),94 (2%),11 (~0%),0 (~0%),12,1,2,off,off,1,1
04min 50sec,16311375 (65.246ms),70445 (5%),100040 (4%),94 (2%),131 (1%),0 (~0%),4,1,1,off,off,1,2
04min 34sec,1764675 (7.059ms),6760 (~0%),6382 (~0%),94 (2%),11 (~0%),0 (~0%),4,8,1,off,off,1,2
04min 37sec,1097475 (4.39ms),7570 (~0%),6902 (~0%),94 (2%),11 (~0%),0 (~0%),4,8,2,off,off,1,2
04min 18sec,1547247 (6.189ms),7531 (~0%),6156 (~0%),94 (2%),11 (~0%),0 (~0%),4,1,1,off,off,1,1
04min 13sec,1555362 (6.221ms),13373 (1%),9045 (~0%),92 (2%),11 (~0%),1 (~0%),5,4,1,off,off,1,1
03min 50sec,1564953 (6.26ms),8595 (~0%),8624 (~0%),92 (2%),11 (~0%),1 (~0%),5,5,1,off,off,1,1
04min 13sec,1554761 (6.219ms),8472 (~0%),7867 (~0%),92 (2%),11 (~0%),1 (~0%),5,8,1,off,off,1,1
04min 15sec,493961 (2.111ms),15349 (1%),10666 (~0%),160 (3%),14 (~0%),0 (~0%),5,1,5,off,off,1,1
03min 45sec,1548749 (6.195ms),13524 (1%),7559 (~0%),94 (2%),11 (~0%),0 (~0%),2,4,1,off,off,1,1
60min 00sec,,,,,,,2,1,1,flatten,off,1,1
08min 02sec,7718 (0.031ms),236980 (20%),164297 (6%),46 (1%),657 (9%),0 (~0%),2,1,1,off,flatten,1,1
04min 18sec,1553443 (6.214ms),12277 (1%),8888 (~0%),142 (3%),11 (~0%),0 (~0%),2,1,1,off,off,4,1
03min 40sec,1989676 (7.959ms),8062 (~0%),6550 (~0%),94 (2%),11 (~0%),0 (~0%),2,1,1,off,off,1,8
03min 36sec,1548148 (6.193ms),8623 (~0%),6381 (~0%),94 (2%),11 (~0%),0 (~0%),2,8,1,off,off,1,1
03min 45sec,554547 (2.218ms),11331 (~0%),7833 (~0%),86 (1%),14 (~0%),0 (~0%),6,1,4,off,off,1,1
03min 41sec,564147 (2.257ms),11294 (~0%),7870 (~0%),86 (1%),14 (~0%),0 (~0%),10,1,4,off,off,1,1
03min 45sec,553647 (2.215ms),11724 (~0%),8230 (~0%),110 (2%),14 (~0%),0 (~0%),12,1,4,off,off,1,1
03min 41sec,556948 (2.228ms),9718 (~0%),6668 (~0%),56 (1%),14 (~0%),4 (~0%),1,10,4,off,off,1,1
03min 31sec,554548 (2.218ms),10323 (~0%),7189 (~0%),96 (2%),14 (~0%),0 (~0%),1,20,4,off,off,1,1
07min 22sec,28767 (0.115ms),196867 (16%),159990 (6%),46 (1%),657 (9%),0 (~0%),1,1,4,off,flatten,1,1
03min 48sec,559996 (2.24ms),13293 (1%),8332 (~0%),142 (3%),14 (~0%),0 (~0%),1,1,4,off,off,4,1
04min 11sec,7680975 (30.724ms),76190 (6%),97122 (4%),110 (2%),118 (1%),0 (~0%),1,1,4,off,off,1,4
03min 39sec,1561362 (6.245ms),7838 (~0%),6431 (~0%),38 (~0%),11 (~0%),3 (~0%),5,10,1,off,off,1,1
03min 43sec,652361 (2.609ms),11965 (1%),9698 (~0%),92 (2%),14 (~0%),3 (~0%),5,1,3,off,off,1,1
03min 45sec,1552947 (6.212ms),7506 (~0%),5860 (~0%),70 (1%),11 (~0%),2 (~0%),6,1,1,off,off,1,1
03min 51sec,1550549 (6.202ms),21541 (1%),9561 (~0%),94 (2%),11 (~0%),0 (~0%),4,2,1,off,off,1,1
03min 39sec,1564953 (6.26ms),7591 (~0%),6859 (~0%),94 (2%),11 (~0%),0 (~0%),4,5,1,off,off,1,1
03min 51sec,428847 (1.715ms),15823 (1%),9945 (~0%),158 (3%),25 (~0%),0 (~0%),4,1,6,off,off,1,1
04min 15sec,1560148 (6.241ms),7971 (~0%),4944 (~0%),40 (~0%),11 (~0%),2 (~0%),2,10,1,off,off,1,1
08min 23sec,7718 (0.031ms),236980 (20%),164297 (6%),46 (1%),657 (9%),0 (~0%),2,1,1,off,flatten,1,1
04min 47sec,1553443 (6.214ms),12277 (1%),8888 (~0%),142 (3%),11 (~0%),0 (~0%),2,1,1,off,off,4,1
04min 15sec,1989676 (7.959ms),8062 (~0%),6550 (~0%),94 (2%),11 (~0%),0 (~0%),2,1,1,off,off,1,8
04min 22sec,337648 (1.351ms),25680 (2%),15567 (~0%),284 (6%),39 (~0%),0 (~0%),2,1,12,off,off,1,1
04min 13sec,1552947 (6.212ms),7506 (~0%),5860 (~0%),70 (1%),11 (~0%),2 (~0%),6,1,1,off,off,1,1
04min 19sec,486447 (2.079ms),15138 (1%),8718 (~0%),150 (3%),14 (~0%),0 (~0%),1,1,5,off,off,1,1
04min 15sec,1570517 (6.282ms),8654 (~0%),6483 (~0%),94 (2%),11 (~0%),0 (~0%),1,1,1,off,off,2,1
03min 32sec,1552947 (6.212ms),7506 (~0%),5860 (~0%),70 (1%),11 (~0%),2 (~0%),6,1,1,off,off,1,1
03min 26sec,1564953 (6.26ms),7591 (~0%),6859 (~0%),94 (2%),11 (~0%),0 (~0%),4,5,1,off,off,1,1
03min 48sec,1547247 (6.189ms),7486 (~0%),6107 (~0%),94 (2%),11 (~0%),0 (~0%),4,8,1,off,off,1,1
03min 57sec,486447 (2.079ms),15140 (1%),8673 (~0%),150 (3%),14 (~0%),0 (~0%),4,1,5,off,off,1,1
04min 28sec,1553443 (6.214ms),11954 (1%),8834 (~0%),142 (3%),11 (~0%),0 (~0%),4,1,1,off,off,2,1
03min 48sec,564147 (2.257ms),11294 (~0%),7870 (~0%),86 (1%),14 (~0%),0 (~0%),10,1,4,off,off,1,1
03min 47sec,556948 (2.228ms),9718 (~0%),6668 (~0%),56 (1%),14 (~0%),4 (~0%),1,10,4,off,off,1,1
07min 24sec,28767 (0.115ms),196867 (16%),159990 (6%),46 (1%),657 (9%),0 (~0%),1,1,4,off,flatten,1,1
03min 48sec,576017 (2.304ms),12890 (1%),9251 (~0%),124 (2%),14 (~0%),0 (~0%),1,1,4,off,off,2,1
03min 47sec,995175 (3.981ms),11019 (~0%),8238 (~0%),110 (2%),14 (~0%),0 (~0%),1,1,4,off,off,1,8
04min 13sec,1560148 (6.241ms),7971 (~0%),4944 (~0%),40 (~0%),11 (~0%),2 (~0%),2,10,1,off,off,1,1
04min 19sec,1548148 (6.193ms),8623 (~0%),6381 (~0%),94 (2%),11 (~0%),0 (~0%),2,8,1,off,off,1,1
04min 24sec,1548749 (6.195ms),13524 (1%),7559 (~0%),94 (2%),11 (~0%),0 (~0%),2,4,1,off,off,1,1
04min 29sec,554547 (2.218ms),11331 (~0%),7833 (~0%),86 (1%),14 (~0%),0 (~0%),6,1,4,off,off,1,1
04min 24sec,556948 (2.228ms),9718 (~0%),6668 (~0%),56 (1%),14 (~0%),4 (~0%),1,10,4,off,off,1,1
07min 34sec,28767 (0.115ms),196867 (16%),159990 (6%),46 (1%),657 (9%),0 (~0%),1,1,4,off,flatten,1,1
04min 30sec,559996 (2.24ms),13293 (1%),8332 (~0%),142 (3%),14 (~0%),0 (~0%),1,1,4,off,off,4,1
04min 34sec,7680975 (30.724ms),76190 (6%),97122 (4%),110 (2%),118 (1%),0 (~0%),1,1,4,off,off,1,4
04min 37sec,15315375 (61.261ms),76769 (6%),102192 (4%),110 (2%),118 (1%),0 (~0%),1,1,4,off,off,1,2
03min 44sec,556948 (2.228ms),9718 (~0%),6668 (~0%),56 (1%),14 (~0%),4 (~0%),1,10,4,off,off,1,1
07min 05sec,28767 (0.115ms),196867 (16%),159990 (6%),46 (1%),657 (9%),0 (~0%),1,1,4,off,flatten,1,1
04min 23sec,559996 (2.24ms),13293 (1%),8332 (~0%),142 (3%),14 (~0%),0 (~0%),1,1,4,off,off,4,1
04min 09sec,995175 (3.981ms),11019 (~0%),8238 (~0%),110 (2%),14 (~0%),0 (~0%),1,1,4,off,off,1,8
03min 47sec,1552947 (6.212ms),7506 (~0%),5860 (~0%),70 (1%),11 (~0%),2 (~0%),6,1,1,off,off,1,1
03min 27sec,1564953 (6.26ms),7591 (~0%),6859 (~0%),94 (2%),11 (~0%),0 (~0%),4,5,1,off,off,1,1
03min 46sec,1547247 (6.189ms),7486 (~0%),6107 (~0%),94 (2%),11 (~0%),0 (~0%),4,8,1,off,off,1,1
03min 48sec,1560148 (6.241ms),7971 (~0%),4944 (~0%),40 (~0%),11 (~0%),2 (~0%),2,10,1,off,off,1,1
03min 48sec,1548148 (6.193ms),8623 (~0%),6381 (~0%),94 (2%),11 (~0%),0 (~0%),2,8,1,off,off,1,1
04min 29sec,1553443 (6.214ms),12277 (1%),8888 (~0%),142 (3%),11 (~0%),0 (~0%),2,1,1,off,off,4,1
04min 08sec,8676676 (34.707ms),70982 (6%),95282 (4%),94 (2%),131 (1%),0 (~0%),2,1,1,off,off,1,4
03min 48sec,1548749 (6.195ms),13524 (1%),7559 (~0%),94 (2%),11 (~0%),0 (~0%),2,4,1,off,off,1,1
03min 49sec,1548148 (6.193ms),8623 (~0%),6381 (~0%),94 (2%),11 (~0%),0 (~0%),2,8,1,off,off,1,1
03min 43sec,1560148 (6.241ms),7971 (~0%),4944 (~0%),40 (~0%),11 (~0%),2 (~0%),2,10,1,off,off,1,1
04min 31sec,8676676 (34.707ms),70982 (6%),95282 (4%),94 (2%),131 (1%),0 (~0%),2,1,1,off,off,1,4
04min 23sec,8683290 (34.733ms),71017 (6%),96823 (4%),92 (2%),131 (1%),1 (~0%),3,1,1,off,off,1,4
04min 31sec,8675775 (34.703ms),69848 (5%),95012 (4%),94 (2%),131 (1%),0 (~0%),4,1,1,off,off,1,4
04min 01sec,1942575 (7.77ms),9650 (~0%),6505 (~0%),94 (2%),11 (~0%),0 (~0%),4,4,1,off,off,1,4
04min 32sec,1676909 (6.708ms),11037 (~0%),8446 (~0%),142 (3%),11 (~0%),0 (~0%),4,8,1,off,off,1,4
04min 36sec,774509 (3.098ms),17718 (1%),10979 (~0%),158 (3%),14 (~0%),0 (~0%),4,8,3,off,off,1,4
03min 35sec,1564953 (6.26ms),8622 (~0%),8665 (~0%),92 (2%),11 (~0%),1 (~0%),3,5,1,off,off,1,1
03min 43sec,1564953 (6.26ms),7607 (~0%),6556 (~0%),70 (1%),11 (~0%),2 (~0%),6,5,1,off,off,1,1
03min 44sec,1569753 (6.279ms),7622 (~0%),6573 (~0%),70 (1%),11 (~0%),2 (~0%),10,5,1,off,off,1,1
03min 48sec,499352 (2.134ms),10647 (~0%),8969 (~0%),86 (1%),14 (~0%),4 (~0%),1,5,5,off,off,1,1
06min 22sec,33032 (0.132ms),365705 (30%),424832 (17%),46 (1%),3285 (48%),0 (~0%),1,5,1,off,flatten,1,1
03min 59sec,553648 (2.215ms),12921 (1%),9204 (~0%),124 (2%),14 (~0%),0 (~0%),2,1,4,off,off,1,1
03min 58sec,554547 (2.218ms),11331 (~0%),7833 (~0%),86 (1%),14 (~0%),0 (~0%),6,1,4,off,off,1,1
03min 58sec,553647 (2.215ms),11724 (~0%),8230 (~0%),110 (2%),14 (~0%),0 (~0%),12,1,4,off,off,1,1
03min 41sec,561762 (2.247ms),16973 (1%),10817 (~0%),108 (2%),14 (~0%),0 (~0%),5,4,4,off,off,1,1
03min 25sec,571352 (2.285ms),10331 (~0%),10260 (~0%),76 (1%),14 (~0%),2 (~0%),5,5,4,off,off,1,1
03min 31sec,561161 (2.245ms),11776 (~0%),9890 (~0%),108 (2%),14 (~0%),0 (~0%),5,8,4,off,off,1,1
03min 41sec,563332 (2.253ms),11923 (1%),9918 (~0%),108 (2%),14 (~0%),0 (~0%),5,1,4,off,off,4,1
03min 57sec,1570517 (6.282ms),8654 (~0%),6483 (~0%),94 (2%),11 (~0%),0 (~0%),1,1,1,off,off,2,1
03min 33sec,373961 (1.598ms),23034 (1%),14701 (~0%),208 (4%),28 (~0%),0 (~0%),5,1,10,off,off,1,1
03min 48sec,367347 (1.57ms),28502 (2%),17198 (~0%),78 (1%),28 (~0%),0 (~0%),10,1,10,off,off,1,1
03min 57sec,381749 (1.631ms),30922 (2%),15522 (~0%),254 (5%),28 (~0%),0 (~0%),1,4,10,off,off,1,1
03min 34sec,340362 (1.361ms),22334 (1%),16466 (~0%),212 (4%),39 (~0%),0 (~0%),3,1,12,off,off,1,1
03min 52sec,337647 (1.351ms),22780 (1%),14521 (~0%),270 (6%),39 (~0%),0 (~0%),4,1,12,off,off,1,1
60min 00sec,,,,,,,1,1,12,flatten,off,1,1
07min 14sec,28767 (0.115ms),196867 (16%),159990 (6%),46 (1%),657 (9%),0 (~0%),1,1,12,off,flatten,1,1
09min 24sec,7718 (0.031ms),236980 (20%),164297 (6%),46 (1%),657 (9%),0 (~0%),2,1,12,off,flatten,1,1
07min 43sec,9520 (0.038ms),183889 (15%),157562 (6%),60 (1%),657 (9%),0 (~0%),3,1,12,off,flatten,1,1
08min 14sec,28767 (0.115ms),196922 (16%),159920 (6%),46 (1%),657 (9%),0 (~0%),4,1,12,off,flatten,1,1
08min 47sec,24567 (0.098ms),565048 (47%),664301 (28%),46 (1%),5256 (76%),0 (~0%),1,8,12,off,flatten,1,1
11min 04sec,27747 (0.111ms),701130 (59%),822972 (34%),24 (~0%),6570 (96%),0 (~0%),1,10,12,off,flatten,1,1
08min 17sec,28767 (0.115ms),196867 (16%),159990 (6%),46 (1%),657 (9%),0 (~0%),1,1,20,off,flatten,1,1
08min 40sec,28767 (0.115ms),196867 (16%),159990 (6%),46 (1%),657 (9%),0 (~0%),1,1,30,off,flatten,1,1
60min 00sec,,,,,,,2,1,12,flatten,off,1,1
60min 00sec,,,,,,,3,1,12,flatten,off,1,1
60min 00sec,,,,,,,4,1,12,flatten,off,1,1
60min 00sec,,,,,,,1,2,12,flatten,off,1,1
60min 00sec,,,,,,,1,4,12,flatten,off,1,1
60min 00sec,,,,,,,1,8,12,flatten,off,1,1
60min 00sec,,,,,,,1,1,10,flatten,off,1,1
60min 00sec,,,,,,,1,1,6,flatten,off,1,1
09min 11sec,7717 (0.031ms),203707 (17%),155935 (6%),38 (~0%),657 (9%),0 (~0%),10,1,12,off,flatten,1,1
09min 18sec,7717 (0.031ms),203933 (17%),155940 (6%),38 (~0%),657 (9%),0 (~0%),6,1,12,off,flatten,1,1
08min 42sec,9520 (0.038ms),183651 (15%),157550 (6%),60 (1%),657 (9%),0 (~0%),5,1,12,off,flatten,1,1
11min 41sec,3518 (0.014ms),605198 (51%),668595 (28%),46 (1%),5256 (76%),0 (~0%),2,8,12,off,flatten,1,1
09min 10sec,11082 (0.044ms),405858 (34%),429127 (18%),46 (1%),3285 (48%),0 (~0%),2,5,12,off,flatten,1,1
10min 39sec,4718 (0.019ms),406432 (34%),381793 (16%),46 (1%),2628 (38%),0 (~0%),2,4,12,off,flatten,1,1
09min 48sec,7718 (0.031ms),236980 (20%),164297 (6%),46 (1%),657 (9%),0 (~0%),2,1,4,off,flatten,1,1
09min 41sec,7718 (0.031ms),236980 (20%),164297 (6%),46 (1%),657 (9%),0 (~0%),2,1,3,off,flatten,1,1
09min 55sec,6521 (0.026ms),359002 (30%),386394 (16%),60 (1%),2628 (38%),0 (~0%),3,4,12,off,flatten,1,1
10min 18sec,5320 (0.021ms),565309 (47%),688772 (29%),60 (1%),5256 (76%),0 (~0%),3,8,12,off,flatten,1,1
12min 43sec,7000 (0.028ms),705166 (59%),855122 (36%),38 (~0%),6570 (96%),0 (~0%),3,10,12,off,flatten,1,1
08min 38sec,9520 (0.038ms),183889 (15%),157562 (6%),60 (1%),657 (9%),0 (~0%),3,1,20,off,flatten,1,1
07min 58sec,24567 (0.098ms),565103 (47%),664229 (28%),46 (1%),5256 (76%),0 (~0%),4,8,12,off,flatten,1,1
08min 39sec,5320 (0.021ms),565071 (47%),688794 (29%),60 (1%),5256 (76%),0 (~0%),5,8,12,off,flatten,1,1
09min 24sec,3517 (0.014ms),572155 (48%),660233 (27%),38 (~0%),5256 (76%),0 (~0%),6,8,12,off,flatten,1,1
13min 30sec,5797 (0.023ms),741279 (62%),827265 (34%),24 (~0%),6570 (96%),0 (~0%),2,10,12,off,flatten,1,1
21min 00sec,3218 (0.013ms),1157170 (97%),1307652 (55%),46 (1%),10512 (153%),0 (~0%),2,16,12,off,flatten,1,1
28min 45sec,3758 (0.015ms),1411767 (119%),1626530 (68%),32 (~0%),13140 (192%),0 (~0%),2,20,12,off,flatten,1,1
11min 06sec,3518 (0.014ms),605198 (51%),668595 (28%),46 (1%),5256 (76%),0 (~0%),2,8,4,off,flatten,1,1
10min 49sec,3518 (0.014ms),605198 (51%),668595 (28%),46 (1%),5256 (76%),0 (~0%),2,8,6,off,flatten,1,1
09min 29sec,27747 (0.111ms),701185 (59%),822900 (34%),24 (~0%),6570 (96%),0 (~0%),4,10,12,off,flatten,1,1
18min 13sec,5020 (0.02ms),1132385 (95%),1358549 (57%),60 (1%),10512 (153%),0 (~0%),3,16,12,off,flatten,1,1
11min 06sec,7000 (0.028ms),705166 (59%),855122 (36%),38 (~0%),6570 (96%),0 (~0%),3,10,10,off,flatten,1,1
11min 13sec,7000 (0.028ms),705166 (59%),855122 (36%),38 (~0%),6570 (96%),0 (~0%),3,10,6,off,flatten,1,1
11min 07sec,35758 (0.143ms),705808 (59%),855130 (36%),38 (~0%),6570 (96%),0 (~0%),3,10,12,off,flatten,2,1
09min 11sec,699917 (2.8ms),683789 (57%),812646 (34%),38 (~0%),6570 (96%),0 (~0%),3,10,12,off,flatten,1,2
60min 00sec,,,,,,,5,1,12,flatten,off,1,1
60min 00sec,,,,,,,6,1,12,flatten,off,1,1
60min 00sec,,,,,,,10,1,12,flatten,off,1,1
60min 00sec,,,,,,,2,2,12,flatten,off,1,1
60min 00sec,,,,,,,2,4,12,flatten,off,1,1
60min 00sec,,,,,,,2,5,12,flatten,off,1,1
60min 00sec,,,,,,,2,1,3,flatten,off,1,1
60min 00sec,,,,,,,2,1,4,flatten,off,1,1
60min 00sec,,,,,,,3,5,12,flatten,off,1,1
60min 00sec,,,,,,,3,4,12,flatten,off,1,1
60min 00sec,,,,,,,3,2,12,flatten,off,1,1
60min 00sec,,,,,,,3,1,10,flatten,off,1,1
60min 00sec,,,,,,,3,1,6,flatten,off,1,1
07min 33sec,28767 (0.115ms),197375 (16%),160077 (6%),46 (1%),657 (9%),0 (~0%),12,1,12,off,flatten,1,1
06min 49sec,9520 (0.038ms),183671 (15%),157574 (6%),60 (1%),657 (9%),0 (~0%),15,1,12,off,flatten,1,1
07min 24sec,28767 (0.115ms),197259 (16%),160070 (6%),46 (1%),657 (9%),0 (~0%),20,1,12,off,flatten,1,1
08min 41sec,4718 (0.019ms),373166 (31%),373438 (15%),38 (~0%),2628 (38%),0 (~0%),10,4,12,off,flatten,1,1
09min 34sec,3517 (0.014ms),571930 (48%),660234 (27%),38 (~0%),5256 (76%),0 (~0%),10,8,12,off,flatten,1,1
07min 29sec,7717 (0.031ms),203707 (17%),155935 (6%),38 (~0%),657 (9%),0 (~0%),10,1,5,off,flatten,1,1
60min 00sec,,,,,,,10,1,12,flatten,flatten,1,1
07min 35sec,10630 (0.043ms),204145 (17%),156028 (6%),38 (~0%),657 (9%),0 (~0%),10,1,12,off,flatten,2,1
08min 41sec,4718 (0.019ms),373392 (31%),373437 (15%),38 (~0%),2628 (38%),0 (~0%),6,4,12,off,flatten,1,1
07min 01sec,11082 (0.044ms),372816 (31%),420765 (17%),38 (~0%),3285 (48%),0 (~0%),6,5,12,off,flatten,1,1
07min 32sec,7717 (0.031ms),203933 (17%),155940 (6%),38 (~0%),657 (9%),0 (~0%),6,1,20,off,flatten,1,1
08min 36sec,7717 (0.031ms),203933 (17%),155940 (6%),38 (~0%),657 (9%),0 (~0%),6,1,30,off,flatten,1,1
60min 00sec,,,,,,,6,1,12,flatten,flatten,1,1
18min 45sec,44429 (0.178ms),791788 (66%),881980 (37%),24 (~0%),6570 (96%),0 (~0%),4,10,12,off,flatten,2,1
09min 27sec,16078 (0.064ms),565950 (47%),688905 (29%),60 (1%),5256 (76%),0 (~0%),3,8,12,off,flatten,2,1
07min 07sec,63338 (0.253ms),369509 (31%),467335 (19%),60 (1%),3311 (48%),0 (~0%),3,5,12,off,flatten,2,1
11min 52sec,35758 (0.143ms),705808 (59%),855130 (36%),38 (~0%),6570 (96%),0 (~0%),3,10,15,off,flatten,2,1
11min 52sec,21162 (0.085ms),705718 (59%),855727 (36%),38 (~0%),6570 (96%),0 (~0%),3,10,12,off,flatten,4,1
14min 16sec,35758 (0.143ms),687349 (58%),817457 (34%),38 (~0%),6570 (96%),0 (~0%),3,10,12,off,flatten,2,2
05min 24sec,367347 (1.57ms),23016 (1%),12468 (~0%),206 (4%),28 (~0%),0 (~0%),6,1,10,off,off,1,1
05min 08sec,369162 (1.578ms),22995 (1%),14689 (~0%),208 (4%),28 (~0%),0 (~0%),3,8,10,off,off,1,1
05min 30sec,321162 (1.372ms),46979 (3%),30029 (1%),100 (2%),56 (~0%),0 (~0%),3,1,20,off,off,1,1
08min 17sec,9520 (0.038ms),183889 (15%),157562 (6%),60 (1%),657 (9%),0 (~0%),3,1,10,off,flatten,1,1
05min 17sec,377629 (1.614ms),23227 (1%),14746 (~0%),208 (4%),28 (~0%),0 (~0%),3,1,10,off,off,4,1
05min 58sec,7507290 (32.082ms),109308 (9%),105132 (4%),208 (4%),132 (1%),0 (~0%),3,1,10,off,off,1,4
05min 13sec,345161 (1.381ms),22314 (1%),16433 (~0%),212 (4%),39 (~0%),0 (~0%),5,1,12,off,off,1,1
05min 22sec,341019 (1.364ms),40473 (3%),19463 (~0%),284 (6%),39 (~0%),0 (~0%),2,2,12,off,off,1,1
05min 34sec,338619 (1.354ms),32592 (2%),16398 (~0%),284 (6%),39 (~0%),0 (~0%),2,4,12,off,off,1,1
05min 31sec,337648 (1.351ms),25626 (2%),15512 (~0%),284 (6%),39 (~0%),0 (~0%),2,8,12,off,off,1,1
05min 53sec,318448 (1.361ms),57902 (4%),34243 (1%),60 (1%),56 (~0%),0 (~0%),2,1,20,off,off,1,1
06min 55sec,284848 (1.217ms),135219 (11%),98948 (4%),60 (1%),93 (1%),0 (~0%),2,1,30,off,off,1,1
13min 48sec,24567 (0.098ms),565556 (47%),664388 (28%),46 (1%),5256 (76%),0 (~0%),12,8,12,off,flatten,1,1
13min 37sec,5320 (0.021ms),565092 (47%),688789 (29%),60 (1%),5256 (76%),0 (~0%),15,8,12,off,flatten,1,1
13min 29sec,24567 (0.098ms),565440 (47%),664381 (28%),46 (1%),5256 (76%),0 (~0%),20,8,12,off,flatten,1,1
13min 55sec,26069 (0.104ms),366290 (30%),377503 (15%),46 (1%),2628 (38%),0 (~0%),1,4,12,off,flatten,1,1
10min 45sec,33032 (0.132ms),365705 (30%),424832 (17%),46 (1%),3285 (48%),0 (~0%),1,5,12,off,flatten,1,1
13min 22sec,24567 (0.098ms),565048 (47%),664301 (28%),46 (1%),5256 (76%),0 (~0%),1,8,10,off,flatten,1,1
13min 22sec,24567 (0.098ms),565048 (47%),664301 (28%),46 (1%),5256 (76%),0 (~0%),1,8,6,off,flatten,1,1
17min 56sec,7000 (0.028ms),704928 (59%),855144 (36%),38 (~0%),6570 (96%),0 (~0%),5,10,12,off,flatten,1,1
19min 56sec,5797 (0.023ms),708236 (59%),818903 (34%),16 (~0%),6570 (96%),0 (~0%),6,10,12,off,flatten,1,1
19min 15sec,5797 (0.023ms),708011 (59%),818904 (34%),16 (~0%),6570 (96%),0 (~0%),10,10,12,off,flatten,1,1
28min 17sec,25107 (0.1ms),1371623 (116%),1622239 (68%),32 (~0%),13140 (192%),0 (~0%),1,20,12,off,flatten,1,1
60min 00sec,,,,,,,1,80,12,off,flatten,1,1
18min 21sec,27747 (0.111ms),701130 (59%),822972 (34%),24 (~0%),6570 (96%),0 (~0%),1,10,10,off,flatten,1,1
37min 57sec,5560 (0.022ms),1394534 (117%),1692787 (71%),46 (1%),13140 (192%),0 (~0%),3,20,12,off,flatten,1,1
29min 48sec,25107 (0.1ms),1371678 (116%),1622167 (68%),32 (~0%),13140 (192%),0 (~0%),4,20,12,off,flatten,1,1
60min 00sec,,,,,,,2,80,12,off,flatten,1,1
39min 53sec,3758 (0.015ms),1411767 (119%),1626530 (68%),32 (~0%),13140 (192%),0 (~0%),2,20,3,off,flatten,1,1
41min 23sec,3758 (0.015ms),1411767 (119%),1626530 (68%),32 (~0%),13140 (192%),0 (~0%),2,20,4,off,flatten,1,1
48min 09sec,28186 (0.113ms),1408161 (119%),1642171 (69%),46 (1%),13140 (192%),0 (~0%),2,20,12,off,flatten,2,1
30min 18sec,208516 (0.834ms),1408162 (119%),1626861 (68%),32 (~0%),13140 (192%),0 (~0%),2,20,12,off,flatten,1,2
13min 24sec,28767 (0.115ms),196922 (16%),159920 (6%),46 (1%),657 (9%),0 (~0%),4,1,3,off,flatten,1,1
12min 25sec,9520 (0.038ms),183889 (15%),157562 (6%),60 (1%),657 (9%),0 (~0%),3,1,3,off,flatten,1,1
14min 34sec,4718 (0.019ms),406432 (34%),381793 (16%),46 (1%),2628 (38%),0 (~0%),2,4,3,off,flatten,1,1
13min 23sec,11082 (0.044ms),405858 (34%),429127 (18%),46 (1%),3285 (48%),0 (~0%),2,5,3,off,flatten,1,1
13min 16sec,7718 (0.031ms),236980 (20%),164297 (6%),46 (1%),657 (9%),0 (~0%),2,1,5,off,flatten,1,1
14min 02sec,7718 (0.031ms),236980 (20%),164297 (6%),46 (1%),657 (9%),0 (~0%),2,1,6,off,flatten,1,1
60min 00sec,,,,,,,2,1,3,flatten,flatten,1,1
13min 24sec,23146 (0.093ms),233418 (19%),179929 (7%),60 (1%),657 (9%),0 (~0%),2,1,3,off,flatten,2,1
15min 29sec,3517 (0.014ms),572155 (48%),660233 (27%),38 (~0%),5256 (76%),0 (~0%),6,8,12,off,flatten,1,1
14min 57sec,3517 (0.014ms),571930 (48%),660234 (27%),38 (~0%),5256 (76%),0 (~0%),10,8,12,off,flatten,1,1
14min 56sec,5320 (0.021ms),565092 (47%),688789 (29%),60 (1%),5256 (76%),0 (~0%),15,8,12,off,flatten,1,1
13min 40sec,26069 (0.104ms),366345 (30%),377433 (15%),46 (1%),2628 (38%),0 (~0%),4,4,12,off,flatten,1,1
11min 50sec,33032 (0.132ms),365760 (30%),424760 (17%),46 (1%),3285 (48%),0 (~0%),4,5,12,off,flatten,1,1
13min 39sec,24567 (0.098ms),565103 (47%),664229 (28%),46 (1%),5256 (76%),0 (~0%),4,8,10,off,flatten,1,1
17min 12sec,11082 (0.044ms),405858 (34%),429127 (18%),46 (1%),3285 (48%),0 (~0%),2,5,12,off,flatten,1,1
30min 09sec,11080 (0.044ms),357531 (30%),437350 (18%),60 (1%),3285 (48%),0 (~0%),3,5,12,off,flatten,1,1
30min 14sec,11080 (0.044ms),357294 (30%),437372 (18%),60 (1%),3285 (48%),0 (~0%),5,5,12,off,flatten,1,1
14min 35sec,11082 (0.044ms),372590 (31%),420766 (17%),38 (~0%),3285 (48%),0 (~0%),10,5,12,off,flatten,1,1
18min 11sec,7718 (0.031ms),298038 (25%),240072 (10%),46 (1%),1314 (19%),0 (~0%),2,2,12,off,flatten,1,1
59min 10sec,51350 (0.205ms),854337 (72%),1207763 (51%),46 (1%),4062 (59%),0 (~0%),2,12,12,off,flatten,1,1
60min 00sec,,,,,,,2,6,12,off,flatten,1,1
16min 46sec,11082 (0.044ms),405858 (34%),429127 (18%),46 (1%),3285 (48%),0 (~0%),2,5,5,off,flatten,1,1
16min 19sec,11082 (0.044ms),405858 (34%),429127 (18%),46 (1%),3285 (48%),0 (~0%),2,5,10,off,flatten,1,1
16min 56sec,26069 (0.104ms),366798 (31%),377590 (15%),46 (1%),2628 (38%),0 (~0%),12,4,12,off,flatten,1,1
15min 27sec,6521 (0.026ms),358794 (30%),386400 (16%),60 (1%),2628 (38%),0 (~0%),15,4,12,off,flatten,1,1
33min 07sec,3217 (0.013ms),1123902 (95%),1299291 (54%),38 (~0%),10512 (153%),0 (~0%),10,16,12,off,flatten,1,1
18min 52sec,4718 (0.019ms),373166 (31%),373438 (15%),38 (~0%),2628 (38%),0 (~0%),10,4,20,off,flatten,1,1
17min 55sec,9432 (0.038ms),373653 (31%),373589 (15%),38 (~0%),2628 (38%),0 (~0%),10,4,12,off,flatten,2,1
18min 06sec,668476 (2.674ms),361271 (30%),370764 (15%),38 (~0%),2628 (38%),0 (~0%),10,4,12,off,flatten,1,2
