cycles,lut utilization,FF utilization,BRAM utilization,DSP utilization,URAM utilization,__PARA__L2,__PARA__L4,__PARA__L5,__PARA__L6,__PARA__L7,__PARA__L9,__PIPE__L0,__PIPE__L1,__PIPE__L2,__PIPE__L3,__PIPE__L4,__PIPE__L5,__PIPE__L6,__TILE__L0,__TILE__L1,__TILE__L2,__TILE__L3,__TILE__L4,__TILE__L5,__TILE__L6,step
768484 (3.074ms),21742 (1%),13078 (~0%),720 (16%),28 (~0%),0 (~0%),1.0,1,1.0,1.0,1.0,1.0,off,off,off,off,off,off,off,1.0,1.0,1.0,1.0,1.0,1.0,1.0,0
768489 (3.074ms),22650 (1%),13968 (~0%),720 (16%),28 (~0%),0 (~0%),,20,,,,,,,,,,,,,,,,,,,1
,,,,,,,80,,,,,,,,,,,,,,,,,,,2
,,,,,,,80,,,,,,,,,,,,,,,,,,,3
768489 (3.074ms),22183 (1%),13289 (~0%),720 (16%),28 (~0%),0 (~0%),,16,,,,,,,,,,,,,,,,,,,4
,,,,,,,80,,,,,,,,,,,,,,,,,,,5
,,,,,,,80,,,,,,,,,,,,,,,,,,,6
,,,,,,,80,,,,,,,,,,,,,,,,,,,7
,,,,,,,80,,,,,,,,,,,,,,,,,,,8
